code,batch_number,status
2VXT4TN5RB,batch-1,active
HE3GGPA5KH,batch-1,active
TFTA68JKBA,batch-1,active
BNX4EB3ET8,batch-1,active
KXBT7XNWXK,batch-1,active
64W7MC8JJV,batch-1,active
FQC8DMLN23,batch-1,active
NG9J7BBHA9,batch-1,active
DG6MGK4NY2,batch-1,active
S3TBWFN6RZ,batch-1,active
26UZHZXBQZ,batch-1,active
QTP5FEF6BH,batch-1,active
X4G22FL9K4,batch-1,active
JPNLT77N3P,batch-1,active
7MNQGND8F3,batch-1,active
YYBSYFELLH,batch-1,active
KXCFXHCNTB,batch-1,active
356G94XMFT,batch-1,active
JV2YTCBGRZ,batch-1,active
XA9S7J48WF,batch-1,active
RVGZ5BE49W,batch-1,active
C6WZ2R5EV5,batch-1,active
BX7QABJWDX,batch-1,active
XQ7CTABJQN,batch-1,active
Y8KT2XY3V8,batch-1,active
2WAP59E57F,batch-1,active
5Y7LYMGYTF,batch-1,active
VRS3BBL3ZR,batch-1,active
MV9Q7EYMT3,batch-1,active
6NC87YGG6W,batch-1,active
VPCFAA86GM,batch-1,active
7XUKGTV89X,batch-1,active
AMEM6NSEAR,batch-1,active
4NJ9V3MGX5,batch-1,active
D4S6KRWSCZ,batch-1,active
7UVQBJX86B,batch-1,active
LKEMWC95QX,batch-1,active
BYR998JAG9,batch-1,active
9J2THNC59Q,batch-1,active
2SV2ATZ5BR,batch-1,active
LB25PFYJQV,batch-1,active
3DPE59WQBA,batch-1,active
DWBNL5BP7D,batch-1,active
4TLEHK24RP,batch-1,active
X26K49P52X,batch-1,active
CMX9R3YVMG,batch-1,active
2MJL2FX8CW,batch-1,active
D57YA99PXU,batch-1,active
L6B3C9H6AP,batch-1,active
LXH5XRHVQM,batch-1,active
T59FZDX36N,batch-1,active
5LJ7CEFPZZ,batch-1,active
QVEP7DENWX,batch-1,active
QELMU7G9Z8,batch-1,active
L5D7QDET2L,batch-1,active
66R66C8F6H,batch-1,active
3AKACNGAC7,batch-1,active
4REDJ9M8NV,batch-1,active
6TQPWRATRX,batch-1,active
EZU9TD2V6L,batch-1,active
A4MFDMYAHS,batch-1,active
2JVRQJXM3U,batch-1,active
M8GQB5BLC4,batch-1,active
LTEF72UPDB,batch-1,active
YAMWBAE2R2,batch-1,active
GYNY4VW2M9,batch-1,active
8ZZ4RDKECA,batch-1,active
8MPQYZPRRM,batch-1,active
EP3S5SMM8F,batch-1,active
TLX4RPVZZ5,batch-1,active
BVBAQ9FJXD,batch-1,active
FZ9TXKESZW,batch-1,active
6SESFHKDDJ,batch-1,active
XAUW4PSNB4,batch-1,active
HPW56YRGY3,batch-1,active
RQXBHBSWUN,batch-1,active
LPQHPBETTL,batch-1,active
2ERSS6GMND,batch-1,active
GGJZV9AXHE,batch-1,active
7E8BBB3H27,batch-1,active
WZWSA4MTU8,batch-1,active
M8JSKATWC4,batch-1,active
6ELJYUSQK3,batch-1,active
YV48TBSLEW,batch-1,active
9CQD33H68V,batch-1,active
R77ZRMXLSG,batch-1,active
AV3Y6RRYRT,batch-1,active
K4AB4BA5RF,batch-1,active
6V3J5KLL9Z,batch-1,active
6AERWGLFUC,batch-1,active
XMTKNTWNCY,batch-1,active
CMGS9HRHX4,batch-1,active
EZR85X84VL,batch-1,active
MGKTTKMKWY,batch-1,active
F89XBCXVEE,batch-1,active
NJXHDWQ63R,batch-1,active
72DH4ZP7DW,batch-1,active
8J8D6MRVKV,batch-1,active
TG4BT8BB2L,batch-1,active
Z4K9KYHM76,batch-1,active
KGQLX7QEVK,batch-1,active
4QNZX7XMUX,batch-1,active
85RJPTFUA8,batch-1,active
8EYCD3X379,batch-1,active
2LUF52G7WC,batch-1,active
L4DWYPK3G2,batch-1,active
QM3WV6PASZ,batch-1,active
BSCXMY45SN,batch-1,active
LVMVH9F26B,batch-1,active
DZKBUJR26X,batch-1,active
688S799EYJ,batch-1,active
K4DT249K4T,batch-1,active
52EFRKMGD3,batch-1,active
YH7ESUDJ6R,batch-1,active
25HYJZ2A2C,batch-1,active
QFGYQADCBV,batch-1,active
QEBGUAU2BC,batch-1,active
XC7WRGDTTC,batch-1,active
2H2E7MJGDK,batch-1,active
7K4HAPV7AE,batch-1,active
46TKG4BJNX,batch-1,active
6MJBEX5XEQ,batch-1,active
LUEUA7EG7S,batch-1,active
ZG9LMLJXSF,batch-1,active
7NYEJSFFT6,batch-1,active
5VNJYY62W3,batch-1,active
SJEJYS9Z8R,batch-1,active
LM6E8UYTC4,batch-1,active
CP6VMYFJHU,batch-1,active
GF863RKUE6,batch-1,active
VFXJUT4R5E,batch-1,active
JSGED26SC7,batch-1,active
JH59G4SJGK,batch-1,active
LNXXPZ64TP,batch-1,active
58R2ZGX6XC,batch-1,active
4FLKTPLSUC,batch-1,active
EM2TSBNP5Z,batch-1,active
5R28BVPHNU,batch-1,active
DHMN97ZXW3,batch-1,active
45D4FSGCM8,batch-1,active
QDHYEC8GJN,batch-1,active
CNYXVVWKGV,batch-1,active
X9HEQQEDXQ,batch-1,active
S9BR5P754Y,batch-1,active
G55RZFZRE9,batch-1,active
S9BMGUZBU6,batch-1,active
VUNCH9FQTV,batch-1,active
KNRGUU64VS,batch-1,active
YWPELMQM4D,batch-1,active
2CYQUA4F9Y,batch-1,active
F9ZFSYBBTH,batch-1,active
DF7MQDCDJ7,batch-1,active
66BQU7YS9H,batch-1,active
VE5UB2B5NH,batch-1,active
J4XWUCFFD5,batch-1,active
3HH2L3FEVA,batch-1,active
VUEXZ9T3ZX,batch-1,active
JR63W84QRE,batch-1,active
3XE6YVALGY,batch-1,active
LEMZKFSFYA,batch-1,active
U33AQJ9UE2,batch-1,active
KC46N3UE62,batch-1,active
KANVXKWK34,batch-1,active
H4CQKLTJHJ,batch-1,active
CJVU92HUBW,batch-1,active
HYV6ERCHWJ,batch-1,active
ANVH8LVQT2,batch-1,active
RRTF653LSB,batch-1,active
4H4BBB3XKH,batch-1,active
WQUHJ6VNBV,batch-1,active
E8QRTX9EB5,batch-1,active
ZGS9S3L4R7,batch-1,active
L7CG2UUCCZ,batch-1,active
62EE7Q99NR,batch-1,active
3HEZUPH7VM,batch-1,active
T2PVYR56JZ,batch-1,active
T3SUJZYZUS,batch-1,active
K7L6XEPHPB,batch-1,active
3QTFGCJYS4,batch-1,active
8Y8MPFH645,batch-1,active
CVVYKS499J,batch-1,active
KJENCML9RE,batch-1,active
RGBBPQ7WXX,batch-1,active
QUDKNF5EZN,batch-1,active
U5XFEVK9FS,batch-1,active
EUD4XPNYTB,batch-1,active
UC8EL99X69,batch-1,active
J97CSW6AXN,batch-1,active
7E293RZVXW,batch-1,active
JFQW34JYNV,batch-1,active
U75MDPVBH2,batch-1,active
N4GEE9JLBC,batch-1,active
KFG39N8P6P,batch-1,active
329BZDHE6B,batch-1,active
GK3L6F8JPU,batch-1,active
HDNVVBGWZY,batch-1,active
LUC3446TQ2,batch-1,active
9YWURZKSTW,batch-1,active
3L8ERLEWQW,batch-1,active
99TBB95LPF,batch-1,active
QCAKC98LVE,batch-1,active
Y8D3D33T5C,batch-1,active
CRA6CU3UEH,batch-1,active
LPBN3K4HCR,batch-1,active
73QDR8BTPK,batch-1,active
8HZS4SQR66,batch-1,active
33RJLTXJDK,batch-1,active
S3FGLMQMPS,batch-1,active
D56QZWVAXR,batch-1,active
QRUGN6S45J,batch-1,active
8BXLYDE6TN,batch-1,active
E6QMHVAAP8,batch-1,active
G3HXRZ5G49,batch-1,active
HTBT8JPQZP,batch-1,active
3BRX2CZJYX,batch-1,active
8W74ZGCTFF,batch-1,active
U4M8B3LCJT,batch-1,active
5HKT3GBHKN,batch-1,active
BPAXMCSRCJ,batch-1,active
WL4HZSRWX7,batch-1,active
Y3FCEZVGLP,batch-1,active
EH7GQ9LF5V,batch-1,active
RRAR5M8PG5,batch-1,active
7QY5ALZXKL,batch-1,active
AEETEPT4QD,batch-1,active
SF33XRNG6H,batch-1,active
BR7LP9CYAH,batch-1,active
PP66ZXLQNS,batch-1,active
8RVWC8K6AB,batch-1,active
NW2TW5ZL6J,batch-1,active
SQQQLGDGE4,batch-1,active
3TY6A3MQXH,batch-1,active
RVP94UQX79,batch-1,active
TR83CLEA8N,batch-1,active
SS7YMFF2Z2,batch-1,active
MRLLSGKTSG,batch-1,active
8PDW57LQ5B,batch-1,active
4TNBFCXHT8,batch-1,active
ESUKTYMHYE,batch-1,active
SH4CVHUA4B,batch-1,active
PZ33S9WFZB,batch-1,active
E6LD7Q95A7,batch-1,active
LRMBZ7JPQJ,batch-1,active
B32K6NCW2S,batch-1,active
EZT3PX5ESG,batch-1,active
6U8ML44TQK,batch-1,active
LNYFWM2STG,batch-1,active
W7XY6TWZUQ,batch-1,active
WDWJW5GHNN,batch-1,active
4V7YAW9XAJ,batch-1,active
CBZ5HM2NDB,batch-1,active
DLVPRGBC7P,batch-1,active
SYHZMLFZDE,batch-1,active
MA6JA6B3GJ,batch-1,active
CHD78GAYNM,batch-1,active
TVCWMCW5JM,batch-1,active
EYPK6ND6J6,batch-1,active
T4URQXQV65,batch-1,active
2GXGK5VKHL,batch-1,active
6QBTFLQ3DE,batch-1,active
K2WB7FNXD9,batch-1,active
FLBSLYPGES,batch-1,active
SHAD7687ED,batch-1,active
E5XHJ835FN,batch-1,active
TQKD6KYZ97,batch-1,active
H52UU9E8N4,batch-1,active
NZDPRQSCPL,batch-1,active
JVDFE6KAYV,batch-1,active
8QLLX8SG44,batch-1,active
BXBNAKCG9Z,batch-1,active
4B4QAWBTSY,batch-1,active
AW7K7RE44R,batch-1,active
PL2PGTY436,batch-1,active
Q4RY34PHFJ,batch-1,active
BKPMP9TLVW,batch-1,active
T4FYXEQPM5,batch-1,active
QWTY9ZET67,batch-1,active
UE5UJ8X8SL,batch-1,active
ZDJJ8S7TK9,batch-1,active
F2Q83FUKY4,batch-1,active
MWSYM5T4RV,batch-1,active
RCV9E9DWHU,batch-1,active
YTSDQS3ENG,batch-1,active
ZFXB7USGBC,batch-1,active
MBTRM2TTNS,batch-1,active
FJUZGK72WG,batch-1,active
MN5VCTSR83,batch-1,active
A45AV8URFZ,batch-1,active
V4FHNG5VB9,batch-1,active
NT7JJYTBF5,batch-1,active
LNSBTR22RL,batch-1,active
SDTX7TFHMV,batch-1,active
76SDFXPW4N,batch-1,active
3B459K7GJA,batch-1,active
SZ6ZKCRHP9,batch-1,active
77DL2Q8HNK,batch-1,active
C3LNC7RGC9,batch-1,active
Y5CGBFYRDF,batch-1,active
JMT4FQFP2J,batch-1,active
LUC76KAMVN,batch-1,active
EHXH97HTLB,batch-1,active
HG48C95J8E,batch-1,active
YS2XHCH9UE,batch-1,active
ET3W4CRKPM,batch-1,active
J2KKYVSVGS,batch-1,active
GSU3ZTLPNQ,batch-1,active
LUWQ6W7GLU,batch-1,active
ALNC7MUWN9,batch-1,active
P2YNDVKXXX,batch-1,active
ZQ4HTZVUT6,batch-1,active
NXYG749ZNH,batch-1,active
YWJDARCKWD,batch-1,active
QRETX53S2Q,batch-1,active
Y8XAW9CDWF,batch-1,active
PNKC7635FY,batch-1,active
F3VLC2TG6U,batch-1,active
Y9Q5F69WVP,batch-1,active
WAMVX6F4AT,batch-1,active
KAFU5N9W8C,batch-1,active
9SJXQEZFY2,batch-1,active
CRE5ZMZJ3Z,batch-1,active
VLC4YTSDP6,batch-1,active
473MMZYZYH,batch-1,active
DMSSBRB2H5,batch-1,active
R3HZX5JCDH,batch-1,active
QPNG7ZZJEA,batch-1,active
SPRZ9USYTR,batch-1,active
W4TXFZA3R6,batch-1,active
VTBV6E5FSR,batch-1,active
UNAYW9YSBZ,batch-1,active
3VFMMZ9WZE,batch-1,active
2HAT2N5EGG,batch-1,active
GAG4U58PYB,batch-1,active
48CX3J2XQX,batch-1,active
FV3XPTUS9Y,batch-1,active
4N58J7VNPG,batch-1,active
Z3TETCXW2G,batch-1,active
AQMA3AZC4M,batch-1,active
6A6CY39PEA,batch-1,active
ARPUJ6D44A,batch-1,active
SS6Q6RVCR4,batch-1,active
CNNSCVRCMN,batch-1,active
QGM3RVXFN3,batch-1,active
XBMD7HCLCD,batch-1,active
ZTA99MSAYT,batch-1,active
35LWW3ZVCD,batch-1,active
73UTNM7A3R,batch-1,active
39E4DX7PRD,batch-1,active
HB94J9GQMJ,batch-1,active
8BGQFEVN5G,batch-1,active
B4UHZNBJ77,batch-1,active
TBYTQZKCK4,batch-1,active
79J944DZ8P,batch-1,active
BZHWFZQT6U,batch-1,active
7WXE2JUPLR,batch-1,active
6HZW9D28BE,batch-1,active
QTTZ9LU9D8,batch-1,active
CNAQNPA7JM,batch-1,active
RLHQJRQ997,batch-1,active
D6B9L26JKP,batch-1,active
QHWC6K7FZ9,batch-1,active
B4B8B4FBNU,batch-1,active
3UZFR9RXD4,batch-1,active
DU8HMACAAU,batch-1,active
Z5QE82GCVR,batch-1,active
S5C9QBBEK3,batch-1,active
TBLHXCKN62,batch-1,active
GHVJUALS9H,batch-1,active
ZT2U7JLYX4,batch-1,active
5P2UUSZHZ6,batch-1,active
3PUXM7EL72,batch-1,active
5E9MX5GX47,batch-1,active
VVL4C3L9YR,batch-1,active
QLZJW39SGM,batch-1,active
UHSTFGR8YT,batch-1,active
JWW8XGA483,batch-1,active
LDZ4D6QSBZ,batch-1,active
ERBZMCHXCM,batch-1,active
R9EALL3A8E,batch-1,active
4W4FVAP247,batch-1,active
QJVQJ7ADMT,batch-1,active
UY5AMJ5ENY,batch-1,active
H5E54LLX3L,batch-1,active
ULBGK259RL,batch-1,active
LEEERH2YGL,batch-1,active
X7EHBGWXZD,batch-1,active
3HRCKV7A3K,batch-1,active
VTNAARS42V,batch-1,active
8KFM9838NE,batch-1,active
UL3CNA6G99,batch-1,active
82CPUFVNXG,batch-1,active
Z6SGQDR8FM,batch-1,active
WMTNKQ2FYJ,batch-1,active
QLHPVS84J8,batch-1,active
LFMGCZUCLK,batch-1,active
PCVGPLZK64,batch-1,active
WK6AKDTZ8A,batch-1,active
U6BFNG7T8B,batch-1,active
N42NHU5HDL,batch-1,active
GSB29DRTG4,batch-1,active
BHB8SD54US,batch-1,active
7VS9PLDR9T,batch-1,active
TKMZSNXMK4,batch-1,active
K5Y5S72HJC,batch-1,active
8DHNNTULN4,batch-1,active
86Q6R4XDMR,batch-1,active
WWR58FHEZA,batch-1,active
AHBLFZQSQZ,batch-1,active
2FPMEANKW4,batch-1,active
R5Z4JS573P,batch-1,active
S23PABRC99,batch-1,active
ZBTHBFJRXZ,batch-1,active
LDL6NPK26A,batch-1,active
9PUWXBF8SY,batch-1,active
39DXUXQDPQ,batch-1,active
ZG4ZZVXBPQ,batch-1,active
YBN45CGJM7,batch-1,active
3LXQY8X752,batch-1,active
V65R39BYC2,batch-1,active
ZUHYAPKQJD,batch-1,active
UGMHNJDW9Q,batch-1,active
T9Y2FU7TRE,batch-1,active
7N5NA4P5PX,batch-1,active
HMNLEY5MJW,batch-1,active
2V45JBVCUV,batch-1,active
Z4FKNKTHU6,batch-1,active
JYKMJNHFD9,batch-1,active
DSXLZXT3BU,batch-1,active
TR8575EFVG,batch-1,active
NCAC3VQWXW,batch-1,active
WVGRGUE5ZQ,batch-1,active
WTVGSRDZZZ,batch-1,active
EKRXXT9GKF,batch-1,active
6F5EGBPKZD,batch-1,active
34X2NQRZBU,batch-1,active
2JVW4JA4ZH,batch-1,active
R5JXBE5XKP,batch-1,active
VSD86CA549,batch-1,active
L3UPMWWR49,batch-1,active
PV6GU79V7G,batch-1,active
3TTY9UE2PM,batch-1,active
C9QXXR6C27,batch-1,active
S5W3DBETBF,batch-1,active
P5EF3G4KLN,batch-1,active
MYD3UEFUM7,batch-1,active
2LW7FWXMQG,batch-1,active
4DG9HN2ZBW,batch-1,active
DWXNHPZDTE,batch-1,active
HTE9XCT9JK,batch-1,active
ABBXXBP47X,batch-1,active
MXGK4CJHEL,batch-1,active
ER2P9L9K9D,batch-1,active
QAVMTRBN5A,batch-1,active
37MVE24WYF,batch-1,active
AZ8K65WEYQ,batch-1,active
PER8GYW4AC,batch-1,active
SCNNG3M2W2,batch-1,active
9EW85JLL48,batch-1,active
GX7DZBRCZH,batch-1,active
6S9TWSK775,batch-1,active
P25R5MDG26,batch-1,active
F6EARNT9G4,batch-1,active
LUVFHLHKRN,batch-1,active
D96BQDK6DE,batch-1,active
6PZS5TPMC8,batch-1,active
NVX3GLYZUG,batch-1,active
EKJWLKQK54,batch-1,active
BTXQRES4H4,batch-1,active
78EZVRRHT2,batch-1,active
W2ZZ8LRZFA,batch-1,active
ABTP8AB9RV,batch-1,active
S7FY6UMV5W,batch-1,active
72XJ5VL3UG,batch-1,active
Z46AGZBXVZ,batch-1,active
LYDJFJXUGB,batch-1,active
HM4P7NGZUV,batch-1,active
7W426K5G72,batch-1,active
89KFTXYYW8,batch-1,active
V3ZFFGHVFA,batch-1,active
DTHY9VB3PJ,batch-1,active
4CPPBU34T5,batch-1,active
TXLCGVTMVA,batch-1,active
DSCG9267RN,batch-1,active
UCP934PNXW,batch-1,active
ABJUJMEJ22,batch-1,active
43QDE5DCQB,batch-1,active
USMVM3H5K8,batch-1,active
MW9WC8M3P7,batch-1,active
SQ3KYQRVYZ,batch-1,active
KQV7PJFWUP,batch-1,active
2SZCUJBDB2,batch-1,active
C7W6483CAC,batch-1,active
HK89QYSA78,batch-1,active
E98CF8VHBV,batch-1,active
8HL748YTAC,batch-1,active
E85LC4FW23,batch-1,active
VMENJX6632,batch-1,active
ENR8EWFD4K,batch-1,active
PY4L2K3XYY,batch-1,active
HWVZ4JLB6Z,batch-1,active
VNFZLF7RET,batch-1,active
F2Z4WVVKDY,batch-1,active
8L6NYUBSN7,batch-1,active
CRMP9PUHW9,batch-1,active
A3ACE5VT9K,batch-1,active
DRDSM3574D,batch-1,active
BSEXSAMUEA,batch-1,active
D4BJSFCUDV,batch-1,active
CY4MD6M2SK,batch-1,active
K385BM2UL4,batch-1,active
C9RXRA3NE9,batch-1,active
DZ3DUT8R8T,batch-1,active
5BF4U84EMZ,batch-1,active
WTBR5TWG4U,batch-1,active
DHWJ4UKGND,batch-1,active
MAB536RAH4,batch-1,active
H39BZZFUVK,batch-1,active
22294U3QMK,batch-1,active
EZ537SS9U7,batch-1,active
AUMHAUHMD6,batch-1,active
L47B3G8N89,batch-1,active
3KHZ6SDGAX,batch-1,active
9BG37ET993,batch-1,active
GWCKX9ZTVB,batch-1,active
YSPY5MS44E,batch-1,active
MLKMWHSM38,batch-1,active
3P3M6X5BDN,batch-1,active
25H5MD4SMW,batch-1,active
SS5XSKXYBW,batch-1,active
KP3SW25FNF,batch-1,active
3VATE2CVNX,batch-1,active
KKSUKMEV2M,batch-1,active
559CV77MFX,batch-1,active
5GRNWF4MB5,batch-1,active
AW3AR8M6P8,batch-1,active
74DXDPGC27,batch-1,active
M5VWGGSESF,batch-1,active
3PVG3ERRVK,batch-1,active
GA7892DF6Y,batch-1,active
FTNXG68W8V,batch-1,active
V5X6UZL9TD,batch-1,active
36NCQJRT26,batch-1,active
NSU4NGKQLV,batch-1,active
DNFCR49QHG,batch-1,active
JGFAQSN8HE,batch-1,active
5NWCFQWS6X,batch-1,active
F3M7PDYS4L,batch-1,active
LHX8WQMCAZ,batch-1,active
VAYZ3PWULL,batch-1,active
AGSAD5WWCX,batch-1,active
UTT89PGZ7X,batch-1,active
X768CQM4PM,batch-1,active
YFPQTC5QMG,batch-1,active
648QQY4H8A,batch-1,active
DMBMVZ6EZG,batch-1,active
L2VVP9VC9L,batch-1,active
ABUB2VM8YZ,batch-1,active
NEVZTCCUNL,batch-1,active
D2QRM3H77M,batch-1,active
MBP3XJDK6W,batch-1,active
ZYL3ZERYFG,batch-1,active
H8KUGQ7SK8,batch-1,active
GFJUNALWUT,batch-1,active
89LZ4Y2BMH,batch-1,active
ZLJXHSR7WV,batch-1,active
CLCGSAQ8YV,batch-1,active
KDBNSRZQ4M,batch-1,active
G5QZHSBU4Q,batch-1,active
5P79Z26FHC,batch-1,active
P9MSETW7Q2,batch-1,active
6WEE3PWT8U,batch-1,active
WM6ZP3FBUM,batch-1,active
GM3YYHKPEK,batch-1,active
7YQ7QGXA9G,batch-1,active
ET49G6EESF,batch-1,active
ZU944AQ98C,batch-1,active
WV9Y3SCELN,batch-1,active
G2WYDQJRDM,batch-1,active
B5ALLFSEKY,batch-1,active
4NH75XMYH9,batch-1,active
GF5LD3EJCA,batch-1,active
4NLEK8MEU2,batch-1,active
LNCTCSBL63,batch-1,active
X6Q69S3E6S,batch-1,active
YVYRNQTB2F,batch-1,active
Q92FH45WQ7,batch-1,active
UBUGWBKM83,batch-1,active
W5RV6V68YS,batch-1,active
RTU33WCT58,batch-1,active
MUAYS3ASQY,batch-1,active
C4X8DUHMCQ,batch-1,active
NTKZ79XUQX,batch-1,active
49KR5E6U45,batch-1,active
6EDTJ5ZKBB,batch-1,active
84UHWZDWRJ,batch-1,active
V6UD5K4ZQC,batch-1,active
XZ5PCT3JEL,batch-1,active
7UFJGXNG7Z,batch-1,active
RU4G2MD6HN,batch-1,active
S3EAJAL9HU,batch-1,active
RQY2VYFHN6,batch-1,active
AMRZZX5K8S,batch-1,active
WCXXMW7JVG,batch-1,active
C43UH3F3RR,batch-1,active
CFB6NC499R,batch-1,active
SNRZUJ9YCB,batch-1,active
A4Q8B6G4UH,batch-1,active
ZB5AP9Q7AR,batch-1,active
YANDFW5HJF,batch-1,active
TCTU5K6RCP,batch-1,active
95LU6LKELW,batch-1,active
XM7N3KK84R,batch-1,active
JJ7F8E34D7,batch-1,active
RC6QUSB38Y,batch-1,active
MYG7WUCVS3,batch-1,active
SA9EY7UCJQ,batch-1,active
TJ78G38NAG,batch-1,active
4BNP4WFJQQ,batch-1,active
7VQX5V8GW6,batch-1,active
YSMDWSDKNX,batch-1,active
L3GTSSBM5L,batch-1,active
ASCLEJSLDH,batch-1,active
M5TRDA2GK8,batch-1,active
HASPXNV9QF,batch-1,active
RW5WDQVBTN,batch-1,active
ZF9HDF2Q6G,batch-1,active
8KT72HG9DE,batch-1,active
3LKBABGZ3P,batch-1,active
DBV4ZSPYT7,batch-1,active
HMYQSST2KM,batch-1,active
Q2K4KY9UQY,batch-1,active
YU9YLV4AZ6,batch-1,active
VW52V5UK2R,batch-1,active
GYTP2NCHEY,batch-1,active
RFCYHSBDQP,batch-1,active
FC8ENHYPZM,batch-1,active
48DHQ767TZ,batch-1,active
93QHRN62ZU,batch-1,active
GBXG6NL9DR,batch-1,active
4DTD2EUGWN,batch-1,active
QKNSEXJ4T2,batch-1,active
H9PB946C8F,batch-1,active
73T7USDK3T,batch-1,active
P4XT5F62XX,batch-1,active
CJPGTCCJYM,batch-1,active
CK9NBQ298T,batch-1,active
RSVTBJG98C,batch-1,active
DGYTZQD8PU,batch-1,active
YJJPGEX8VB,batch-1,active
79F7997GA4,batch-1,active
DL9WLHXYPD,batch-1,active
55NKUNPK7S,batch-1,active
39D6ZSU2FG,batch-1,active
AR97P6LRNZ,batch-1,active
LWHE45HH9E,batch-1,active
V8Z4Z2DC6T,batch-1,active
WNE9KGKYHA,batch-1,active
BPHNP8QRFC,batch-1,active
A2JDX582JB,batch-1,active
MBZ2V8MLLY,batch-1,active
E89V3WBKLV,batch-1,active
7AGXZ69U7S,batch-1,active
2Z3232BRJK,batch-1,active
QWN2YMK83H,batch-1,active
D7XV9HBV57,batch-1,active
AFF23P9TLL,batch-1,active
UUDMX4C7LZ,batch-1,active
S34ZJX4PKU,batch-1,active
BC4N34K22C,batch-1,active
9T6LLJ9CW8,batch-1,active
3KFRN6UK2A,batch-1,active
JWKNSWD33R,batch-1,active
XDFAKPRQCL,batch-1,active
97Z4A5RBVE,batch-1,active
7WARKTWL6A,batch-1,active
5RCV98VPYW,batch-1,active
G7NELS6KCN,batch-1,active
L3TUCAFRMB,batch-1,active
LTLRRJ2448,batch-1,active
RUPAQU7CHN,batch-1,active
U6BGCMFE9Y,batch-1,active
NY2LEJK9QC,batch-1,active
3NXUV72MJ9,batch-1,active
YV7KCJU67N,batch-1,active
K3D3FW9QH3,batch-1,active
AQJ33TSNEP,batch-1,active
L7428DWXSD,batch-1,active
BH38S6RRAT,batch-1,active
YL4HF9CXQB,batch-1,active
NWKM5MAQ5R,batch-1,active
UN2BRMRKYG,batch-1,active
6TZAJUJBLU,batch-1,active
DRCHYGNMB3,batch-1,active
F6GLBCZTC6,batch-1,active
EQ6ES2BMNB,batch-1,active
JXB4LK6GNB,batch-1,active
WK8XFKZZPE,batch-1,active
HV4YR2FQRX,batch-1,active
KBUBRMS767,batch-1,active
K7GY3KAMBD,batch-1,active
4WWADG9NS8,batch-1,active
EEUDKZV9AQ,batch-1,active
S3JUZSP2JR,batch-1,active
53M6DKPA3E,batch-1,active
R4C6H8TU4J,batch-1,active
2D47BAZYCD,batch-1,active
P8AZXBHLQW,batch-1,active
FGC39P4ZNA,batch-1,active
6GWPJQALSC,batch-1,active
8FL8BGGEEZ,batch-1,active
NKJR587ECJ,batch-1,active
7AR8SA72J8,batch-1,active
84LN9W3PEH,batch-1,active
CCLKMNVV67,batch-1,active
67CR3ZS3W7,batch-1,active
3KJ5NUEREN,batch-1,active
FDDP5VGABM,batch-1,active
RYLLV7LHHA,batch-1,active
EQB43DHHRV,batch-1,active
HTTUV97JV7,batch-1,active
75TB3DARHX,batch-1,active
NTLYHXP2SP,batch-1,active
BKR4MSXZRQ,batch-1,active
638W7JUQU6,batch-1,active
U7ZYNJBSRT,batch-1,active
FK8Q5C5SN7,batch-1,active
QSWSZHP8A5,batch-1,active
YUWTBJLHX5,batch-1,active
X6X5WLPUJC,batch-1,active
3GG3PJH3FV,batch-1,active
RG78JJLW8D,batch-1,active
W4SXSKWRE8,batch-1,active
2UMPF36BXG,batch-1,active
94TALM6EJG,batch-1,active
NWF5KEWNAF,batch-1,active
4USHPLMU9X,batch-1,active
C3J7EKS2SV,batch-1,active
YKWQQSYU2C,batch-1,active
NE2FRKD75R,batch-1,active
AAG5JFLX5Y,batch-1,active
2D8245L7BM,batch-1,active
QJJPEBLLPW,batch-1,active
M6JWAAF55J,batch-1,active
8K6JRX4ZM7,batch-1,active
7PTC56X853,batch-1,active
6WRECTUVPE,batch-1,active
PZP6BCD2AD,batch-1,active
JGCY38YFR4,batch-1,active
H6J6NWP9VK,batch-1,active
KRVWST7TAU,batch-1,active
QFFU86Z484,batch-1,active
ADPGGCWM4H,batch-1,active
X6398UXKR3,batch-1,active
KES5HUD9EN,batch-1,active
CGRB3WR5SH,batch-1,active
UY4ZRFL528,batch-1,active
BWEZEEQSLD,batch-1,active
4SNVSDB592,batch-1,active
NZDLH5Z3DW,batch-1,active
UN6RDSG378,batch-1,active
BAWT6QQCX2,batch-1,active
VJ7BBRFQXF,batch-1,active
AAUQQ5P34S,batch-1,active
H2JHG7ZN4P,batch-1,active
HZSCJSWG5B,batch-1,active
HPHVSYS48M,batch-1,active
MNJ22HKR52,batch-1,active
W3F833AAFE,batch-1,active
MMEMG7SZLD,batch-1,active
74F7SS8BNP,batch-1,active
WKC6GKTL8M,batch-1,active
A8DTA5NL3X,batch-1,active
NPZMN73JNN,batch-1,active
5AFUEBUJLU,batch-1,active
QCZVQQY7MB,batch-1,active
NXHD2H2JLW,batch-1,active
HH9AAC6K8V,batch-1,active
P3EBNX26EG,batch-1,active
DJZ4UAPLMS,batch-1,active
2EBBHYLUL3,batch-1,active
R3UUL546Y8,batch-1,active
ULH5G995JU,batch-1,active
7X5Y34SYNP,batch-1,active
6XN5SEY2V2,batch-1,active
ZG336R3MAL,batch-1,active
6RHVCYVW6Q,batch-1,active
V9QGFJLX8Y,batch-1,active
83F7YVQZGK,batch-1,active
EWCKEM3EF6,batch-1,active
UGUDWSPEBS,batch-1,active
9H4U2QQMPV,batch-1,active
ZGBN4SNFAE,batch-1,active
K9589Y9JP5,batch-1,active
2TWAUQNZ52,batch-1,active
VU3JAWNPVW,batch-1,active
KQNDV46YSC,batch-1,active
2M46UB36K8,batch-1,active
ZRRUXUPCRB,batch-1,active
RB95CZ4AUJ,batch-1,active
93NPHA8GMQ,batch-1,active
FKTNTSUS7J,batch-1,active
89SSB5WFVW,batch-1,active
RMA7DUZ85T,batch-1,active
USLRFLD7KS,batch-1,active
9NPLR7AVET,batch-1,active
GKU4FD6SER,batch-1,active
W9JEFVZ87E,batch-1,active
RVVQFZR2JU,batch-1,active
M4CKWJQ9F9,batch-1,active
R3HPAHL84H,batch-1,active
4KEPQCMJXS,batch-1,active
EW4ST7KPSL,batch-1,active
CKZMHAVJ6G,batch-1,active
LKMGSLFJAD,batch-1,active
3LSGJJVAJA,batch-1,active
QS87D8M9WG,batch-1,active
MZVS4QULL5,batch-1,active
C3EZ42FJD9,batch-1,active
23AYJAW6T2,batch-1,active
DJR4ZH23KE,batch-1,active
6P782UWTC8,batch-1,active
SDKCGCVEER,batch-1,active
R7KK85H758,batch-1,active
RJ2HJNJEJS,batch-1,active
4PY4795QXH,batch-1,active
W7UXUJQPKQ,batch-1,active
NNC8E8GW6H,batch-1,active
SJY8NDTP6G,batch-1,active
L8L5MJ5VCL,batch-1,active
XYMRMXQXMP,batch-1,active
MHVU2WHYJ7,batch-1,active
SGZYRNLMU8,batch-1,active
RJHWNF9L6E,batch-1,active
2X8YFW9WWG,batch-1,active
WNCYBGP3TU,batch-1,active
QZPVA54CKT,batch-1,active
GGB3LKGVAT,batch-1,active
RN68J45FB3,batch-1,active
EUCXSLL7DM,batch-1,active
9N3RMFNURS,batch-1,active
BHX4YCV55W,batch-1,active
EE6QP33M2Q,batch-1,active
JKT55VQ74S,batch-1,active
ZZQGL85SBH,batch-1,active
L9EFP248Z9,batch-1,active
PXTAS2GPHQ,batch-1,active
QV863NVL2D,batch-1,active
HWUXGXSH7Y,batch-1,active
H2DJEM8SB4,batch-1,active
NDR7NHDTSL,batch-1,active
VKLSGSWSZS,batch-1,active
WQJYCDC6JQ,batch-1,active
NKRDC6BJR7,batch-1,active
VPKV9UB2JL,batch-1,active
DRZWDXA6CQ,batch-1,active
F52C3RVM9R,batch-1,active
GFAWXJ3GBP,batch-1,active
AZPFE2PGML,batch-1,active
2BTDGSTNPX,batch-1,active
WJHVPAJPF7,batch-1,active
RYA45ABSNG,batch-1,active
4TZVSJAUGE,batch-1,active
YLRDB8R438,batch-1,active
82S6CC2D7P,batch-1,active
AU7M2A3HLY,batch-1,active
2SRK9S4Z8R,batch-1,active
TXEGAJPL4R,batch-1,active
LW3WCWMBXT,batch-1,active
YS635YMJTY,batch-1,active
7EL2AZJ86N,batch-1,active
2MT5LKCB3W,batch-1,active
JGJC7Y2RSJ,batch-1,active
5JYHRC7FYC,batch-1,active
NDKMXRA2QR,batch-1,active
EH73A4XF2B,batch-1,active
QKKTCKSJES,batch-1,active
W2FPDRAP42,batch-1,active
SMAESNNRSB,batch-1,active
UX24S7P5YG,batch-1,active
SVXAV3XM66,batch-1,active
H8F938LWHX,batch-1,active
WBJURTJEZD,batch-1,active
NCPXV2Z32M,batch-1,active
SDQ9SS4NHQ,batch-1,active
Q25D6P9GZC,batch-1,active
D7J6Z9SNRR,batch-1,active
LCS6QFWHV2,batch-1,active
XUG8WUVALP,batch-1,active
H7XFGM59E6,batch-1,active
FXR8QJ26RN,batch-1,active
EC7RRYEQSP,batch-1,active
63TXCKJQRG,batch-1,active
CW9TK2RN5M,batch-1,active
RCQFGT4LR3,batch-1,active
KTWU2WF924,batch-1,active
MMYE6PRZSS,batch-1,active
7L9KMS6J77,batch-1,active
Y6VTETWDTR,batch-1,active
EMGC8EAF5V,batch-1,active
H3ZW34R8RF,batch-1,active
7L3EM886H3,batch-1,active
6FQAC5FTZ3,batch-1,active
2SWGJD345P,batch-1,active
CQJR2B833K,batch-1,active
LH5WJ3X7FP,batch-1,active
9RQCUAHF45,batch-1,active
YKWC9XKJXK,batch-1,active
AGZXC8EUSP,batch-1,active
KUUZHK9RT8,batch-1,active
CG2PBY6W4K,batch-1,active
WD3WNLKFGF,batch-1,active
NM8WH44GSD,batch-1,active
VXCEAXJ3HS,batch-1,active
VUWQCUS4VP,batch-1,active
JK8VUBHX8J,batch-1,active
AFD5Y879Z2,batch-1,active
G2LMUDNBQM,batch-1,active
MH3NEFEYMK,batch-1,active
RYLJGJYNWP,batch-1,active
HE4HJ3SQDR,batch-1,active
JGT9L8E8KE,batch-1,active
FJTMFN3JL2,batch-1,active
QNVBPABTUA,batch-1,active
DWDRLYCMMH,batch-1,active
BNLFWWMTZ4,batch-1,active
8FWCWRRFP2,batch-1,active
RZC949YNVP,batch-1,active
JAP57VE84Y,batch-1,active
3SHCLF4JJN,batch-1,active
PUL64ZB7B9,batch-1,active
5XY7LMUDBB,batch-1,active
3VG9WQLGV4,batch-1,active
TEZEEZUJ7D,batch-1,active
WDSHLPDDUB,batch-1,active
LC89UZAB2W,batch-1,active
A6VQQ9EP84,batch-1,active
2SRN3C3P3P,batch-1,active
LUWR4FWBJV,batch-1,active
J9EUA27DLM,batch-1,active
B4FBWQD2HJ,batch-1,active
E3YRCNNC2Z,batch-1,active
QJDCHFGC4B,batch-1,active
YMSLWXGM2R,batch-1,active
R6J6DB39UQ,batch-1,active
HNB686WDFM,batch-1,active
WJBEWNK86Q,batch-1,active
Z38B5JYVQ6,batch-1,active
Q8779PUJJ6,batch-1,active
4SBP2X9685,batch-1,active
89ZBHUASN7,batch-1,active
7F3VDAALGN,batch-1,active
XX8TQGSFPW,batch-1,active
JKVHSUXZN7,batch-1,active
7BUEQT6WEG,batch-1,active
9KS25LHTSS,batch-1,active
75TVQHEJ97,batch-1,active
2EUSYSAD43,batch-1,active
XPMFNKK3LK,batch-1,active
BWSGRHSDRW,batch-1,active
QW9VCV4S4L,batch-1,active
BHC885EAAL,batch-1,active
9PCYZCEA8H,batch-1,active
9XAKSZDAP8,batch-1,active
RYBSBLYUCQ,batch-1,active
BFQQMZJEP5,batch-1,active
LRDCGC29NU,batch-1,active
GCBDENC5SP,batch-1,active
ST95UH3TZU,batch-1,active
LV992LDLB8,batch-1,active
6S7PL3XG3R,batch-1,active
DFW4L8M6A4,batch-1,active
HXF26N69BN,batch-1,active
4WJAY3G7DS,batch-1,active
SRDPKWJDJU,batch-1,active
TRKNZ5RZZU,batch-1,active
M7ZHGPP7PY,batch-1,active
7BAFHHLXRV,batch-1,active
5ZPJP7E2VA,batch-1,active
UWT8N9BKEC,batch-1,active
F7ADQK48RG,batch-1,active
7R7RMQEAWH,batch-1,active
QLS5ETTWQY,batch-1,active
25C458RD2N,batch-1,active
DLLGTRFWH8,batch-1,active
FNAGYSD6RU,batch-1,active
J4YZEX94T8,batch-1,active
4FNTB4MTGP,batch-1,active
67VHR7MB9W,batch-1,active
VV9C5VE6M5,batch-1,active
4MLYGMLSYJ,batch-1,active
S2F2S4UFRA,batch-1,active
W7BUBPEDCG,batch-1,active
RWSCQUQ2RA,batch-1,active
EE5JASXCKH,batch-1,active
QRCZWNG9UA,batch-1,active
3PADP9EVYM,batch-1,active
265NFJHVGC,batch-1,active
65CC7VKS98,batch-1,active
W3SS2CHM2D,batch-1,active
YB7QFSRED8,batch-1,active
JXSAMHQ57W,batch-1,active
PX44J8DTZE,batch-1,active
ANXVQFB6V5,batch-1,active
Z3F45A6U4H,batch-1,active
SRZ4DH33JE,batch-1,active
Z2ZGSE2PL2,batch-1,active
2BG23W47NV,batch-1,active
AEF5W6CNRH,batch-1,active
VJS97V6AUD,batch-1,active
XX7DF5BS89,batch-1,active
33DWKAKPB9,batch-1,active
TJHTALNAW3,batch-1,active
SGMX6PNVLV,batch-1,active
HSTJ5DANGV,batch-1,active
JUW5RJCMSG,batch-1,active
SZLRPDV2A2,batch-1,active
AHPSHVNTBH,batch-1,active
K9XELKR8LZ,batch-1,active
NDLJZT2ALT,batch-1,active
TJAMMMN2HN,batch-1,active
M9CWDMYSKU,batch-1,active
UCQTRYN496,batch-1,active
QBS9F953R3,batch-1,active
PLTN2USFRT,batch-1,active
WB427223WS,batch-1,active
QDYP6U2LPH,batch-1,active
6XWGUSHNZ9,batch-1,active
RNU4W9SA9J,batch-1,active
MCC9JDCVR9,batch-1,active
5N58QCQ9NA,batch-1,active
NQKMW69C3L,batch-1,active
R6BT9BG9WZ,batch-1,active
NC44ZDB2V5,batch-1,active
5M9724J77W,batch-1,active
H5SDAGNUWR,batch-1,active
CRJSWZW58E,batch-1,active
PH4D3UA8CU,batch-1,active
HJ3DEUVLF5,batch-1,active
P67S5P4RSW,batch-1,active
RLWPEKM8FS,batch-1,active
RBVGKB6EKW,batch-1,active
H4NS44SLDK,batch-1,active
NH7K6XUVCN,batch-1,active
ZXQKZ723XE,batch-1,active
BHGSJ8AZ4E,batch-1,active
NVQH84TE2Y,batch-1,active
FXGNDD8L8V,batch-1,active
BG2BESQ9FQ,batch-1,active
9FDQQFF9GG,batch-1,active
QJG8TDZM8G,batch-1,active
ZBZ7JHQF6T,batch-1,active
F35R3SCCT4,batch-1,active
YR6WBU2AMJ,batch-1,active
5G5FCHBE74,batch-1,active
8KJHH46J36,batch-1,active
J4YS6QQFC7,batch-1,active
VUZB4V7E35,batch-1,active
LEM6HWV4XM,batch-1,active
ENLMLW4WUH,batch-1,active
TYVWP3SSTS,batch-1,active
ZPLKQAPQSU,batch-1,active
PZ8DMHTHLR,batch-1,active
SPG6RGSHML,batch-1,active
J6GN9TLGKE,batch-1,active
V7RKPXXNV2,batch-1,active
XQNSQFX8T3,batch-1,active
6C5PCFBWXW,batch-1,active
YMJJCBHKS6,batch-1,active
6HERZ47B4Z,batch-1,active
8PHCBZ3AJE,batch-1,active
6JZ5S9X4AY,batch-1,active
EWQC7PHYBU,batch-1,active
GU3SNKD443,batch-1,active
PZR34UE9RC,batch-1,active
DULYY9E494,batch-1,active
3DRY33ZKTK,batch-1,active
P4M8E3WVYC,batch-1,active
3ZS4BHUATD,batch-1,active
EFH8E5AWBE,batch-1,active
SE5V6A5LVC,batch-1,active
4CG4SVL59Z,batch-1,active
AMMLFCQCHK,batch-1,active
B2UUKLSQ8E,batch-1,active
5SHPC6DTLU,batch-1,active
U2T48RMLKH,batch-1,active
7DVJSYKNRY,batch-1,active
J5QSRVR69U,batch-1,active
LJ7AEXZJPZ,batch-1,active
43HLVDDXGM,batch-1,active
9EWHEQZTTR,batch-1,active
J33QW4AZVH,batch-1,active
NRABZATXEF,batch-1,active
BHW2KWVV76,batch-1,active
JHQ2TE6997,batch-1,active
BRFSAG37YZ,batch-1,active
XZXB48NC8Y,batch-1,active
EMQ4XMGNYK,batch-1,active
DUQXV5SLXK,batch-1,active
TNV9NLWLPT,batch-1,active
VE2CL7EBKM,batch-1,active
K7CP8GXRT9,batch-1,active
YQTDSBVSC7,batch-1,active
8BQELZMHPK,batch-1,active
MA5UV5WU27,batch-1,active
MZMKJMHP3M,batch-1,active
D3SBDDANUQ,batch-1,active
DLN72UQQ2S,batch-1,active
ND4WETFWS6,batch-1,active
8WX9U32JDD,batch-1,active
ZDK4LBPYQ7,batch-1,active
S2SVRVMBSR,batch-1,active
GL3JXQKNZC,batch-1,active
VXWK7GW35F,batch-1,active
9V8REHN52J,batch-1,active
H2AXVXP9CA,batch-1,active
327BHDMBV3,batch-1,active
U75CL5UMEU,batch-1,active
TPT6BQM75Q,batch-1,active
CJ9RKSJWWB,batch-1,active
RPZWHN8CWQ,batch-1,active
NHRNFXMKMN,batch-1,active
T5J24HZ98D,batch-1,active
4EJC93SC6B,batch-1,active
953WWLVNXG,batch-1,active
VC4STFF4XB,batch-1,active
NHK6HHVNWQ,batch-1,active
CAYX27FUFB,batch-1,active
SWJLJNURCD,batch-1,active
BPEQNKD7FR,batch-1,active
4FQYMM4BBU,batch-1,active
97CD6BJH6X,batch-1,active
TEB59WX3VG,batch-1,active
R3GRYCPARR,batch-1,active
6K7GJL8YKW,batch-1,active
2K8D4QYPJC,batch-1,active
NZ4M89E72E,batch-1,active
Y6W476SLEP,batch-1,active
4VCVBADW3S,batch-1,active
XEBCUB7CY4,batch-1,active
QBKH32HV8Y,batch-1,active
NLNT6CL7XT,batch-1,active
8C4LBAUAV5,batch-1,active
TSU85BTVTT,batch-1,active
TKBK7U97BX,batch-1,active
8A929L8K8M,batch-1,active
X68RJDLMAT,batch-1,active
PTH6CLG2WD,batch-1,active
AJ4LTAV5JF,batch-1,active
G2SCDMVYBN,batch-1,active
Q2FA8NFFAJ,batch-1,active
XR4XKKRFJ4,batch-1,active
7LX2S47T95,batch-1,active
BBMYGH7BR7,batch-1,active
64FNQ3PT2U,batch-1,active
UKKRML9LRR,batch-1,active
SXFTZQBRT2,batch-1,active
AN7M992V35,batch-1,active
VWZDR324CF,batch-1,active
Y6JS9XLJWU,batch-1,active
DDSEDUNA37,batch-1,active
EXN82PUHTC,batch-1,active
C4YV4ASR5C,batch-1,active
X4VB38SJQX,batch-1,active
7PG6DZAJ7F,batch-1,active
QYBNUF8EQ3,batch-1,active
ALSZN6ZWPW,batch-1,active
DK7CEGJYSY,batch-1,active
8REB4XSKMW,batch-1,active
WJGJ5NRABU,batch-1,active
VPW3E7RRQX,batch-1,active
WWTRREWVB5,batch-1,active
9ZL5J97J6E,batch-1,active
KGHKE6F98A,batch-1,active
6TY7VMDZ3S,batch-1,active
J9JTS3YHNM,batch-1,active
AAKZXBCPX8,batch-1,active
8NBSCXCGA9,batch-1,active
9NMJHUUD6D,batch-1,active
JQGSW6EFG2,batch-1,active
CXTWX3S9QN,batch-1,active
3EKRSNJNUQ,batch-1,active
2692L3SRQ3,batch-1,active
AGVARMEJ4G,batch-1,active
UEJZ6R4GLU,batch-1,active
J2S78SGYPK,batch-1,active
GNJGGG7AU4,batch-1,active
HBY7NBV7PB,batch-1,active
HFY9EA59ZR,batch-1,active
S5EH7VCRQ9,batch-1,active
SRT2C2QP6T,batch-1,active
XXK8NW5B8E,batch-1,active
RM2DDGUBAT,batch-1,active
BFRAUGS6U9,batch-1,active
BDUD3AEXC5,batch-1,active
AKR4TPJETM,batch-1,active
L6ZNN7PK3E,batch-1,active
WT9VL9WE7C,batch-1,active
4BYTWF6FFU,batch-1,active
S23JADVDNJ,batch-1,active
RLUTUAV3LS,batch-1,active
ZENLDNW4PM,batch-1,active
FDYJFAN54P,batch-1,active
AAW9C6E74V,batch-1,active
3PFZ9BU5XR,batch-1,active
NEC7J8QZGV,batch-1,active
ZYNZ37BPL2,batch-1,active
MUDDMAGSG6,batch-1,active
DLX5GUELVQ,batch-1,active
K57TWXGWLT,batch-1,active
DSD34X6KC9,batch-1,active
AHZKEKXPCX,batch-1,active
WUNLUQE3KD,batch-1,active
WE4BRJ5LGB,batch-1,active
62T9KCJPE3,batch-1,active
KFRE9H9DWQ,batch-1,active
5KCEQ8KKVG,batch-1,active
MK84KRALDV,batch-1,active
GFMQUHGYE2,batch-1,active
DMXFQVZEZB,batch-1,active
9345YZEN9V,batch-1,active
XJ4KU73GDL,batch-1,active
HAE4VSG5PT,batch-1,active
LFMUBBNDBU,batch-1,active
694XZAMPED,batch-1,active
RTN58SBTLH,batch-1,active
TBKY42W8AC,batch-1,active
H7KX9BT5GD,batch-1,active
HL2SK45HU6,batch-1,active
F47AJAB6Y2,batch-1,active
WFQ7KL2UM4,batch-1,active
CFCJD9JHJH,batch-1,active
JV2M4FX6NZ,batch-1,active
EZFGB2PXWR,batch-1,active
YC68PEDFRH,batch-1,active
VCXAFFDB3P,batch-1,active
LJMDHKE4QV,batch-1,active
3UVHN8WZYE,batch-1,active
9KWGNVHNKH,batch-1,active
38RBVULP8F,batch-1,active
HMDCWNREZL,batch-1,active
99P3TSUWA7,batch-1,active
DK5RPTU238,batch-1,active
8UYUJHNKTC,batch-1,active
HYEQMQBB68,batch-1,active
FV6ZPQKE4Q,batch-1,active
ACSLR94U3M,batch-1,active
N3RDLTCZD7,batch-1,active
TKK53ANWDS,batch-1,active
BAL5SD3DAF,batch-1,active
WBLLBJ292E,batch-1,active
R4X8UQNJV5,batch-1,active
ACAPPPWXSQ,batch-1,active
HPTHCVVRPG,batch-1,active
FRFL2MBN8D,batch-1,active
LCHWKTQE3Y,batch-1,active
HG4QBK29J5,batch-1,active
ECZ4GJ4M9P,batch-1,active
K6KNP5GP2P,batch-1,active
JS9S5YMHE8,batch-1,active
JVRHQ98LAM,batch-1,active
9MNVH57MTK,batch-1,active
EZ6X9KT2FA,batch-1,active
3XF7G3N82B,batch-1,active
47GPJL5SR5,batch-1,active
M6NY7MGM3A,batch-1,active
CPWX9CES79,batch-1,active
2YWXDH4EUH,batch-1,active
VQ2QXT6WT7,batch-1,active
EYMBGCZLT3,batch-1,active
WT39GYK6JT,batch-1,active
MQW3ZSQRBU,batch-1,active
L6CYCRLDAR,batch-1,active
LYL4G57DQE,batch-1,active
FQZGZVJWMS,batch-1,active
HKA26NLFPZ,batch-1,active
FF2ZZQHFJF,batch-1,active
XMG3R34EP6,batch-1,active
AANSETGPG2,batch-1,active
LXNP53FCPQ,batch-1,active
XCQJ8QPBZ4,batch-1,active
63XG4LHJXR,batch-1,active
RJNHTHBKV6,batch-1,active
ZGXM85S5CN,batch-1,active
AR9GMMD5HS,batch-1,active
DXCQ2U4XBN,batch-1,active
SCM9PJ2C78,batch-1,active
LY7TRE8545,batch-1,active
QMG97AGE8F,batch-1,active
NYCK8SMBYC,batch-1,active
HBSD4EPKQX,batch-1,active
S4RSTRJUQF,batch-1,active
4GK2KFBWFX,batch-1,active
THVBB2FSZK,batch-1,active
DEWUQ7F2BC,batch-1,active
GQK2DDWL6M,batch-1,active
9ASK9J45LY,batch-1,active
G2G97ZNC5R,batch-1,active
TMLEQR2YCP,batch-1,active
JBXFLK8K22,batch-1,active
UT2QCHPNY7,batch-1,active
NM8AH2G3WH,batch-1,active
2RPDUQ5C24,batch-1,active
KN6QL9NSNJ,batch-1,active
QYYHR8CZ52,batch-1,active
2DPFETASY9,batch-1,active
RJNGY74D7N,batch-1,active
VTPAGRYDQV,batch-1,active
2ACWW8L4AC,batch-1,active
ANPTECS6PC,batch-1,active
QBZTUUZYG9,batch-1,active
XCN4XQ2ZBD,batch-1,active
VSXACPSA9Q,batch-1,active
7ZUAVHE87Q,batch-1,active
U5FAS3X9T8,batch-1,active
9KUANLGLRU,batch-1,active
L35VHB93FX,batch-1,active
58MYAW9C7R,batch-1,active
QYA7CWQWQZ,batch-1,active
9QNRB3DG7P,batch-1,active
M45HRXH7RP,batch-1,active
ZJ2NZENHFK,batch-1,active
6ZCWVGDN8S,batch-1,active
JPNCS4JS6L,batch-1,active
U7KM6NZWU7,batch-1,active
2NTBSHCXZU,batch-1,active
YCDR4JYLXB,batch-1,active
Z2TWTVD9XU,batch-1,active
K7228CQFRA,batch-1,active
U7Q939NYRF,batch-1,active
JN4GJ2QUPS,batch-1,active
GLE9J59SFM,batch-1,active
DYBGMYUDFD,batch-1,active
BXAVSNYYDF,batch-1,active
4V6CN9H3TG,batch-1,active
BZT8X9VHL5,batch-1,active
Y8RGE9NCMV,batch-1,active
R8AFL7S6MU,batch-1,active
UCZK3M5GL8,batch-1,active
MYACKQD55J,batch-1,active
QLK83GZLRD,batch-1,active
P3SEULYNGQ,batch-1,active
VZCQW8TCRH,batch-1,active
9A6J9RD97R,batch-1,active
B8AMQSBAJ2,batch-1,active
GAD3V5JWGX,batch-1,active
KB7RHPXFMD,batch-1,active
ZSW6X3DLY9,batch-1,active
XR9BPFLCCU,batch-1,active
EFWYC9SABD,batch-1,active
QLWQAH42WS,batch-1,active
QQJYJBT3ED,batch-1,active
6JUBNLDYSM,batch-1,active
Z2W7BKQMBF,batch-1,active
46ZE6YU7VG,batch-1,active
MZ3UXQE8LT,batch-1,active
PTCHPTP24X,batch-1,active
DJMSLUBVS9,batch-1,active
8XNV9DUJK3,batch-1,active
92BFXBAATD,batch-1,active
JV2GQMF5VA,batch-1,active
MZDF7KJCHH,batch-1,active
552CSQ4NDX,batch-1,active
ZY74MA4BSM,batch-1,active
LKNR6C6DCM,batch-1,active
GMQ5V9HNJH,batch-1,active
BH8RFGDURP,batch-1,active
8KLEUSS3P7,batch-1,active
EKS8KY5E26,batch-1,active
67XV6R2EDK,batch-1,active
B2VWXW4HYL,batch-1,active
EBXKLQE6Q5,batch-1,active
E93RSPVHVY,batch-1,active
QF3EF9GWRV,batch-1,active
3J5LN2Z8YB,batch-1,active
FZXUPMCVJN,batch-1,active
EXC7JRZ7DZ,batch-1,active
6CUQRGN89C,batch-1,active
DTW8P8XFHR,batch-1,active
2GGCQLN5ZW,batch-1,active
KB5N6FJF3Z,batch-1,active
NJ4VLJ23PC,batch-1,active
8YJD7TC3NV,batch-1,active
P5B4AHHBR6,batch-1,active
HQZXBCGQW5,batch-1,active
4ZAV9UCWQ4,batch-1,active
58Y9VZJRFR,batch-1,active
WPUCFQDF9E,batch-1,active
E5CRTCBDGL,batch-1,active
3K83YD2ZJK,batch-1,active
M8TGH7659H,batch-1,active
NWXVAKB368,batch-1,active
8JWEGHL39R,batch-1,active
FY4K635VN2,batch-1,active
J53YZU84TS,batch-1,active
P5FYMYKT85,batch-1,active
7NFUE6S5HR,batch-1,active
SZ2HMCDW7H,batch-1,active
ADVYZL2YN9,batch-1,active
SC6LRQLY5C,batch-1,active
83845M2WLK,batch-1,active
32W6SFWJTR,batch-1,active
WB4W89WBCX,batch-1,active
DDLVGDTM7N,batch-1,active
KJJZDMNJQH,batch-1,active
HHTTAFEQR7,batch-1,active
5FURL3HAJB,batch-1,active
GYU6B3ER4U,batch-1,active
YC6GV2RW3E,batch-1,active
HJ2EQX8RKJ,batch-1,active
H53XBJ4T62,batch-1,active
EGLRRLDLZT,batch-1,active
8UCBSKKUH6,batch-1,active
43WCWC4HSV,batch-1,active
4FC27F9QZL,batch-1,active
5KGZCEBCSJ,batch-1,active
FZYDZSXTTW,batch-1,active
CCK7UQPKTM,batch-1,active
VYHATGEDUN,batch-1,active
DRQ6USV6UP,batch-1,active
Q4V533SY8A,batch-1,active
FZ62RV7UV3,batch-1,active
MQQ5S9E54C,batch-1,active
TQ3VY63NJN,batch-1,active
C72SCDXLZS,batch-1,active
ME3TJ9KTHD,batch-1,active
6DLHTB3DF5,batch-1,active
X8Z6TWS6F3,batch-1,active
V2VR5NXK46,batch-1,active
NK7GA3DX47,batch-1,active
PJQCYWUBPC,batch-1,active
628NMEFZ5T,batch-1,active
SFNE83X4BZ,batch-1,active
35TPPVSPVR,batch-1,active
X6H3UMDS7K,batch-1,active
CNBNP32DA2,batch-1,active
KY34KYG8XD,batch-1,active
GH2QZX4NUM,batch-1,active
JYKCG2J4LP,batch-1,active
RQJTUU2X2X,batch-1,active
5HR62J5Q7M,batch-1,active
KA3HZJQJ8D,batch-1,active
ZHFLT7S6WS,batch-1,active
EDAFMMXA7V,batch-1,active
35YTF8GS9Y,batch-1,active
YGYP6F9WFK,batch-1,active
Q9ZZMYQP3J,batch-1,active
N6HV2Y5HJF,batch-1,active
RKA5EXSWZX,batch-1,active
NWD3RQNUNA,batch-1,active
4SR2UMN7XS,batch-1,active
ZGW7QPA94W,batch-1,active
67ATECJLR3,batch-1,active
DPGHQW4THE,batch-1,active
8ZZQMHS9K9,batch-1,active
EMRV9YRQRC,batch-1,active
ULN9WNASKQ,batch-1,active
FB9P4FHZB6,batch-1,active
BG56ST3W63,batch-1,active
TDPPDFUJ28,batch-1,active
3SMGVMP7LY,batch-1,active
FMM5Y55ZU4,batch-1,active
YVTWTAJZXJ,batch-1,active
5A548FY7FN,batch-1,active
AJZFX42F9F,batch-1,active
E25LU7GCRG,batch-1,active
6KTC4X7MLB,batch-1,active
8YFJUBEL8G,batch-1,active
NFATNSR3QM,batch-1,active
DLZ7THYGKA,batch-1,active
R362DLG58M,batch-1,active
H6H67E2JRH,batch-1,active
CUDMHUWY7R,batch-1,active
5S9PKAETXN,batch-1,active
HXCS45MQRY,batch-1,active
5MEZX7R29V,batch-1,active
TPTRL87U5A,batch-1,active
6YGM3YUMEE,batch-1,active
CGS48QG8WB,batch-1,active
T25THN2ZH4,batch-1,active
YMFP76GBYG,batch-1,active
YDPQZZ7SQ5,batch-1,active
MCQNX77DP4,batch-1,active
9HQTYU49C9,batch-1,active
6Z6BVMLUKT,batch-1,active
NZGAXD8T27,batch-1,active
8CTKDEUV9Y,batch-1,active
JM6PM5MG7G,batch-1,active
6RLB63ZEA8,batch-1,active
QFSVXW4XFB,batch-1,active
Q4FJ37L9RD,batch-1,active
DM353CE3UG,batch-1,active
NPMKZFGQML,batch-1,active
25XD7CXDFS,batch-1,active
AWXYGZUTVP,batch-1,active
GRC65KUN6G,batch-1,active
W86PC2F5TT,batch-1,active
AL87S2GXVE,batch-1,active
SJ2VBLQ4M5,batch-1,active
2EX3DGL8UG,batch-1,active
YGWE88CCA3,batch-1,active
5F2654RNN4,batch-1,active
DLY55VLHGN,batch-1,active
7LM65CHTEE,batch-1,active
FGW9ZSEWJY,batch-1,active
DSFNME6EK8,batch-1,active
9E4LE8UPKS,batch-1,active
F8F67BTQAV,batch-1,active
36QU8P2QCZ,batch-1,active
CPLZVVN4NW,batch-1,active
UUB3QMF6AB,batch-1,active
FTC898CUZX,batch-1,active
893FN4PEUQ,batch-1,active
FSPBWBDEUE,batch-1,active
B49WGEYYCL,batch-1,active
ZGD4BJEQL3,batch-1,active
FFZAPFYC64,batch-1,active
NP2CSWHZC8,batch-1,active
MWJ2EB5AX8,batch-1,active
T5QN2D9H8T,batch-1,active
TEPZUGF9K2,batch-1,active
CK92TQGCC6,batch-1,active
KDTGG7QHS9,batch-1,active
MCWFW2L2HA,batch-1,active
LGALJ2V6GG,batch-1,active
7DL9LV6DY8,batch-1,active
S3AAT573K2,batch-1,active
HL9VJZED6R,batch-1,active
DJTA4RHEZH,batch-1,active
7UFFQZZS9G,batch-1,active
C3MUPNRUHU,batch-1,active
N75HRGPRDD,batch-1,active
XRX778Q42P,batch-1,active
L9CLPFX3KM,batch-1,active
QUTPKFWFMY,batch-1,active
GF7N4Y4AFY,batch-1,active
PKQK448S7V,batch-1,active
SAEGZ7UUZ8,batch-1,active
GSX9PJ5BQW,batch-1,active
67YVAHPZ4P,batch-1,active
RJQ3AZEXEF,batch-1,active
DUAXP8PSW6,batch-1,active
UHGVQYYBTF,batch-1,active
CBNTLEQQWT,batch-1,active
FBBWYCN2V3,batch-1,active
WFSCE27BM2,batch-1,active
9NY7R79PUQ,batch-1,active
APMX5E35M5,batch-1,active
6ER8Z7S48J,batch-1,active
M9PGGAWG9P,batch-1,active
N22BMATJM4,batch-1,active
T3R588J8SN,batch-1,active
KXT2CKMRWM,batch-1,active
YNBJC2J3TH,batch-1,active
F6JFQYFL5Z,batch-1,active
UG842CK8Y9,batch-1,active
ZEWNEYNB35,batch-1,active
4E3X2B9FQE,batch-1,active
PMRVJJ4QCY,batch-1,active
JUG32QTD2K,batch-1,active
T3BEJFX4E7,batch-1,active
VD4Q4N3SW9,batch-1,active
9BD8U9YLWE,batch-1,active
ZUV3PTQUXF,batch-1,active
U79ABY9TGF,batch-1,active
PQ53C52SCF,batch-1,active
Q5U3UKT7UH,batch-1,active
4SMQHPWFN7,batch-1,active
K7ZK4SEZQ6,batch-1,active
5CPRQJ5H6J,batch-1,active
2WJH5JDRXM,batch-1,active
2AJ2FAESAY,batch-1,active
ZD549L8Q32,batch-1,active
LBU4NL7ZYM,batch-1,active
ZHCFXCUZNK,batch-1,active
V2LQWE27MN,batch-1,active
TTH9ERC7RU,batch-1,active
YPWBZRYA3H,batch-1,active
ZJHMWTAY6S,batch-1,active
733A6DNSAM,batch-1,active
S9CZQKGD7A,batch-1,active
ZGNT5UFB5Z,batch-1,active
58NQAHSE5X,batch-1,active
UJW6ZR94EQ,batch-1,active
8KSAUT9DQN,batch-1,active
S2MFUYCMBZ,batch-1,active
3KHCL4HBJ4,batch-1,active
MT3QQJK5D3,batch-1,active
BQSYXSSV6V,batch-1,active
EAX6SN9GFA,batch-1,active
XY9BV36LNP,batch-1,active
ADABHNU88P,batch-1,active
JGQJW5HAK8,batch-1,active
W6S7LBEHUP,batch-1,active
MTFHNLP89R,batch-1,active
UUVK2YMF7J,batch-1,active
NU7F33NND5,batch-1,active
HBTG6AUYWG,batch-1,active
XE3XA5NCXP,batch-1,active
WU5L4J7X3F,batch-1,active
BGAX6ESB4Y,batch-1,active
QCELQWYHCH,batch-1,active
XJCC8ZNCK8,batch-1,active
U46HK7MVGJ,batch-1,active
QF6TXRCS7R,batch-1,active
DAUSREE82D,batch-1,active
QQ7JTAJTX8,batch-1,active
RP55JTEABZ,batch-1,active
N5PYMHKUEY,batch-1,active
PBQZRR3PXG,batch-1,active
KULZ9HY8QM,batch-1,active
3B2QC9WR6H,batch-1,active
G6E4YENAAA,batch-1,active
EBBZVKK5U7,batch-1,active
L8955H8T3X,batch-1,active
W8TNZR9SPE,batch-1,active
VJJT9QE54T,batch-1,active
Z7CXWW65CX,batch-1,active
7P9QEUDJ4K,batch-1,active
599ULAXGAT,batch-1,active
ZBL5DDR28L,batch-1,active
SS39SKCFJ2,batch-1,active
BMB58WZMNW,batch-1,active
8R34FKW3AF,batch-1,active
34APVNU6GR,batch-1,active
7GKAX4XJQJ,batch-1,active
RDVBSBAF72,batch-1,active
J77YTPXJYH,batch-1,active
V69WCM6MAJ,batch-1,active
4S4VKWK5X5,batch-1,active
LG3TXJS82V,batch-1,active
63CP9RN8MT,batch-1,active
CUJZPS5JNV,batch-1,active
KSSQQ6F7QQ,batch-1,active
AYD484F4Q8,batch-1,active
S29UPNN6S4,batch-1,active
5KEEBL8PZ4,batch-1,active
BM83F82A2M,batch-1,active
87CKDTXMRC,batch-1,active
KQ24BWA4XF,batch-1,active
LQRLFHYCE6,batch-1,active
AMMZQF7EJG,batch-1,active
74G2SASN3K,batch-1,active
E6KYLEZKW2,batch-1,active
58SPJ88QWB,batch-1,active
EHEED5APUN,batch-1,active
GQTJFK7RBK,batch-1,active
PBQD33FT6B,batch-1,active
BZP5HXWZYV,batch-1,active
GGV6A8Y9LY,batch-1,active
JNDBCJ9VKL,batch-1,active
82CPGWQU99,batch-1,active
LQUL3G4F6E,batch-1,active
J7VTMPKRQR,batch-1,active
XR6WKEBVE5,batch-1,active
Q6YTUQGC7B,batch-1,active
NLSSHB8EY8,batch-1,active
E5YXL59EWA,batch-1,active
BSE9JCRBYW,batch-1,active
2ATVSDE367,batch-1,active
XY5MDMKCFD,batch-1,active
7ALX58WFMW,batch-1,active
NSVWQ38HTN,batch-1,active
YQ8KGVNKEE,batch-1,active
LWXM8BUNZC,batch-1,active
U2LBDX7RU5,batch-1,active
4HRDTEVNUJ,batch-1,active
ZKJG4ZZ7EX,batch-1,active
QCXMMURXJP,batch-1,active
6LTYBJDPFF,batch-1,active
UV6TRMQ68V,batch-1,active
PYYPTE2Y7J,batch-1,active
6UXW6YX65L,batch-1,active
6XB68VG53E,batch-1,active
KUT3TZK5ZK,batch-1,active
8P5Y493EY4,batch-1,active
M3L99555EJ,batch-1,active
FUC2RHM8UB,batch-1,active
RG4AVAPM3W,batch-1,active
UY96FDQ73N,batch-1,active
3BR6NJ7WNY,batch-1,active
TM3TJ7A7HL,batch-1,active
N9L67KE3DX,batch-1,active
QL5R2S2339,batch-1,active
2NMGTJTUZL,batch-1,active
JA7G2YULYZ,batch-1,active
Y2EQ832AE9,batch-1,active
TRUHCNA9MA,batch-1,active
66VMEHQNYT,batch-1,active
KKMRDZR5JA,batch-1,active
RB9N5J5PL2,batch-1,active
XXNUJVWXNA,batch-1,active
M964BAQYMX,batch-1,active
AMHM6JB7HY,batch-1,active
2LW2MN35YU,batch-1,active
JCA9RUWFQ4,batch-1,active
B9HD2LDBXE,batch-1,active
4QFJNFHRYC,batch-1,active
KRU773H5P2,batch-1,active
FHVSLQRE7H,batch-1,active
BELP2839V4,batch-1,active
KXUCWDBMZZ,batch-1,active
59FWVUNHRV,batch-1,active
NR4JU5LHS3,batch-1,active
3WM2AD3XR6,batch-1,active
4DA6JV7L86,batch-1,active
DBXDBCNZ3Q,batch-1,active
GY65BKLF22,batch-1,active
H93XQE8K6D,batch-1,active
PV79J4PRJW,batch-1,active
RHSRPNG8BH,batch-1,active
HMW6A9CK36,batch-1,active
9RQSPKSBS5,batch-1,active
LJCJS488K3,batch-1,active
6CFAGDDBRS,batch-1,active
M4BV2PLE84,batch-1,active
XGET6E6XWD,batch-1,active
QZ779PHZDJ,batch-1,active
VFGFD46N28,batch-1,active
PLPXPLFZPN,batch-1,active
4UPN2UBJPS,batch-1,active
6VHG3TXGYV,batch-1,active
FRW95BH2UK,batch-1,active
8P3A2VALPX,batch-1,active
2JKGV54PE3,batch-1,active
FQ3WG3A8VD,batch-1,active
GGS6KH6YX3,batch-1,active
8A7NQAR3NW,batch-1,active
YY4PJ7SMVW,batch-1,active
TCD6RAMQR6,batch-1,active
FXXW65XHYP,batch-1,active
E9M5WQD5NU,batch-1,active
26BHUXPD9F,batch-1,active
RK696ZREAS,batch-1,active
737QF6VUT8,batch-1,active
PRLJX9ZR4N,batch-1,active
U978NQLRNL,batch-1,active
WTUUSKXS8N,batch-1,active
R4EAGN69PP,batch-1,active
VPMF35ZB6Q,batch-1,active
TJ8ZPMJZWU,batch-1,active
668QPSMDHH,batch-1,active
GMTZVULVX3,batch-1,active
XYK4GVRWZB,batch-1,active
SX2JZ8VLPX,batch-1,active
YYHTF4K4FE,batch-1,active
VUUYP84CRY,batch-1,active
8QYPA2CAK2,batch-1,active
XSFJ6MDDQ5,batch-1,active
3SEKL54TKG,batch-1,active
UZ2GXYF9JC,batch-1,active
NHN88ACWKE,batch-1,active
3X9UQGXKFU,batch-1,active
BYLSRZDJGB,batch-1,active
MTA6SH6VXM,batch-1,active
GWG4NMVUMZ,batch-1,active
NKSZW334GC,batch-1,active
TPN9XZ4R4T,batch-1,active
TEDTSMA3HW,batch-1,active
3EUYFRLMKL,batch-1,active
K63LXWJTBV,batch-1,active
N6N8RDGCT2,batch-1,active
WVJH735SEX,batch-1,active
LCMZBZYW97,batch-1,active
Q4HBJNZUY4,batch-1,active
ZBDRBYXA89,batch-1,active
D2XDV7RXQY,batch-1,active
8XDL7GRYNP,batch-1,active
BPH62WB7NA,batch-1,active
T8647DJXB3,batch-1,active
8MZEJ5AHYC,batch-1,active
9GCDUPRN5X,batch-1,active
TF9X3ZCDB7,batch-1,active
HXBFDB5TL2,batch-1,active
QK7FLHJ5WN,batch-1,active
WU9SFBDJVW,batch-1,active
RXLVRQ9RV6,batch-1,active
LVECRURNMY,batch-1,active
2JYERF4KZ3,batch-1,active
VPLJN9SE4M,batch-1,active
EW53QFAXU6,batch-1,active
FSHGMFMHZ8,batch-1,active
4F5JLZSFP6,batch-1,active
MMVNMYJSGK,batch-1,active
MBE3LEXFL9,batch-1,active
EACPWB76NZ,batch-1,active
4GEQYNKAU9,batch-1,active
7HG7V5RHSZ,batch-1,active
8D78MYK4AY,batch-1,active
K6XGA3QEVP,batch-1,active
GJLX45NAQS,batch-1,active
Y7XABJ5455,batch-1,active
JKZQFHLKFH,batch-1,active
YEM8AEZCQE,batch-1,active
QZY9TD45VU,batch-1,active
NMD5N2UG4J,batch-1,active
TZVZ5YP8ZR,batch-1,active
HH3GY74HKC,batch-1,active
F28DU4ED3W,batch-1,active
KPWAES5LQ2,batch-1,active
PZ4PK8C65B,batch-1,active
4MMW88NF7Y,batch-1,active
QUSCG9LHU6,batch-1,active
R6Q6BQDKFT,batch-1,active
YTZZ6ZMWNV,batch-1,active
6HH8324MVM,batch-1,active
ENQ4KK85V2,batch-1,active
5W4ZF335KL,batch-1,active
JSRYES2GAQ,batch-1,active
R2FW7QKXY5,batch-1,active
DCEHZRZ538,batch-1,active
6Z7S2XNYM4,batch-1,active
VJ9EA7ZYAA,batch-1,active
98T35WY5S8,batch-1,active
XHPJ6GY8K3,batch-1,active
ETDJP75E8J,batch-1,active
ZXUVCG7SMR,batch-1,active
LVY2GVPBCD,batch-1,active
4RCAAFL7U3,batch-1,active
8ATNV5G83Y,batch-1,active
B6W4RWQCP9,batch-1,active
SFZQH656Q6,batch-1,active
XBMUN2KSL9,batch-1,active
U8CEMTVHZJ,batch-1,active
CC5D69TH9P,batch-1,active
33CWVNB8DP,batch-1,active
YTSV6TANRN,batch-1,active
FA9ZUUSND6,batch-1,active
VGXR64FE42,batch-1,active
UJNRVJED92,batch-1,active
CSSD8V8T6M,batch-1,active
W4C2L35PRM,batch-1,active
7EUFW72A6H,batch-1,active
EEEHEZ3GSM,batch-1,active
BSNWK3N2MZ,batch-1,active
SXUY9SVPH3,batch-1,active
VXUFQAF4UD,batch-1,active
9RXERL5KST,batch-1,active
9LY3PCLRU8,batch-1,active
WLRHLGGH3H,batch-1,active
FGE6N3N8WE,batch-1,active
4V3CZE7RJH,batch-1,active
R4MHRWCNAA,batch-1,active
JZ9FY7W25H,batch-1,active
HEFXYC3PZQ,batch-1,active
WFM4VAAAL3,batch-1,active
NUF57GF9NC,batch-1,active
YGNMUGHKAR,batch-1,active
KBX9Z5UDGJ,batch-1,active
TJWGC26LTX,batch-1,active
DJ6T79X8ZZ,batch-1,active
3LPJGAX2KM,batch-1,active
VL782PXVBP,batch-1,active
D8GVRAMC2V,batch-1,active
WK4HSNNEL6,batch-1,active
A4HNJUQLFK,batch-1,active
U8RECDFSRU,batch-1,active
H2WT8YBZ8U,batch-1,active
LZD3VCEF4R,batch-1,active
MN7GJ2799B,batch-1,active
9BTAWQG3EK,batch-1,active
Z29USXYDSV,batch-1,active
R5PBR92ZJQ,batch-1,active
2D2R3P2JLS,batch-1,active
NFJUR8PUMS,batch-1,active
HKBFBC8JMF,batch-1,active
Z6Z57FKXKD,batch-1,active
L27BZGNQ4X,batch-1,active
JRQXPBGJUV,batch-1,active
MEHDVKGYK7,batch-1,active
J29R7MCNT5,batch-1,active
BYACYYWFNG,batch-1,active
MJYNHZR8AT,batch-1,active
RB8BWRZDUR,batch-1,active
J3R3FJE8VA,batch-1,active
GSU4AD6H8H,batch-1,active
HG7RXU3CNW,batch-1,active
VZNC652XZY,batch-1,active
222ADKUVHL,batch-1,active
R264974M9U,batch-1,active
PLBX6DF64P,batch-1,active
SMYXMGW2GD,batch-1,active
3EZ4R24JBR,batch-1,active
3RFDTC89RW,batch-1,active
5YZ87ZHC6G,batch-1,active
H34XDLJDZM,batch-1,active
ARM4ZTG399,batch-1,active
GSXN38QGXZ,batch-1,active
7JHMHFS4UD,batch-1,active
PYT2Y2WRT8,batch-1,active
BVLGVG3GDA,batch-1,active
K4NERJKMDT,batch-1,active
UPYXJPNUX3,batch-1,active
SK3VYRDFAP,batch-1,active
STSHRZ3KG3,batch-1,active
W9U9VQV27T,batch-1,active
TV3U5XT6VG,batch-1,active
EYCUU44V86,batch-1,active
VXKSD963NT,batch-1,active
MCAS738E2S,batch-1,active
QC68CF7ULG,batch-1,active
DHJ85SQTEY,batch-1,active
V4DVX2W3CF,batch-1,active
WW95BKQAYD,batch-1,active
XCKVUMDT72,batch-1,active
EVLPBDSP2U,batch-1,active
734TX2BXX7,batch-1,active
MUMA8AC7PK,batch-1,active
MY2TZDJB7J,batch-1,active
TSW8M8ELR7,batch-1,active
F8CMTSTZGZ,batch-1,active
PA8AWKWHK2,batch-1,active
WHKS3NL2T6,batch-1,active
9AMZEQBH5A,batch-1,active
MFCYLDP9K3,batch-1,active
TFUWVKWVDX,batch-1,active
6F46CA8CBM,batch-1,active
EQVVADZ37R,batch-1,active
4YGHMUCXVP,batch-1,active
AN7AAEHRGB,batch-1,active
ZA4CDZBPTV,batch-1,active
WBRVEBS268,batch-1,active
X4TSDQUHNW,batch-1,active
DEKMH4A34J,batch-1,active
798TLXTJLC,batch-1,active
NU49SDEH77,batch-1,active
6SEXR6HDXN,batch-1,active
H6VS5CCS6Q,batch-1,active
B7M3ARGGK4,batch-1,active
AVUXXU9VF5,batch-1,active
JN3S6LFCWL,batch-1,active
2ZF3DTJMJB,batch-1,active
HLU2MMY97M,batch-1,active
V3XZ5BDHQJ,batch-1,active
9XY7XDBEND,batch-1,active
K3Z5436ZXB,batch-1,active
FG73JYJFQY,batch-1,active
5HVP5PMCBW,batch-1,active
A5HPNTAKVS,batch-1,active
X7766NV3XD,batch-1,active
E65MNT55PY,batch-1,active
4CR64AJ4X9,batch-1,active
CPJ4P65WHS,batch-1,active
LTCWLH9U54,batch-1,active
VL95K8YCMJ,batch-1,active
CF438NSBE2,batch-1,active
VJFX5QYTNN,batch-1,active
UU83SUSW5V,batch-1,active
UMY2AZPGTC,batch-1,active
NV6V8XNYWD,batch-1,active
4QQCG66JTC,batch-1,active
Z67U5ZUTHU,batch-1,active
TTLZAC5GDG,batch-1,active
4Q7MYGHRWH,batch-1,active
DJCVRLL63D,batch-1,active
48MAX6SZ7T,batch-1,active
JW4RPXABXH,batch-1,active
AHHHGCGXUB,batch-1,active
AK6JG2BFUC,batch-1,active
GQE2TYH85C,batch-1,active
AH335VW2P2,batch-1,active
SHBDKYHYM4,batch-1,active
Y7NPVAR2CK,batch-1,active
5PD2VWG6M5,batch-1,active
R4TNUNH5UX,batch-1,active
HZFP3EZE4M,batch-1,active
ZMXLDEHUC9,batch-1,active
YSUSVZU7GN,batch-1,active
QAR2V86F2M,batch-1,active
HSQWF49PLW,batch-1,active
626T24W6LL,batch-1,active
TYNK677WSX,batch-1,active
72FV7ERJ5D,batch-1,active
875VC9N3UQ,batch-1,active
S8UT47BHLV,batch-1,active
KVENZQ2EXF,batch-1,active
8YGKX4A9MS,batch-1,active
BDKSD5LP8B,batch-1,active
3QMBTKCFM9,batch-1,active
EMW3H3SJW6,batch-1,active
UH55HXXUKM,batch-1,active
SLN5WXJ6SR,batch-1,active
MXHJ3XRAGQ,batch-1,active
WG7YX6272Y,batch-1,active
VQT237JRXY,batch-1,active
U4ZGADPB3Y,batch-1,active
NQ2G9QY7DL,batch-1,active
YJLPSAWNTR,batch-1,active
T35J6E5QFA,batch-1,active
48PW6XKJUE,batch-1,active
QHNEMFCF3Z,batch-1,active
9EQP6JJ7MM,batch-1,active
VGTN2VH97G,batch-1,active
KR7C9EM4AR,batch-1,active
B7ZV8DCT63,batch-1,active
XFCHTBPEAH,batch-1,active
NT3ZXQZW45,batch-1,active
XD2JH3MBMQ,batch-1,active
W4SZVGWR82,batch-1,active
UU9GKP849X,batch-1,active
J2TJQJZ589,batch-1,active
BG4FFL9Q3Q,batch-1,active
F68RU6DKU5,batch-1,active
UG4CTZWCXR,batch-1,active
X5LC93N386,batch-1,active
ZYSQ9WR3DK,batch-1,active
YGNZUJT8V5,batch-1,active
SQCVTX39NY,batch-1,active
6N55L6HJS8,batch-1,active
AF6ND2WVHW,batch-1,active
SN4SW3ZE23,batch-1,active
37T7VHMARM,batch-1,active
8B6FFQU849,batch-1,active
C7PJ5MEYAW,batch-1,active
VB98BM5QXK,batch-1,active
M55F9LYGRH,batch-1,active
S936J8QVK6,batch-1,active
NK5T5BMGGQ,batch-1,active
S2JW2RV5UF,batch-1,active
7NYHYE8Y9S,batch-1,active
AW762MT2ZX,batch-1,active
CJPNUADFL9,batch-1,active
VQ83H33QUC,batch-1,active
P6NH8NZHNB,batch-1,active
2ZN72J9UEV,batch-1,active
FY2ST3EK8W,batch-1,active
UGJPJTP3BP,batch-1,active
NA2HSE65YG,batch-1,active
2MW6XXXCAR,batch-1,active
6BDFSSHEYW,batch-1,active
ZTPP944Q38,batch-1,active
XGPTG2ZH6Q,batch-1,active
QPAWRN346F,batch-1,active
2RS4YGBPT6,batch-1,active
PKERDMSAJR,batch-1,active
ZKP4LADZEE,batch-1,active
QL7X7X5EYB,batch-1,active
6QYBQLA5C9,batch-1,active
USRDHR4EF2,batch-1,active
466EZM5WVB,batch-1,active
PGAUSGDQRZ,batch-1,active
3L7SBN8VWA,batch-1,active
5X4QJYQUQ6,batch-1,active
LZ7FG7JXDQ,batch-1,active
KTY8KUDB2K,batch-1,active
87SGJYUAEJ,batch-1,active
D9WKJPDE3B,batch-1,active
C38SZ9VC3F,batch-1,active
NGYUVPG743,batch-1,active
4B5C9AHAEG,batch-1,active
546LCB3FWF,batch-1,active
3DJVSKM62L,batch-1,active
U589ZPGSHK,batch-1,active
8PY9SW7JFJ,batch-1,active
SQKEVTYYQ4,batch-1,active
RBM4EUSXKB,batch-1,active
94GUC3N8QW,batch-1,active
VH5XTBK8EC,batch-1,active
A9CXNY73R8,batch-1,active
E8T6QB7NJE,batch-1,active
YZDSBEFUDX,batch-1,active
PJMT3UDMCT,batch-1,active
XTALQJU5BW,batch-1,active
65TKJU35BU,batch-1,active
94XNYE69LU,batch-1,active
6TPYDGA5T8,batch-1,active
4AUT6U3ZZE,batch-1,active
ZRB8VYNKY4,batch-1,active
7LNZXR88BZ,batch-1,active
NJSG4H8ZSL,batch-1,active
A28G5ZU6SJ,batch-1,active
N2SDU4KN8P,batch-1,active
DARL83E7CV,batch-1,active
DAQHEXSXYR,batch-1,active
EQNDNXSBVQ,batch-1,active
CG3RW29GSN,batch-1,active
FAQCKFLB2C,batch-1,active
APE65KMBEV,batch-1,active
5CBVJB2CH9,batch-1,active
KVSWG7M52M,batch-1,active
6XNAZ9ZQMC,batch-1,active
G4A77GGRP3,batch-1,active
AA3LMZSVLC,batch-1,active
44CB5F3CBH,batch-1,active
R43NEPXZN7,batch-1,active
L6494J9TR8,batch-1,active
ADX2KAL65L,batch-1,active
AP7KU5T73F,batch-1,active
K42Z9GTMBB,batch-1,active
XMHFG8M56F,batch-1,active
VHRKTK5SG4,batch-1,active
TXL77FXE2G,batch-1,active
K9PFFQ25EF,batch-1,active
243KNK89NG,batch-1,active
TBTRFD3XTF,batch-1,active
VKGULWB4WD,batch-1,active
PZMV88RRAC,batch-1,active
JYAGJSQWTM,batch-1,active
EVYPJLYFHQ,batch-1,active
X7FW33FE5X,batch-1,active
7TYRW547MP,batch-1,active
NN3MEABSNP,batch-1,active
Z57JHG7NN8,batch-1,active
FV8CYY6FSV,batch-1,active
YWYPTN7AFM,batch-1,active
JLFLWLWASC,batch-1,active
C3PV57SPV7,batch-1,active
5EY7GT2UTE,batch-1,active
34K4VUGW9W,batch-1,active
FH5YUSK6RU,batch-1,active
P6NHM699G5,batch-1,active
6LSMYV35DC,batch-1,active
37NUGRPKM3,batch-1,active
5B3EN2A49F,batch-1,active
QTLTW666VW,batch-1,active
SVYXGDSBKD,batch-1,active
KMP7X6WBLQ,batch-1,active
4T4QHAXFDH,batch-1,active
4FJ33EETTT,batch-1,active
Q63K3HE6GH,batch-1,active
PSBZNUTFBR,batch-1,active
7G5H8GA5FN,batch-1,active
ZN5VL9NL97,batch-1,active
JD33DV2QL7,batch-1,active
EVNDBZPGEV,batch-1,active
GX3ARHFL93,batch-1,active
S53DQJK6QC,batch-1,active
CNVQCKCJFP,batch-1,active
MGJFAE6N2A,batch-1,active
ZYVY258J4W,batch-1,active
9HY89PSZDU,batch-1,active
3QD6J43W4C,batch-1,active
NUDPNLVXF8,batch-1,active
PCF5Q997NL,batch-1,active
M7H322G63H,batch-1,active
WQD87DBLR3,batch-1,active
BUAKNUU3WG,batch-1,active
HCFMQGLGZQ,batch-1,active
844AATJUER,batch-1,active
WQZ8ZEWZEB,batch-1,active
DQ3H3J82KQ,batch-1,active
D7F6RKQRAF,batch-1,active
CTA3KPVXHL,batch-1,active
M5FQ37VQQG,batch-1,active
6AGYFM3MG6,batch-1,active
KFP566GF2W,batch-1,active
BZ4WP7RYTQ,batch-1,active
32A8VRXMPU,batch-1,active
HJ6V3TCLN7,batch-1,active
EKXDWD9U9P,batch-1,active
GVAZEXYS7R,batch-1,active
VT3GS7WCL4,batch-1,active
ZUP59797Y6,batch-1,active
FT6XAD8JRT,batch-1,active
47XWH78ZMQ,batch-1,active
BV6BCSUWDN,batch-1,active
272Q52MEZU,batch-1,active
UP5VMYNJFX,batch-1,active
DCGYJNB38F,batch-1,active
8GNLD7YSLT,batch-1,active
2DWFLCKJ48,batch-1,active
NNM9P3MUCB,batch-1,active
QDPYHK3Y5T,batch-1,active
38Y4FP7QTE,batch-1,active
S6NMLHG3WL,batch-1,active
R4Y2CVQ9P4,batch-1,active
3UZDKNK5FS,batch-1,active
43X68XAHUL,batch-1,active
7JX3WF68UY,batch-1,active
A4EVPZ7H2L,batch-1,active
LYVQFHA2CL,batch-1,active
9MU8ATG774,batch-1,active
T6KKCUL6CW,batch-1,active
AQY8QKHX24,batch-1,active
A4RD39SU9H,batch-1,active
R7JB9TP6UT,batch-1,active
UC342WQYBJ,batch-1,active
XSN7KPXCYW,batch-1,active
82HVPM3E7J,batch-1,active
UPLJGEW9KC,batch-1,active
LF8AVL8NC5,batch-1,active
BNGXE27NPE,batch-1,active
KTA4ELMUSY,batch-1,active
FB5BH4KR8T,batch-1,active
5GQE8HBJY4,batch-1,active
PG2ZC4SFK6,batch-1,active
KRM3YTQMH2,batch-1,active
W85NBA5R7U,batch-1,active
9STNGMC5J3,batch-1,active
8DGDEKDNUC,batch-1,active
VQ5XMWYAFR,batch-1,active
LBHS75VJ5K,batch-1,active
269KCK7Z6L,batch-1,active
C2JVCFSK79,batch-1,active
LT4WNMC2T9,batch-1,active
JUJPVNQRX7,batch-1,active
NFX7GPMRHT,batch-1,active
3UZW2CS96V,batch-1,active
KV5AUSEZ22,batch-1,active
LLXPGHJDKH,batch-1,active
QLF3R3KVJ3,batch-1,active
UJCHC32WQ6,batch-1,active
CU8UAHHMXN,batch-1,active
PJ34JLY497,batch-1,active
B8U262LBRC,batch-1,active
5SYJDFCVHL,batch-1,active
BAPKD3VUKB,batch-1,active
5JE3BCBER9,batch-1,active
WYSES84P65,batch-1,active
VAH5W9TPH2,batch-1,active
JD42DBSR36,batch-1,active
DTJ9ZCCDNK,batch-1,active
9F3K3WLRKX,batch-1,active
NW2WJ5Z2SA,batch-1,active
LHLB7GH9AV,batch-1,active
3TLWN6RSNM,batch-1,active
L5V3TUQYN3,batch-1,active
TPYGU7AKU8,batch-1,active
Z6AP8STFWT,batch-1,active
HN6E4AVCWW,batch-1,active
F946D76NF8,batch-1,active
5VL8V3FQWD,batch-1,active
BZUZH6472D,batch-1,active
KJ599WNUE4,batch-1,active
K8G7X7C9H8,batch-1,active
ESPGYRZ5FA,batch-1,active
JFVR6GB6XS,batch-1,active
QNXKUQAFDJ,batch-1,active
TUVLB2BZKW,batch-1,active
LL2BANSR8T,batch-1,active
7GG6Y89U8K,batch-1,active
VRCDJG4ZTY,batch-1,active
UL9QZLP25R,batch-1,active
5QTRKMM4DH,batch-1,active
FMRP4R5XW2,batch-1,active
N4K34MEWZL,batch-1,active
BUKZE2Z4VX,batch-1,active
M24QPVBTLQ,batch-1,active
PM6LQNRPZP,batch-1,active
CREF2XGFQE,batch-1,active
73DX5AEYKV,batch-1,active
C87KSMUZEL,batch-1,active
R4X9F5GJZM,batch-1,active
8PGTXPFL74,batch-1,active
CEUBHZ9246,batch-1,active
Y4Z5X5PEHV,batch-1,active
MCVEYV2M7V,batch-1,active
ZE484LW7W8,batch-1,active
TC2Q3PH52M,batch-1,active
36HL2XZRPM,batch-1,active
SKBF2ECLGQ,batch-1,active
UCF2CP2NT2,batch-1,active
WQ9NNCVBKH,batch-1,active
TD7RSLXRTA,batch-1,active
FXJHW58JAS,batch-1,active
H9X3TUHBMY,batch-1,active
XQ2CETVG5G,batch-1,active
V2HKK3U4VZ,batch-1,active
A449E5DFAG,batch-1,active
3H3M5XGUPP,batch-1,active
9MVTYECSRR,batch-1,active
4VATK8WJ6U,batch-1,active
5EXZQGE4QF,batch-1,active
P8PCMVEC3D,batch-1,active
TM57PV52MM,batch-1,active
4H28KLDLE7,batch-1,active
S8S5LL3YJK,batch-1,active
Q7AYKKHYA5,batch-1,active
JC5DCCS6F7,batch-1,active
KMQDGMGUPD,batch-1,active
V2FVRSFS8H,batch-1,active
P52A9GMTNP,batch-1,active
L5V3EKATEA,batch-1,active
RSAFA4ELCU,batch-1,active
52YLPRQW7J,batch-1,active
VCJJLMUATJ,batch-1,active
F9NVRYYHPH,batch-1,active
MB5EUZ8X5M,batch-1,active
AP26UXSX56,batch-1,active
AF5HELPNJK,batch-1,active
SCV9E6C9FR,batch-1,active
QUXW99XYCP,batch-1,active
7RNWX4SSYN,batch-1,active
79A79P2B68,batch-1,active
D998M4JGAV,batch-1,active
EC6J27M6XC,batch-1,active
V2WSEWUXKP,batch-1,active
NWBVV6H9U6,batch-1,active
4ZJRAJPU7M,batch-1,active
2RDFNCYPFA,batch-1,active
GMEEFU5X77,batch-1,active
LZGNYU4FTZ,batch-1,active
9N8ZP76K9G,batch-1,active
PF6SHNFDG7,batch-1,active
W5M884D9VC,batch-1,active
JTVH4ZX4TP,batch-1,active
SQPEKH56HM,batch-1,active
KA2W3D6JXY,batch-1,active
HKXUK97SUG,batch-1,active
DXHHD59K46,batch-1,active
M6UDQX6DYA,batch-1,active
X9MKX3PPF3,batch-1,active
RYKGRV5XHC,batch-1,active
UKLGQCN6SS,batch-1,active
NN5SDEPBTX,batch-1,active
QNGVYSJHYF,batch-1,active
ZMZCNWCV4C,batch-1,active
8SYDDMEM5Y,batch-1,active
9XQ5CNKZKX,batch-1,active
K7NEPYGH6W,batch-1,active
MBKFKQDS6N,batch-1,active
9VKKS4NAB6,batch-1,active
2SHW244TSU,batch-1,active
TZWHEG838X,batch-1,active
JSQEDXBZ93,batch-1,active
FY3AWLSHG4,batch-1,active
9GASHAPXWU,batch-1,active
MJCEG9PYNL,batch-1,active
VJ3F2TPCWG,batch-1,active
E6TK6FXBR3,batch-1,active
H47V5WWSXD,batch-1,active
FJTXSY4ZZH,batch-1,active
R74PJT8QTJ,batch-1,active
N226JZMH9S,batch-1,active
Q6FRF9XM3Z,batch-1,active
JPK2VBKE9G,batch-1,active
XNHFMKT92H,batch-1,active
WE7V9HA3PK,batch-1,active
9WFD95YWHF,batch-1,active
4B9YM56K3Y,batch-1,active
QH2HYVKZ43,batch-1,active
DDKG7FBNTR,batch-1,active
4BF5E7FPXB,batch-1,active
ZXSD7AUJRE,batch-1,active
YTCA6SSNZ5,batch-1,active
JVHMKGZXEG,batch-1,active
3RZPUCD676,batch-1,active
4Q7P6CTTXH,batch-1,active
B59DLF278F,batch-1,active
M98U6WQ7VQ,batch-1,active
DF8LC8ZDBQ,batch-1,active
RTEYV88CBC,batch-1,active
6ZDUMA5MSH,batch-1,active
Q8R7M3JSEV,batch-1,active
R4GWKCBX4M,batch-1,active
QKZTXDRSFB,batch-1,active
MSJ9N8VSW6,batch-1,active
8Z9S86ZPNN,batch-1,active
LDFJU3H4B8,batch-1,active
DKMVWVRY6M,batch-1,active
JSL89FS8SC,batch-1,active
WGSXMQ3LUG,batch-1,active
MQBBH5K66P,batch-1,active
WWP8742X2X,batch-1,active
R32EMB8AUN,batch-1,active
TAKP6XXVWC,batch-1,active
PWV2BD23XV,batch-1,active
CTHDMQRBJR,batch-1,active
8FGAQD2ELX,batch-1,active
7C2836U6E2,batch-1,active
SGEVFMHPDN,batch-1,active
BK9WQ4P2WD,batch-1,active
UN43F7LF99,batch-1,active
2EWYVJDJRH,batch-1,active
UTCB9MX9UB,batch-1,active
AMMPANR2GZ,batch-1,active
98VZGRAKEB,batch-1,active
RG35TVLCZC,batch-1,active
ERFQW8YA2H,batch-1,active
2UYZWCRUK6,batch-1,active
QZEA76C429,batch-1,active
8C5RPDDSEB,batch-1,active
HY678RRK9D,batch-1,active
N5AM9ML2E8,batch-1,active
95LCNPRTNJ,batch-1,active
6Z82HPWR95,batch-1,active
JQB78R63HZ,batch-1,active
53EUKLRXZN,batch-1,active
TPPRT4YCHC,batch-1,active
9GRPQA8YV9,batch-1,active
AP87QW7KUT,batch-1,active
TDJGANZ3RR,batch-1,active
M47W5BN93R,batch-1,active
BYK6JTERGU,batch-1,active
ESS37WKEKQ,batch-1,active
H9WKD4ETV6,batch-1,active
QSSGLLK2SZ,batch-1,active
L8SRNSPYYQ,batch-1,active
AY96LFKUWE,batch-1,active
4CHH5AN7AY,batch-1,active
ZBTBB67ENP,batch-1,active
65Z7VMZS7X,batch-1,active
FDS6PASJBD,batch-1,active
MYUQZMXDMR,batch-1,active
W9KSDRKKX6,batch-1,active
6VYC95U5V9,batch-1,active
W5L7XC5AAW,batch-1,active
WKC477E8KN,batch-1,active
LAB3V2GQ8P,batch-1,active
VP8MBHGHYL,batch-1,active
7YD82DD4Z2,batch-1,active
9ZWJ4LFBTD,batch-1,active
6FZW98TUPY,batch-1,active
U8MJ3QFT6H,batch-1,active
UN88CQGNCS,batch-1,active
EVCUVQKK3C,batch-1,active
U3H5GBAK89,batch-1,active
B4AMBJMYRT,batch-1,active
5K24CFBAP6,batch-1,active
45C8KKQ99A,batch-1,active
YH367MBB6L,batch-1,active
ZCSLL5KQJW,batch-1,active
SDDX2W72GA,batch-1,active
PZPFZ2GN8A,batch-1,active
4DLUV7NGNG,batch-1,active
DFD63L5KJ2,batch-1,active
SMNMBUPGJY,batch-1,active
Q3J5FJUEHT,batch-1,active
YUZAZQBL98,batch-1,active
R2Q6T2DJWL,batch-1,active
AF8SHUFZF7,batch-1,active
3YM2ZPJQ8P,batch-1,active
WZJKYNLK8A,batch-1,active
V6C6B2GTDK,batch-1,active
A2SU5LE2XV,batch-1,active
W5TVAJDXZE,batch-1,active
ZH3N8KWFR4,batch-1,active
YMHT8HXJ93,batch-1,active
NC8RKVN767,batch-1,active
REZEYHDXQY,batch-1,active
8FKYZFE6Z9,batch-1,active
44UUQX6FYD,batch-1,active
QS7P5X5GCW,batch-1,active
YMZ2PD7ASL,batch-1,active
VXB5U5E99G,batch-1,active
3BMY3QFNED,batch-1,active
E58LV8RUUT,batch-1,active
LHST749Q9P,batch-1,active
2KKNS992P5,batch-1,active
N8FUC8Q3MX,batch-1,active
XBN6G56BYA,batch-1,active
LTW6EBLLND,batch-1,active
782GQBLWLL,batch-1,active
9ENASVMFD7,batch-1,active
YVVMEDPMMG,batch-1,active
RUW5FN3FUW,batch-1,active
V9C9SEBZ2G,batch-1,active
PVXNANAU75,batch-1,active
HTSMJ3SK8P,batch-1,active
BBGM66DF3Q,batch-1,active
Q4ED4A2V45,batch-1,active
QCC9SE7HMP,batch-1,active
NX3E22W58D,batch-1,active
P8CMUQEDT8,batch-1,active
K39UB9G8T2,batch-1,active
GQMVSNDNXH,batch-1,active
EG2ZBGZ3NX,batch-1,active
Y2RGSH79B2,batch-1,active
XJS584WD48,batch-1,active
4YEM765TT2,batch-1,active
P5DQMEVSH4,batch-1,active
9694A6JH35,batch-1,active
DU6S26PNAB,batch-1,active
TDPGWD9YHN,batch-1,active
G8XDBHAAJE,batch-1,active
WJMEBG7Z57,batch-1,active
UHLKL4YZQK,batch-1,active
JUJRHPNH75,batch-1,active
Z4AESY83LS,batch-1,active
2HJMKLER3J,batch-1,active
SXLYMCE5LJ,batch-1,active
SNZSFZLTVS,batch-1,active
FL7RZ4H3NU,batch-1,active
EP3DYXLZ9W,batch-1,active
LVT4ZG96F4,batch-1,active
7VBYAY3MJW,batch-1,active
Z27Y233DCW,batch-1,active
AAU5QL2JCN,batch-1,active
5QYZHLZMJM,batch-1,active
LTAYTW8JHS,batch-1,active
3256K9ZL4R,batch-1,active
GM8NDSNRW4,batch-1,active
BM3ER39QDY,batch-1,active
M828BAUNNH,batch-1,active
D4DDLG4EH9,batch-1,active
FUYCP9FBUH,batch-1,active
AEJS3KXC2X,batch-1,active
5J44PXPMTQ,batch-1,active
94DJBA3UW5,batch-1,active
6W5X9BTP6U,batch-1,active
U4G5U7E9WJ,batch-1,active
EVR8UVCQ66,batch-1,active
YBVJNEABFQ,batch-1,active
ENJBB7NNW6,batch-1,active
ML4533KPLC,batch-1,active
BK7QF5JRJC,batch-1,active
WPEWRXPZN5,batch-1,active
U5HR2EXDM7,batch-1,active
CL9D7HN9BF,batch-1,active
2Z9JMHBJTL,batch-1,active
S9PC332ZSP,batch-1,active
R3XUR6PXN3,batch-1,active
YS77GNU82N,batch-1,active
APV5B2HCNR,batch-1,active
HGZ6EC6D6S,batch-1,active
2Z83D52K6B,batch-1,active
UQ6M2V28S3,batch-1,active
FCTKP6Y3Q8,batch-1,active
SDWZXLBGAM,batch-1,active
ZZDXQXWT5B,batch-1,active
A9Y44D98RG,batch-1,active
RYJ5LKHPSK,batch-1,active
79LU6467AX,batch-1,active
XLRT62A7ES,batch-1,active
3RQET29G6D,batch-1,active
YNSNP9VN76,batch-1,active
GDC8HQP57L,batch-1,active
U53BUMWYKB,batch-1,active
5MFXWK2SVW,batch-1,active
CC3HG77L4A,batch-1,active
XSRDPW2UWF,batch-1,active
WMX48BPRTP,batch-1,active
GSHT8AEGCY,batch-1,active
UV3MQFF7NL,batch-1,active
6YBE26W6BG,batch-1,active
FGAWB3AFA7,batch-1,active
TH3NHBKRQD,batch-1,active
KRV74D5X38,batch-1,active
ZN9LA9WAK9,batch-1,active
WBFTCCD4W9,batch-1,active
3AEQZPGKKJ,batch-1,active
BBBTMJE4Y8,batch-1,active
FWEWQ6A3E9,batch-1,active
WWWHGBGTUS,batch-1,active
EWS67VG3NX,batch-1,active
3RBFFJR2EV,batch-1,active
PBWJJV8MN2,batch-1,active
XBHN4TVZVM,batch-1,active
7MYD2VRFFT,batch-1,active
D6UB3A4N3X,batch-1,active
HX4ZTS3YDZ,batch-1,active
HYCP7BBLWD,batch-1,active
L6C4DUKKBJ,batch-1,active
8HHMXBVJAZ,batch-1,active
94CEMJDF42,batch-1,active
Q3NMJE887F,batch-1,active
F255ERFY6G,batch-1,active
TW3X85E3X3,batch-1,active
ANC5EYZTR3,batch-1,active
TMNCKQ3U8Y,batch-1,active
QKDPU4G4DH,batch-1,active
2XCD5NAKBD,batch-1,active
MMEF4DEGFV,batch-1,active
U7CZLG3LLM,batch-1,active
GL9XKVJW5R,batch-1,active
N79TSSQEBG,batch-1,active
873TTDQF5A,batch-1,active
NQ9U5GLKXU,batch-1,active
S6W3TALXRT,batch-1,active
SNWLLDWKNU,batch-1,active
RE99BGPEET,batch-1,active
TV8AN59X42,batch-1,active
6J8PQG9MZJ,batch-1,active
QK46ENVK4D,batch-1,active
SGQBNYBXDE,batch-1,active
8EMNWDJEJE,batch-1,active
WWX94W5T3R,batch-1,active
Z7HNJGUKTU,batch-1,active
V6Q5EXANYX,batch-1,active
5VGG7RGVA6,batch-1,active
PHE8TEBULW,batch-1,active
FUY85BCD7B,batch-1,active
SGVSR9WXED,batch-1,active
MMCYYYYK9W,batch-1,active
S6XQZXYJYU,batch-1,active
TTZKXPEJ37,batch-1,active
T7YHRHUHNX,batch-1,active
YJV4B5P6CG,batch-1,active
EN43CSNACQ,batch-1,active
9WXU2TNHUY,batch-1,active
W75QV5L7UV,batch-1,active
3W6ACMRDJT,batch-1,active
BW6T3DSMGB,batch-1,active
2LMMEMUCR7,batch-1,active
GKHZ9QSNFG,batch-1,active
T4M6PA7BG5,batch-1,active
PV3P8MYGTT,batch-1,active
NRXHM4YTKB,batch-1,active
7MAC4SRWXT,batch-1,active
ZDWRQ984TC,batch-1,active
WL89YBRUJE,batch-1,active
MFGTPLDWET,batch-1,active
WBMJR5EYDY,batch-1,active
JAJGQ59FFA,batch-1,active
H2ZEC6YLBU,batch-1,active
3S8445LC73,batch-1,active
Y4FP4W95E6,batch-1,active
FNRPTQ59QS,batch-1,active
HRRFJ7DPKJ,batch-1,active
LVXCV5UREB,batch-1,active
7TS2XD7TEM,batch-1,active
QQ7KADWPAD,batch-1,active
CEWJTV9K7D,batch-1,active
E23FXRTTJU,batch-1,active
H3VGYWC8XZ,batch-1,active
AAGU6MLPHX,batch-1,active
486BCSS8C6,batch-1,active
QKSUAXTJKR,batch-1,active
M6BW3KH5BP,batch-1,active
XCNLLFM2RU,batch-1,active
KDGW5CXA8J,batch-1,active
AYXYMVGZKD,batch-1,active
5N2V9N3SHT,batch-1,active
LNL7RKGC2T,batch-1,active
QM73GVYZ2S,batch-1,active
A899CXCJP4,batch-1,active
HKNBCE93N7,batch-1,active
2JQN62NC52,batch-1,active
EEB3K9N3CF,batch-1,active
2KAWV5X948,batch-1,active
ZRWUA9DXUN,batch-1,active
L76NUFZWU7,batch-1,active
YPC6B2PP35,batch-1,active
PC7ZXB87CG,batch-1,active
CYXTVP88LQ,batch-1,active
V85ZTPB6QE,batch-1,active
PUWZ6PBXT4,batch-1,active
DYGZ9PRCVV,batch-1,active
J2DWPAUA8U,batch-1,active
GEB7SSYK8A,batch-1,active
9ZN3L57GKY,batch-1,active
CYWPK7AUM2,batch-1,active
4RBZS3MH2P,batch-1,active
7EZTR7MCSS,batch-1,active
7VXEQXKGED,batch-1,active
44PMHVZSKC,batch-1,active
6TZHXXW67Y,batch-1,active
JBU4V3X35R,batch-1,active
TF4GELCD4L,batch-1,active
WERUTNN9EK,batch-1,active
LJ4ZPEH9AK,batch-1,active
PGBT2MJPDH,batch-1,active
77QJCANQJN,batch-1,active
4WQWY5X4GF,batch-1,active
ZUQLM5SDWR,batch-1,active
3KAGYHZY9P,batch-1,active
RS5JHW9W6L,batch-1,active
CFF8YNYL2M,batch-1,active
AJJFS7SLNG,batch-1,active
T6TEUXR9NX,batch-1,active
MJDJLSZDFZ,batch-1,active
QMYJV7MP62,batch-1,active
TTY4RMA85S,batch-1,active
WRMWJADPC4,batch-1,active
GMCN3LMWLE,batch-1,active
PMA4U9DHCR,batch-1,active
B5GP9DTFCA,batch-1,active
KKL8US55EU,batch-1,active
VY6KBUP6W8,batch-1,active
R2S2LSUA6H,batch-1,active
SYDH6PZZ5X,batch-1,active
D2L6BXF479,batch-1,active
DSHCNFMAPL,batch-1,active
NB9QMVG2ZJ,batch-1,active
JS89EXCTBY,batch-1,active
NT9ZXEKAYF,batch-1,active
E88NVEKM32,batch-1,active
R235H32LH7,batch-1,active
4VX5CG2ZMX,batch-1,active
Y57Y5AT396,batch-1,active
Z6ZL7UEL6A,batch-1,active
WKRHYGX65T,batch-1,active
YBXKK8NQLJ,batch-1,active
ZZNJ2WH67G,batch-1,active
AFV3WPAJ2X,batch-1,active
UQXHNE2SLC,batch-1,active
F4RTA8LBFP,batch-1,active
N3T4ZMM9E8,batch-1,active
7UVJ3LB8KT,batch-1,active
TGHLCEPLNF,batch-1,active
EK9ZKUZWKK,batch-1,active
8A77GMKHQK,batch-1,active
E3RLBACARG,batch-1,active
NNKKD25NZX,batch-1,active
R6XLUR2CTP,batch-1,active
3S7HPHNNHM,batch-1,active
SVQKBTH347,batch-1,active
DR3TT46PA9,batch-1,active
8URJW4ZRCK,batch-1,active
JQCQU9BFG8,batch-1,active
RRPQHJCX2Y,batch-1,active
2DSLM6SRKU,batch-1,active
2NFGSPM7F9,batch-1,active
K56R534YNH,batch-1,active
K86Y7HQRP6,batch-1,active
EZJMMLTAUR,batch-1,active
J4JPJ5ZV47,batch-1,active
UES2P2DBYW,batch-1,active
2UD4Z6735A,batch-1,active
4FN552QECY,batch-1,active
9P8NRQZZ9H,batch-1,active
X4MCAHZ5U4,batch-1,active
NPXN4VKDFS,batch-1,active
KSS6XANFRE,batch-1,active
Y468JNHBVB,batch-1,active
JKVTD9PPEA,batch-1,active
PH5R8KCJ5F,batch-1,active
4LQZKLJJGZ,batch-1,active
8AYNKH7ECC,batch-1,active
5657GWD6KX,batch-1,active
6GDH6WAQGM,batch-1,active
AW6EEHHQZN,batch-1,active
JF9NR6XWQF,batch-1,active
HSEJ68PXBR,batch-1,active
GTNMS6LH5Y,batch-1,active
LDMQVDCGJA,batch-1,active
SVNBMNCX3X,batch-1,active
PTCYXZGT22,batch-1,active
QRXQNGUXEQ,batch-1,active
85CC3PLDGZ,batch-1,active
EZR7NVMYVM,batch-1,active
ATV866R5ZP,batch-1,active
JD9AWSV86X,batch-1,active
H3TAK7P7ZX,batch-1,active
QZZBHXGX2D,batch-1,active
B69LB4VKS5,batch-1,active
PUEJ27KS6S,batch-1,active
HQRHCKSRCX,batch-1,active
KFJSHQXN9B,batch-1,active
BTT5P8ZWUF,batch-1,active
X2J26DVHKJ,batch-1,active
RM7EEL2MNK,batch-1,active
KCXLT4B3RY,batch-1,active
KSC3WDH3N5,batch-1,active
L9XWMVSB67,batch-1,active
9QE8B7LCKY,batch-1,active
9RSLX93ZZK,batch-1,active
YWCDUCNZTP,batch-1,active
KBFD7KN6NY,batch-1,active
28ZFFHLNL3,batch-1,active
RLNKBN694E,batch-1,active
RB5YQZMBNQ,batch-1,active
8B5TZTKCQQ,batch-1,active
C25RN884P4,batch-1,active
8WBHVSUFYJ,batch-1,active
CMHPQMAANG,batch-1,active
SBVFYV259X,batch-1,active
4VRFNH4CSR,batch-1,active
UYPG8H8Y9K,batch-1,active
7ARW373GZF,batch-1,active
QEYWX6M6S4,batch-1,active
W3GKNW2AHC,batch-1,active
KKWPYJFUWQ,batch-1,active
DPTC2DEJCX,batch-1,active
FKPQMCAPG9,batch-1,active
9UXUHWU6MH,batch-1,active
AS55GXLG3U,batch-1,active
82KBZWUF9M,batch-1,active
7YWZMTM6UB,batch-1,active
RFCVBVGHP4,batch-1,active
LHVWBZJVJA,batch-1,active
6BNAHK236X,batch-1,active
BL5VK6K3Q5,batch-1,active
4YMX73ZXK8,batch-1,active
MA76XRCTVZ,batch-1,active
7LVRWFZTCT,batch-1,active
5HBR3T4C8R,batch-1,active
T5CFYSEHXY,batch-1,active
J6LR3RSWBZ,batch-1,active
LPMW83XEZC,batch-1,active
Y5X6X6C5WG,batch-1,active
6TPQUTC8AC,batch-1,active
9332Z6ZWH6,batch-1,active
W5DDVE7J27,batch-1,active
MVAYAXZGTG,batch-1,active
ZNQ3A85JQS,batch-1,active
6SHGNMEKFK,batch-1,active
RM8CA8TSDY,batch-1,active
PX9F9NLAHA,batch-1,active
9QBXAHD9YC,batch-1,active
GETFBWTMW9,batch-1,active
UCBRFLF2S6,batch-1,active
3WADZ53KU5,batch-1,active
GK8Q437Z5E,batch-1,active
BL825XS6S6,batch-1,active
QGQ6VDGUPD,batch-1,active
QFAECNPRHV,batch-1,active
TDN3RR35M4,batch-1,active
BPN9RZE3WD,batch-1,active
332PLHKCVU,batch-1,active
UHV8EWSDC2,batch-1,active
DEJZPGZALU,batch-1,active
4Z7Y85YAED,batch-1,active
4TG8UD934M,batch-1,active
2B8LWDRUFP,batch-1,active
58XZUXND4K,batch-1,active
QUL2JAFA58,batch-1,active
CWG2Y6XY3M,batch-1,active
6L824TZ4F8,batch-1,active
8C7Y7XSKLM,batch-1,active
YGWVJZ5ADB,batch-1,active
N9J864SCNJ,batch-1,active
5FHDCQPW87,batch-1,active
GE5TRH9URK,batch-1,active
JDHTWTQFJL,batch-1,active
MYXDZT37RP,batch-1,active
8Y5APN2YSQ,batch-1,active
JF3XFWKCKX,batch-1,active
5C3CB9HZ2L,batch-1,active
4AP7QNQRBP,batch-1,active
5HXVZL88FN,batch-1,active
7EUHUGKGMG,batch-1,active
H4CUD4PHL9,batch-1,active
TRM3Z6BC3S,batch-1,active
US329TCE99,batch-1,active
NJZF5GK4AL,batch-1,active
UNBR4PXWU5,batch-1,active
KMXBH6JWNG,batch-1,active
GHUFVHPQGD,batch-1,active
P68646DP2F,batch-1,active
G38B6278WP,batch-1,active
CC8K63NSVJ,batch-1,active
67RVSUXCLF,batch-1,active
58Z8QQHFMA,batch-1,active
78586Q2TL7,batch-1,active
3VJ3M4AKEK,batch-1,active
YF564HNJSG,batch-1,active
V2N72VB5GP,batch-1,active
9RFPNEX8AJ,batch-1,active
RY6JB8AX7S,batch-1,active
5ABYBT374U,batch-1,active
4BY6T3U3VU,batch-1,active
LMW5PLGR32,batch-1,active
QQY7D5X5D3,batch-1,active
VQDAPHPF69,batch-1,active
3T2TYL32T8,batch-1,active
ZH76L4PFRN,batch-1,active
5L9BKWZFQR,batch-1,active
F2PU3A7VN9,batch-1,active
Q9295EF7ZJ,batch-1,active
78GEBWRJCU,batch-1,active
JZHHBLNCK7,batch-1,active
6VS7TMT9Q3,batch-1,active
M3527SEUU4,batch-1,active
R4MK6SBGSJ,batch-1,active
RAVPA7MYHT,batch-1,active
XND24CW2UM,batch-1,active
AMXDML9F4A,batch-1,active
LCKAKG3PN6,batch-1,active
DPLBC9XTYQ,batch-1,active
QLWRNZDKNQ,batch-1,active
VQWXUTTR6P,batch-1,active
NDRZBMT63H,batch-1,active
CFMPYWCCAE,batch-1,active
URZTGADZHA,batch-1,active
TVRZFE478H,batch-1,active
U9ZUCSHFR3,batch-1,active
9FY7MMA8WQ,batch-1,active
JVVK3J7US3,batch-1,active
YUK6YL4525,batch-1,active
4K7JDSSKXH,batch-1,active
5UFMWZVBVJ,batch-1,active
XH6RE3W2E4,batch-1,active
4C69WY4QGN,batch-1,active
NBG8X25VML,batch-1,active
SACZ9HF2L5,batch-1,active
JD3YKMBVPX,batch-1,active
GGM73CRSKV,batch-1,active
DPT3ZA3JMT,batch-1,active
S4PGE39HGH,batch-1,active
L2M2GWZJQ7,batch-1,active
5BJAB5JH36,batch-1,active
4ACC9LR45Z,batch-1,active
KKASJ8MTF7,batch-1,active
YPP3U7NHG7,batch-1,active
B2NNB433BM,batch-1,active
L9GZ3XUWTL,batch-1,active
XJL3FJH3C7,batch-1,active
L7Q8PM586F,batch-1,active
VG97RTC445,batch-1,active
UNS9UA5SXZ,batch-1,active
QQZ3JFPP2J,batch-1,active
H9QX4J6E7X,batch-1,active
FNDGX7UQVH,batch-1,active
TFAR5YYZ5J,batch-1,active
92GL58AA4C,batch-1,active
4JWCNHDRSE,batch-1,active
4GCD9M5MLJ,batch-1,active
ZKVR6PEXMF,batch-1,active
NXVU4FRD9G,batch-1,active
Q5ZMXNNDYE,batch-1,active
E7ANNB28M9,batch-1,active
CQAFTR2U8P,batch-1,active
BFTCJZGD8F,batch-1,active
H73DW75Y5Z,batch-1,active
MNKZJEHLTN,batch-1,active
HJ3SAKH8JK,batch-1,active
HNKUSZ4FPY,batch-1,active
RR6CWXUYV4,batch-1,active
3VMP9B3VRE,batch-1,active
XCLQ9Q6STS,batch-1,active
X6X8XNXKFG,batch-1,active
LVQZ2VD9DK,batch-1,active
ZWEYPWL5LZ,batch-1,active
FPFCLWBH8F,batch-1,active
H2BWA92929,batch-1,active
EWSYJ9KF68,batch-1,active
JBYBPRZ6BL,batch-1,active
945NB5PXFL,batch-1,active
5TMHVH5SN9,batch-1,active
78NX222A52,batch-1,active
F4FXRFXXTE,batch-1,active
SRWVE68BY5,batch-1,active
LNK7WRACAV,batch-1,active
KDVLNBLMDW,batch-1,active
WJP6WL5S7T,batch-1,active
SRN5ATTVTZ,batch-1,active
H4P9SL5LKA,batch-1,active
UR5BZXFE3G,batch-1,active
JGKHB6GAN3,batch-1,active
4G3RRKS957,batch-1,active
WGEWGR89WT,batch-1,active
PA2REJH5D3,batch-1,active
XRKTKEYPCZ,batch-1,active
Y7NRCBRG2A,batch-1,active
JYCY5VYPRB,batch-1,active
525WARYE4R,batch-1,active
JFX6TAPMAB,batch-1,active
T2R7TCZA4K,batch-1,active
USLXJJNJTS,batch-1,active
T37XYLQBDE,batch-1,active
JN6YV2EED5,batch-1,active
TEJUT63FGV,batch-1,active
E4WA7UPGY8,batch-1,active
KY7QT4U5D5,batch-1,active
S3G2BHZ4MZ,batch-1,active
KRV5AT2VAH,batch-1,active
LSY4ZWXGD8,batch-1,active
VJ83DG3VQL,batch-1,active
HRV8QJJWBA,batch-1,active
GW6QV8Z87P,batch-1,active
JKZGABCTR5,batch-1,active
2JHAUREFUV,batch-1,active
H3JSK86MDQ,batch-1,active
CRQNSF8CKL,batch-1,active
YTAL5V582H,batch-1,active
X3PTKKA5HN,batch-1,active
XUMX2AJ5RQ,batch-1,active
37N26N2DLW,batch-1,active
RK9ZCLD3Z7,batch-1,active
LV2URV3AQV,batch-1,active
XENFCFEWNC,batch-1,active
88UAS4TES4,batch-1,active
YJWFP5RSVN,batch-1,active
SMTNMD2MET,batch-1,active
RDGV2RLDRE,batch-1,active
Y6D54Z5E34,batch-1,active
XTGRZ9HHYX,batch-1,active
8P2JWN72MJ,batch-1,active
NEKGDC6P25,batch-1,active
CB8T7YKA7X,batch-1,active
MCUSC3BM8M,batch-1,active
UM6PLLRPKV,batch-1,active
3PHMJGNX9R,batch-1,active
WSCGAESGVC,batch-1,active
5YQMSAYYTZ,batch-1,active
KPEPSEHQGP,batch-1,active
EVAP3MVGUU,batch-1,active
AXCV9WCEA8,batch-1,active
RNMF8UU5SB,batch-1,active
RCZNXW3A3J,batch-1,active
983CT43XVA,batch-1,active
DSTDCT3PEC,batch-1,active
DYE3VFCFUD,batch-1,active
CHYLKXYUB8,batch-1,active
PQR829P8LC,batch-1,active
HFQ93MXXTE,batch-1,active
Z64JW4G236,batch-1,active
JJV8XK8QLG,batch-1,active
TN9UEWNHKL,batch-1,active
A8NV6MMT6P,batch-1,active
E688CQGGMH,batch-1,active
628MC4XLSQ,batch-1,active
CNQ4TZ8GN8,batch-1,active
UK4A9XV6PJ,batch-1,active
PLTYADA6N8,batch-1,active
HQ4NDWVPB6,batch-1,active
CRVT5LEABN,batch-1,active
NGVQ3KPDM9,batch-1,active
DSLU4JXT74,batch-1,active
LC3VMTGKPS,batch-1,active
XWPK4YCRZQ,batch-1,active
2RJ8K2N6HX,batch-1,active
UTJ3NJAKFM,batch-1,active
ZTPEY7NW8U,batch-1,active
XE4RJBLFTJ,batch-1,active
LLYZAQ4ARZ,batch-1,active
SYG63BDEQQ,batch-1,active
KFGJ6JBFL9,batch-1,active
WX5DEA2LJB,batch-1,active
49RCNRKGM9,batch-1,active
PLGBQXN33N,batch-1,active
EKVV3MY2CR,batch-1,active
BWV5XYB9J5,batch-1,active
7PCMUYTQWG,batch-1,active
QAZGXTBZP5,batch-1,active
6SC3Y5SZ2J,batch-1,active
GMGNEF4BUR,batch-1,active
L9MUCG89VH,batch-1,active
NVF9G98NRU,batch-1,active
VBYJ5GSUJR,batch-1,active
38NQ46AT7G,batch-1,active
A4EV3KT5NM,batch-1,active
PAEUHE393Y,batch-1,active
PATZMXPZZS,batch-1,active
LKPZ5ZT754,batch-1,active
KW3HBHNEWZ,batch-1,active
XZKHS92F4K,batch-1,active
5N2LWZRU7P,batch-1,active
7PVCA5LXUA,batch-1,active
TZ6NZEW9RQ,batch-1,active
H6S7ETAAEV,batch-1,active
MPQAGVTJSU,batch-1,active
EBDZ72MSUX,batch-1,active
S6WBR59UFH,batch-1,active
D87Y8AL4JH,batch-1,active
SL6ZC6F3AN,batch-1,active
3MC2BCEF2G,batch-1,active
MENY4XTVY5,batch-1,active
9K87ZZGNCJ,batch-1,active
SU2NL6CW5K,batch-1,active
FVYVPP8TTY,batch-1,active
UGMLZN5VKQ,batch-1,active
PCLJ9AA6UV,batch-1,active
Y83QEAV9QA,batch-1,active
7DKR5GCNFS,batch-1,active
GYCZVTMHF7,batch-1,active
6W76USRYVM,batch-1,active
EVGJ2FC7S5,batch-1,active
XJUKZWAFVY,batch-1,active
KTER8D6MHN,batch-1,active
W2HUDQ2RZ8,batch-1,active
NUHRNFVK9T,batch-1,active
WLVV46484T,batch-1,active
8G2FCSLTK7,batch-1,active
3QY4LCT9WV,batch-1,active
AAJ6BJSMQH,batch-1,active
R9XC68NURP,batch-1,active
E5K8GG24KX,batch-1,active
NKZSLAR6PH,batch-1,active
48RUMXMTVT,batch-1,active
CSU7HA5ZWL,batch-1,active
UAQ7B3K8DR,batch-1,active
CMZXRKVM58,batch-1,active
97P9VAJX2G,batch-1,active
PQQ73AUXES,batch-1,active
RLCT8XN8TE,batch-1,active
Z3XU9SL5EJ,batch-1,active
XZYRR54JTV,batch-1,active
BDDXUF7NXE,batch-1,active
ZABA9ZU5BG,batch-1,active
RLX9DCY6V7,batch-1,active
83FK7QDWNZ,batch-1,active
ESKHFVNMKF,batch-1,active
U867K8EEEF,batch-1,active
8GG9U9ZSD9,batch-1,active
3RQSUAWKBC,batch-1,active
6HWPBZVXHL,batch-1,active
D6B8N2CN6P,batch-1,active
YM2YJE8HZQ,batch-1,active
2BA6M3Q8P7,batch-1,active
XGE2MB7ZR5,batch-1,active
NNLCHN86RS,batch-1,active
WGXPUJJ7QA,batch-1,active
78ENG78BMD,batch-1,active
5B8F3BD45P,batch-1,active
HNSQ9F9MLB,batch-1,active
4S5HC4HD3D,batch-1,active
VZLY8MCYQV,batch-1,active
V6DS8EUYSY,batch-1,active
3VMRBD8D2H,batch-1,active
VQBTX2LTVF,batch-1,active
ZYE6YDB5J2,batch-1,active
QZ3VDSEQM9,batch-1,active
8KWJNSLPHV,batch-1,active
EEY4FX6CJR,batch-1,active
FK37BP3T3R,batch-1,active
5PTFYE4JSZ,batch-1,active
XZR9U2XX2A,batch-1,active
VRCAMXJGGU,batch-1,active
LJQU26EWZB,batch-1,active
8F7XPBT7KC,batch-1,active
GS5XAX93RS,batch-1,active
9GGWAZRQTD,batch-1,active
EGCDL2KZAH,batch-1,active
Y26Q3866V5,batch-1,active
YMXDSCZ396,batch-1,active
K8RH8HQFT9,batch-1,active
FPTM84TAJZ,batch-1,active
YRGX3NKCJ7,batch-1,active
W9XX3VKYPQ,batch-1,active
7SJJU3E228,batch-1,active
R8JV9LB4V5,batch-1,active
KLECNT6WAF,batch-1,active
V6435REDC7,batch-1,active
ZYVD6APAHP,batch-1,active
FZ6PHMUYC3,batch-1,active
JD8LNQBY7G,batch-1,active
695WH7UCXS,batch-1,active
LFKEHZAAUM,batch-1,active
7R76SZXDTY,batch-1,active
J4RRVFRKQ6,batch-1,active
XSR6PB6WTF,batch-1,active
NYD75A5364,batch-1,active
RG3L82XC85,batch-1,active
L5HWAM7NU8,batch-1,active
PTLUDPRMY6,batch-1,active
4Y4XPEUAHY,batch-1,active
PNEXTH7B37,batch-1,active
8KLH4KXF4Q,batch-1,active
DPZMR7LZ9B,batch-1,active
SH546Z6HZ6,batch-1,active
J5CMR82CNB,batch-1,active
5PG3JY58U5,batch-1,active
WQSQVJZ2YM,batch-1,active
HCLMHFYL6J,batch-1,active
26NW27L2NH,batch-1,active
33TZ7YUPCX,batch-1,active
3QQ23KEHPN,batch-1,active
Z3C9B5Z4FW,batch-1,active
FUN9Z43Y8H,batch-1,active
LEACSL7LTV,batch-1,active
HHVSV67JBR,batch-1,active
68GZCD8PER,batch-1,active
9T7AVANQ7F,batch-1,active
5PL792F2F2,batch-1,active
MRCFUZD9PU,batch-1,active
CE4CGRUQ6D,batch-1,active
6KAGBVLD8X,batch-1,active
3DML859K5R,batch-1,active
AFBW9DLLJW,batch-1,active
5AKWUC7FJV,batch-1,active
PNFCWHJ8CZ,batch-1,active
ZJR6YBFB74,batch-1,active
WJQEYS2TS8,batch-1,active
VED8UX97ZZ,batch-1,active
VA6B4GWBLQ,batch-1,active
ZUE9BCYGSJ,batch-1,active
4WT9XQWC2J,batch-1,active
6YWLCT9RBZ,batch-1,active
B6LX8QXLP8,batch-1,active
FUWYV5WMNY,batch-1,active
M3S5DYKJC8,batch-1,active
S37D4C8LB8,batch-1,active
TKSYGBM2UF,batch-1,active
W4KMJHGJEM,batch-1,active
TWY92UP4QT,batch-1,active
JEAAXQWJJ8,batch-1,active
FB9PYCPSJY,batch-1,active
R9SDF5ZREZ,batch-1,active
JRHFPLV5WE,batch-1,active
NR6AXFQ5G4,batch-1,active
WR6RGCVZHJ,batch-1,active
R6H6RAE4YC,batch-1,active
KT27E4J2NN,batch-1,active
KN6VFDENQK,batch-1,active
W7JQ73XNV2,batch-1,active
RK3K8BU76W,batch-1,active
ZUJPMBL92C,batch-1,active
YVN6XMQK98,batch-1,active
NWAF2LUJ46,batch-1,active
MQ3646T4XW,batch-1,active
MQDM7F3MXW,batch-1,active
ALPRPQ3JUB,batch-1,active
6Q3CERWYJQ,batch-1,active
P5BRDD46EM,batch-1,active
BS5A6PA5AA,batch-1,active
XLKAPVXBSJ,batch-1,active
6K7TMJ6YCT,batch-1,active
Z72Z2MK6JV,batch-1,active
SZJNM3HRW7,batch-1,active
RP7S2BE77N,batch-1,active
MENDF56MY8,batch-1,active
ZK82KVXYK2,batch-1,active
3WEBC3MW2Z,batch-1,active
L3J2APCCLT,batch-1,active
4AQD9FLEFM,batch-1,active
QA9ZQ6HEWT,batch-1,active
EG8Z8LPCCW,batch-1,active
2H2CWUQ74T,batch-1,active
GKDUWJP8KL,batch-1,active
AD5AP8ANTE,batch-1,active
SJWXY3D4VG,batch-1,active
RK83CV9CDR,batch-1,active
VPSGDRAZNB,batch-1,active
V7RWMAP5YV,batch-1,active
YGBF9NJT5T,batch-1,active
X5HDHE74CA,batch-1,active
HL6HWEQK3P,batch-1,active
U6HHHLKXN7,batch-1,active
JKZDV5AC8P,batch-1,active
543KDNMQLA,batch-1,active
6KYYJH5H8U,batch-1,active
CB48GX8UEL,batch-1,active
9XFS6DNEKD,batch-1,active
9C524L5ZZB,batch-1,active
K4CMWAH6R8,batch-1,active
DVW7MU34QT,batch-1,active
77D7CVKSRK,batch-1,active
FMFQH4RWUA,batch-1,active
94537CR2LV,batch-1,active
KSARS5DJ26,batch-1,active
ZPAUJ3VKFA,batch-1,active
F8X3HNJWC8,batch-1,active
4XFNSQXZ79,batch-1,active
QUV3LSYSBD,batch-1,active
KRSKN4G5WD,batch-1,active
X8DNB7EMJZ,batch-1,active
V9E8BPJU97,batch-1,active
E5C3PH6QCQ,batch-1,active
482KN8N6JS,batch-1,active
DL7DECW9QM,batch-1,active
UYYMJXL4R8,batch-1,active
KLUBJAUA7Y,batch-1,active
VUW9HNTSHN,batch-1,active
S3YWP7M7LC,batch-1,active
JRVU4VYN7X,batch-1,active
F7XWGNY6VU,batch-1,active
MEXGQ9ALD8,batch-1,active
SUGS7923HC,batch-1,active
NQFXRUW5ZM,batch-1,active
8XCH23GTV2,batch-1,active
9KN7X2S433,batch-1,active
DA4JBDZLHR,batch-1,active
TP7U93WL7W,batch-1,active
5XQSN6NPPD,batch-1,active
AWF8KZCVQD,batch-1,active
HPHQU5Y9NV,batch-1,active
4JE5ZPJUUM,batch-1,active
3G6SF4C7J2,batch-1,active
NA953XQ4MG,batch-1,active
LR63LDTNCH,batch-1,active
PTL8F54TKY,batch-1,active
CRRN5EY5SL,batch-1,active
69CHLNQW3W,batch-1,active
DCE5RV386G,batch-1,active
2WMY783KVW,batch-1,active
RXE6GWU6JF,batch-1,active
QBLC86QJQE,batch-1,active
BBS8JKE2B8,batch-1,active
XGU8XSZQM4,batch-1,active
H9UJMVTMJ3,batch-1,active
2H279ZA3LC,batch-1,active
5HYUZ2LHCF,batch-1,active
X25XL22N6N,batch-1,active
FSVX33466P,batch-1,active
MUGAUG7C26,batch-1,active
9RY7WHFCZ8,batch-1,active
62JQZWWXKS,batch-1,active
C4538ZU9DG,batch-1,active
S6N8S7GL2F,batch-1,active
E6C6YGXGAC,batch-1,active
5CP3KA9AYV,batch-1,active
ZQEABLAX6P,batch-1,active
BXBLDW7PKX,batch-1,active
F42YED2H9W,batch-1,active
MFA939ND89,batch-1,active
KS8B7QRF4Z,batch-1,active
43K5S7XS4A,batch-1,active
45QC74TPHX,batch-1,active
RCE8QKXBQD,batch-1,active
8GXZGN6J83,batch-1,active
VKWGLCKAF2,batch-1,active
4WLG5WK9Y9,batch-1,active
9J2ZD358HH,batch-1,active
2YZ9TQD66U,batch-1,active
E9EEB7FT7J,batch-1,active
GT3ADGUSZN,batch-1,active
2RJ7WJFSX9,batch-1,active
HRDUDUEXKN,batch-1,active
MLASUVNMB6,batch-1,active
RGNJRRHGWV,batch-1,active
VVXXFXHXYE,batch-1,active
YLW932MQKG,batch-1,active
J62PT6VM7W,batch-1,active
9L5XGD4DHR,batch-1,active
LVCEEVCDLF,batch-1,active
6N36RDTE66,batch-1,active
T9AE9T3ZMM,batch-1,active
AX2LYY8ZX3,batch-1,active
J7ZH5JCTNS,batch-1,active
CW287ZYJUD,batch-1,active
5XTKBCZQPV,batch-1,active
SJR5M3NWXN,batch-1,active
CAA44CT9FG,batch-1,active
QMAAC5K6T5,batch-1,active
NE8TNQY6NX,batch-1,active
3UZMZ356LN,batch-1,active
JB288HZ72F,batch-1,active
MUXP364CDN,batch-1,active
BVPZ98CFSU,batch-1,active
2VTBJXSNDQ,batch-1,active
53HC9GHVGX,batch-1,active
62TWJDN9JZ,batch-1,active
4N5WW737KS,batch-1,active
NEJWKCMCT8,batch-1,active
WG28ESZVWA,batch-1,active
37JKF89ZY4,batch-1,active
5UWSB54UYA,batch-1,active
EBPJ8NUPQS,batch-1,active
VLBWP6VNUJ,batch-1,active
HFHUHXTRK3,batch-1,active
2ZUGJAXTJZ,batch-1,active
UZLGB6PHTX,batch-1,active
UCQGCSJWBX,batch-1,active
9AJTXUBWA5,batch-1,active
FJWFSJW6DN,batch-1,active
66XVE433LQ,batch-1,active
29TB3QJXSU,batch-1,active
FA4R42WKEF,batch-1,active
YH25464E93,batch-1,active
FGAE8VBJRB,batch-1,active
LKLAJRYKXA,batch-1,active
Z9SFKPGAB3,batch-1,active
QGUX6RD9QZ,batch-1,active
AM9GUL2JQM,batch-1,active
M3AR2UFK6T,batch-1,active
ZRMPNZBC3Y,batch-1,active
JYJVUQ4NV2,batch-1,active
CKPNVV4JNG,batch-1,active
VGXXN3Q6SC,batch-1,active
BM7AHPPXQJ,batch-1,active
BACVXM2JDR,batch-1,active
GTNMQKV2WH,batch-1,active
P2VNNCPLFM,batch-1,active
G66YB87MZP,batch-1,active
X6P4BZPS2S,batch-1,active
5HQPY2PBSJ,batch-1,active
YWD9387DAG,batch-1,active
HAXZ9HAV35,batch-1,active
CUZ7GLPNCB,batch-1,active
Q5MF6X568G,batch-1,active
9Z3CKS5TPS,batch-1,active
NFFTFNVP8C,batch-1,active
PRUZE69D54,batch-1,active
9F3SBBAUUW,batch-1,active
LREA27KRTJ,batch-1,active
KBQ9KKK6KT,batch-1,active
95ZVWKGBFQ,batch-1,active
XRMNFYBXRN,batch-1,active
3ZSRMZHDSW,batch-1,active
R2GBGJMRJ4,batch-1,active
QCB3RHNWKK,batch-1,active
NXVNDP6CGT,batch-1,active
YVZCMSWJE6,batch-1,active
Y6HKTHST6T,batch-1,active
GU66R4HHGT,batch-1,active
8SWFK3HV4Z,batch-1,active
EKB3F5BUSC,batch-1,active
E5UYR8JKX4,batch-1,active
UAC5DWP4QF,batch-1,active
4ZVD259QUU,batch-1,active
Y9B7B9XVMW,batch-1,active
CFDAE583X6,batch-1,active
6QFDWVW4NP,batch-1,active
VMJZ7R6ZYP,batch-1,active
52769D4JLU,batch-1,active
SN8VT6LZK9,batch-1,active
C8PZBMPGT5,batch-1,active
PDDH97MNY3,batch-1,active
L8SZMYNWKY,batch-1,active
M3KXBFTTPP,batch-1,active
6A28SXN7R7,batch-1,active
XTZG9BG8B6,batch-1,active
S4SKJSCZF5,batch-1,active
DTQGHABFLQ,batch-1,active
CGGKL8ZMU2,batch-1,active
UQW2JNHK3E,batch-1,active
9TFJ2JAFR3,batch-1,active
8BHGEFFT66,batch-1,active
98CH2KDXDD,batch-1,active
PLV7JKW5EM,batch-1,active
ZKZ4BCZCZQ,batch-1,active
SW4GP5WKRG,batch-1,active
43YGF3B62R,batch-1,active
9AFZ6L4X4E,batch-1,active
67DNZQ7Y3V,batch-1,active
8D46VNHSHM,batch-1,active
XC93RFL3SX,batch-1,active
A23H3YLQED,batch-1,active
K5ZABZ3PXY,batch-1,active
CPK25SN357,batch-1,active
8884UEBM4U,batch-1,active
4GTWYECKFA,batch-1,active
P3RJGAWWU4,batch-1,active
PFRHNGLT3Q,batch-1,active
DM53TC58DX,batch-1,active
WA5XL47EEL,batch-1,active
V7Z9SXGLWC,batch-1,active
ESGFBSGEDZ,batch-1,active
ZM299J62DV,batch-1,active
L2ZCZLBVY4,batch-1,active
DU8GGLUXNK,batch-1,active
PXDW3KMQJM,batch-1,active
EWFEC9NUEJ,batch-1,active
RV2CAU9KGU,batch-1,active
R78EEKTZSJ,batch-1,active
VXPK9533UD,batch-1,active
FMHV2N2Z7A,batch-1,active
5UXK33TTAR,batch-1,active
NFPA992C62,batch-1,active
2U2S9GFDUH,batch-1,active
PD4Z2BD49L,batch-1,active
SP97QQD5J6,batch-1,active
7QJB3BCN53,batch-1,active
3FEZCS7J34,batch-1,active
YMQJXVG9BH,batch-1,active
EUERAA64FN,batch-1,active
P2HSXERK7U,batch-1,active
F86CHC73J2,batch-1,active
D4MWZWNJMH,batch-1,active
4B5JF7QQY2,batch-1,active
QYPAFQTP24,batch-1,active
NEGPJ4LFG6,batch-1,active
X8WTYKA27U,batch-1,active
G6PBJH3PHK,batch-1,active
HLHRYDAJWU,batch-1,active
6MDRUF8SAB,batch-1,active
QSYN6E6JNP,batch-1,active
EDW6NNM9VP,batch-1,active
ZS3F2K3QK7,batch-1,active
6SLMPSRSBX,batch-1,active
EXCYDJM7TG,batch-1,active
6ZZAS6FTSM,batch-1,active
J79LQM4S4S,batch-1,active
DTQ9MTND53,batch-1,active
5ZFXF4QYDE,batch-1,active
6VD3NEUZH3,batch-1,active
A5GDQFXQRS,batch-1,active
KXLJL3ZJ7Y,batch-1,active
UQZE3MAF6R,batch-1,active
CB7V5PQWCE,batch-1,active
NVPPQ99K7W,batch-1,active
KJ3MREEN5K,batch-1,active
PPN5PV6S52,batch-1,active
W75ZCJ8FLU,batch-1,active
VYSEF2UVEQ,batch-1,active
E64BRKRTTK,batch-1,active
88YVHFMA2G,batch-1,active
BZP2RFEDJH,batch-1,active
N9JGAVD3LC,batch-1,active
LF7CRJXLZC,batch-1,active
MEA94SJUG2,batch-1,active
TTQ9YJPNP5,batch-1,active
74RZV8GA4J,batch-1,active
6BW5PMHCBG,batch-1,active
TUYW3A3D4R,batch-1,active
7A5SPUTL33,batch-1,active
XF477HEAV2,batch-1,active
GDZW2S4TM9,batch-1,active
A37Z8GFXK4,batch-1,active
ZU8CSSSQ7M,batch-1,active
U8UVF56TGJ,batch-1,active
DVU8DGKXSU,batch-1,active
BNNPMW9L6S,batch-1,active
YP2HWZ4ZGV,batch-1,active
ECRDU3VU85,batch-1,active
CRF9XBAXMY,batch-1,active
QQF2UTNYF4,batch-1,active
5QK2TSX2DC,batch-1,active
GLCL6E6C2Z,batch-1,active
HBY4KP626E,batch-1,active
V2ULW2JDPJ,batch-1,active
XY78U97LLL,batch-1,active
4VZXGY6M6Y,batch-1,active
F8FWNCJBNV,batch-1,active
F3L2SY2MKE,batch-1,active
8VYMWSHZQK,batch-1,active
YKJT6NCWN8,batch-1,active
3AZXDZJE73,batch-1,active
FB9BMFJPKV,batch-1,active
Y4SBPZFSPF,batch-1,active
UBVM8UA24S,batch-1,active
2SX75R5YA2,batch-1,active
C9GUX2WSDB,batch-1,active
S55NZVZVAH,batch-1,active
5Q8NR2PDQD,batch-1,active
LRZ5XF9G95,batch-1,active
W67ETUFCJ6,batch-1,active
2V8NPA6EED,batch-1,active
6E2CNZ2S6H,batch-1,active
WZ8BK7WSFY,batch-1,active
RDE8P4ZREU,batch-1,active
G29WNPANGD,batch-1,active
VJMQB96T6T,batch-1,active
F8B7PFUJX7,batch-1,active
35HEN6CCFE,batch-1,active
ZSKKPDX5MM,batch-1,active
UX45J8H3GB,batch-1,active
RDFSFVSCQ5,batch-1,active
FMFGWZMT5S,batch-1,active
P9BTSTRBZD,batch-1,active
TUQBUKKV8U,batch-1,active
4BEMHBYD85,batch-1,active
YRENHGXJKN,batch-1,active
ADWKCBUFBY,batch-1,active
Q7V434DG3H,batch-1,active
D95UP6Y9HU,batch-1,active
VXJRNW7XTV,batch-1,active
DCJLWU57LL,batch-1,active
MELUSZ9QRX,batch-1,active
K324XEQV2W,batch-1,active
9RR5KQK626,batch-1,active
ULDBS4D9NQ,batch-1,active
7LX5SA4KCD,batch-1,active
QPSGPVRNGY,batch-1,active
UXGDXJCDWP,batch-1,active
SYBFVMN398,batch-1,active
KDTV8J3A5L,batch-1,active
98CY5AABQJ,batch-1,active
UN9T963ZMF,batch-1,active
SKRMZYL634,batch-1,active
9LD4N852UV,batch-1,active
JZCXVJ5JR4,batch-1,active
KYEX9V96DB,batch-1,active
HMW52EPQ9M,batch-1,active
Q9RLDFX8EM,batch-1,active
EFP8WG3Y6G,batch-1,active
KVXDSF8D98,batch-1,active
KGP9R7MMG8,batch-1,active
7GCPUEKLX5,batch-1,active
LMZXVLZAD4,batch-1,active
XNS3M9UJW2,batch-1,active
Z8RDYYG36N,batch-1,active
M4Q8VDHRUD,batch-1,active
4DWWHTY5EZ,batch-1,active
JJGFZZ6NV9,batch-1,active
GZ7CHG26AN,batch-1,active
XBT8B7KKK9,batch-1,active
QB6RK59N23,batch-1,active
6RQ259CAG7,batch-1,active
W8238F3LJ8,batch-1,active
5NCX5VKLCC,batch-1,active
YXUBRBSVDS,batch-1,active
N77DTBHGU3,batch-1,active
D66AVFFUVZ,batch-1,active
A7G4N4P468,batch-1,active
DZG3BXHARH,batch-1,active
RLUW39QT73,batch-1,active
C69BZNV58W,batch-1,active
NGP4ACMEHH,batch-1,active
84KM8HRAFZ,batch-1,active
RBJR2AZSPJ,batch-1,active
6NEJJNDVEK,batch-1,active
CQQUWZLDLK,batch-1,active
WSNDU5YV2X,batch-1,active
H5NBHWFNMB,batch-1,active
ZQWCMEYGKK,batch-1,active
CHZCVLWF2P,batch-1,active
HYLDJE293V,batch-1,active
YG8N2NG3ZY,batch-1,active
RG66JAUMF9,batch-1,active
RP45TRS4UW,batch-1,active
X8CLGPVQEP,batch-1,active
H8TUR33QTF,batch-1,active
2CGJ58SRLM,batch-1,active
MKBJ8YHNT2,batch-1,active
QP6WP2QKZZ,batch-1,active
YSUWE5DRX6,batch-1,active
555DNCF6HH,batch-1,active
TEY68H7UPX,batch-1,active
JVZEB7NTNQ,batch-1,active
B6RBTPRTCW,batch-1,active
GEP5VVYPGU,batch-1,active
78NLQT5VAK,batch-1,active
2QV7DGW9MP,batch-1,active
R3FPW97VMF,batch-1,active
KB7R2F7S92,batch-1,active
M32A9HDQP6,batch-1,active
NZ4G5K6ADP,batch-1,active
TMJ4TNDVH6,batch-1,active
XANBYJXVDZ,batch-1,active
WRA4WG5GP8,batch-1,active
SUB48WWGST,batch-1,active
S2B482GSEM,batch-1,active
JH72727LAY,batch-1,active
3TGXZ7B2CC,batch-1,active
ULPT49J7E5,batch-1,active
FKB4QARAAM,batch-1,active
EETWN6U9PQ,batch-1,active
M4YZ2YHQWX,batch-1,active
5HNGCRAGTU,batch-1,active
VRE9YY7FEM,batch-1,active
A4ZZC66LGF,batch-1,active
4LXSZRJR8H,batch-1,active
3ZUU6GWXZQ,batch-1,active
7LV9FPLTPM,batch-1,active
XUDWN5UJYT,batch-1,active
F7RVX9VBYA,batch-1,active
DWJKP4RRXN,batch-1,active
GTQ36UD8TT,batch-1,active
KY4N4RZ4R7,batch-1,active
79NSEPWDTK,batch-1,active
AZLRVYLCSX,batch-1,active
AF823NLMM9,batch-1,active
HN3DWKFVRF,batch-1,active
A8Z5M83BUN,batch-1,active
895J8RH82D,batch-1,active
F53K9T4VFC,batch-1,active
VBVUBQD29T,batch-1,active
Z4CHM3UL4T,batch-1,active
BKL6LAG28L,batch-1,active
CDEZLZT8SJ,batch-1,active
86M7ZZM6H4,batch-1,active
X5KQ8VDHYR,batch-1,active
CQCVTRMAQH,batch-1,active
2S87D97SRP,batch-1,active
5CLJAY8SYL,batch-1,active
B27TXMKLYF,batch-1,active
SXTPFPXVHX,batch-1,active
VG483HA7ZV,batch-1,active
R8KUL4MSEC,batch-1,active
A5QKXPESJ4,batch-1,active
5ULTPKHR6X,batch-1,active
5GGWLZEXMM,batch-1,active
LGL4THUKVV,batch-1,active
SGNPXKD3XF,batch-1,active
VY6FT4G2V2,batch-1,active
GB23BZSZ9E,batch-1,active
A4Q7KLXYED,batch-1,active
EBWB6TLPKS,batch-1,active
527SD5DJDW,batch-1,active
W4Y2AS6FRG,batch-1,active
BFRBHZBSSD,batch-1,active
84EHF5XZ33,batch-1,active
3CF5PU5MHR,batch-1,active
R3WZU3Q3CN,batch-1,active
GLMWYNFGYF,batch-1,active
5TSZGD9ZFQ,batch-1,active
TTDG3S8Z5U,batch-1,active
3P29KE3WDF,batch-1,active
36U2PQGCXB,batch-1,active
26WGB9R6G6,batch-1,active
V9LGWSHD5S,batch-1,active
75GBFX5MT4,batch-1,active
S4SZLAPNCF,batch-1,active
4JRL5FAGLU,batch-1,active
EDAWM2JHZS,batch-1,active
SVN5H5TDU3,batch-1,active
L467XFN3XG,batch-1,active
GNK9YLPPEQ,batch-1,active
73N5T42WND,batch-1,active
K7M9ZLQTE5,batch-1,active
DJLHBPSLH3,batch-1,active
TUW5STAUY3,batch-1,active
3U8W2C4HRY,batch-1,active
NR49HPS26G,batch-1,active
R44FJA248U,batch-1,active
TZRGTT44CQ,batch-1,active
WGANX99TEN,batch-1,active
NN4AS2NZAF,batch-1,active
TRXRDRZSZC,batch-1,active
ANHFFAB6N2,batch-1,active
ZEAVZM3BLD,batch-1,active
J7J3XLRACT,batch-1,active
QKBYLT5QGL,batch-1,active
AFEGD2LX92,batch-1,active
3RWEY4Z8J9,batch-1,active
C6DBVZT47Q,batch-1,active
DS9ZVPS5E8,batch-1,active
S5VSXAYL3X,batch-1,active
DL98ZS4LM6,batch-1,active
9AWNKDC56V,batch-1,active
VAG9VQPNYX,batch-1,active
DVGLBEFFV7,batch-1,active
FDQSTGPTNA,batch-1,active
BD6QHF4D2Y,batch-1,active
6YVBETANJD,batch-1,active
AZWH6TV6WQ,batch-1,active
5LGWCXML7G,batch-1,active
EW65ET4WGZ,batch-1,active
UF49DA862S,batch-1,active
NJB693PJ2Q,batch-1,active
QZFGU8B2LN,batch-1,active
95XPUP37Y3,batch-1,active
Y5TP6ZJQ7Q,batch-1,active
DB5CLNABRW,batch-1,active
HLB3JF3CQJ,batch-1,active
TSCVHAS5NV,batch-1,active
VAFRQQB364,batch-1,active
7PBE2CEJPP,batch-1,active
EYDSZ2HBNQ,batch-1,active
8825VVUSSS,batch-1,active
Z9LH8YECSL,batch-1,active
XAGWHDLBJC,batch-1,active
SMA7UZA2RB,batch-1,active
APWNZR86Z7,batch-1,active
63QZE69JLE,batch-1,active
J8BJ5KN6K2,batch-1,active
GDLBJCD9CZ,batch-1,active
K99RNYL7W5,batch-1,active
SVSAEPR4TE,batch-1,active
B9DAQVRBMJ,batch-1,active
FHYS9JU6ST,batch-1,active
JE986YR4EP,batch-1,active
F7KGNWNLZL,batch-1,active
W9U3MWKGCE,batch-1,active
A5SSCF6NLQ,batch-1,active
BLBZDYV5LH,batch-1,active
BQ2ATS98EX,batch-1,active
BHJCZ45LSJ,batch-1,active
YPMU392CLT,batch-1,active
WKARLKBVX8,batch-1,active
YC67JJXARJ,batch-1,active
64C7HFQWPL,batch-1,active
GCTTYNT99R,batch-1,active
T5CQKZJCEN,batch-1,active
XKUJS3FJY2,batch-1,active
YGPVACPBEP,batch-1,active
JU3SYGP4SY,batch-1,active
AQS5SHDMAM,batch-1,active
KYCE6S9GEM,batch-1,active
BD9FY38722,batch-1,active
P8VVNP4JYR,batch-1,active
QC6ZE6GH8S,batch-1,active
PXM4E8P7CD,batch-1,active
Q36LJ3F3UL,batch-1,active
UJYJ58NVBB,batch-1,active
FP3HJDDW58,batch-1,active
QLA3V5WMV8,batch-1,active
ATZRXASDQA,batch-1,active
2M3PCWHWHD,batch-1,active
A6SHNQYRHW,batch-1,active
M2DPULV4YW,batch-1,active
Z5D76EZDB9,batch-1,active
HZALTHXMMZ,batch-1,active
4WHVU22TGE,batch-1,active
HMXUCZETB2,batch-1,active
NEJAQ6SHYM,batch-1,active
59EBDPXV7M,batch-1,active
5HKJJCW7YM,batch-1,active
JJXF6FH4K6,batch-1,active
2BBLCSTEDY,batch-1,active
XQM8E2QFXY,batch-1,active
LA35TP2KB5,batch-1,active
F9TQCHRF6A,batch-1,active
QCFWDP7EDE,batch-1,active
JNXQWUQL4U,batch-1,active
SJYUPVC5LA,batch-1,active
VDYLCTRX8V,batch-1,active
TM6KF2358M,batch-1,active
VMRBVVAE6Y,batch-1,active
VVV2HS4FA4,batch-1,active
VEZEDTDXRB,batch-1,active
L22R7PXMFB,batch-1,active
SMA46W6JNC,batch-1,active
S6KEWDX3L6,batch-1,active
P44AGEVEEZ,batch-1,active
XT8JJDVJQK,batch-1,active
ACJV5WEN7U,batch-1,active
TFWUSPK98R,batch-1,active
R3355BNXSV,batch-1,active
FE8BZTDU22,batch-1,active
6H6BPPAR4B,batch-1,active
JFE3LEYDKW,batch-1,active
NCBLDHCBNE,batch-1,active
T4HFREHFZT,batch-1,active
M288DGTBPN,batch-1,active
YXJAS665UC,batch-1,active
5XJ27ZEKPU,batch-1,active
2QN5GQHSAE,batch-1,active
JEMBMDUEWB,batch-1,active
RPB9CXRFYB,batch-1,active
4ZKLRLF6C7,batch-1,active
DAASTHX7FB,batch-1,active
S32JBJWJLF,batch-1,active
3E4GWJMQVF,batch-1,active
FRFDACKAHA,batch-1,active
2YL38NFRJF,batch-1,active
HXFC9FB5NP,batch-1,active
BGZ638NP5N,batch-1,active
HBUHXRF9BP,batch-1,active
RD8JRCF8TM,batch-1,active
8AHJ2PCNSL,batch-1,active
EHDFEYWKQB,batch-1,active
GLPU49WWKF,batch-1,active
CZL73XSX49,batch-1,active
GJDXVWH58B,batch-1,active
5S6YYZE5FT,batch-1,active
VSHE63UNNF,batch-1,active
M5E64Y78FQ,batch-1,active
3TJ63E4VVC,batch-1,active
ZCZSJ7W5LR,batch-1,active
K7SE2VB7JB,batch-1,active
HC4K9GBYLE,batch-1,active
MLDWWQULBF,batch-1,active
L9DZR44LQL,batch-1,active
6986VY5N95,batch-1,active
F4UGM4JSUN,batch-1,active
GG7KC8CFDQ,batch-1,active
ABTS9CUVL4,batch-1,active
QS75AEM8EK,batch-1,active
G48ZX3NHJV,batch-1,active
GVN45JT995,batch-1,active
WJRL8YC66P,batch-1,active
CHK9MX2AC6,batch-1,active
KYNBU6U45M,batch-1,active
A4YTKEP7F9,batch-1,active
BXLWPQQVZU,batch-1,active
EJTNKHSW5U,batch-1,active
P7BVZ7WGNM,batch-1,active
TQS3XFY2LV,batch-1,active
9CLLNDJCAS,batch-1,active
TKV9XTKN6F,batch-1,active
65C9VLA6FS,batch-1,active
8FWXK7QVR8,batch-1,active
34YSM349ZP,batch-1,active
FCPH84T3XH,batch-1,active
7E3SFNVK39,batch-1,active
JQNDJQ9YKR,batch-1,active
C5WW4XFWGT,batch-1,active
AYD3SY4YWP,batch-1,active
4WGA2QS84R,batch-1,active
B3N85HUV6Q,batch-1,active
KX3MQKEZPY,batch-1,active
MCV4YDMU3L,batch-1,active
SAP63YM6M5,batch-1,active
UWGV3JC2S5,batch-1,active
V2HCMT5B37,batch-1,active
EBHW6QCB3J,batch-1,active
JRD9VXPDNT,batch-1,active
U6J9D2M9TB,batch-1,active
C8VNX7KVNN,batch-1,active
5T9GEQ7JW4,batch-1,active
3Q3HRRZ7V6,batch-1,active
ATTMHDMP8F,batch-1,active
YF52BGPZBD,batch-1,active
R9ZCVMFVYG,batch-1,active
TSUNQU9GX8,batch-1,active
LQJ67HN48A,batch-1,active
NABQAUN9UZ,batch-1,active
5UZ5RVPTHQ,batch-1,active
UDHYEX4UQW,batch-1,active
58ZSY792R3,batch-1,active
J8CLFETX4N,batch-1,active
58GDVLWFRV,batch-1,active
69EMGMJZZH,batch-1,active
L5XG5FFPU8,batch-1,active
GARYZ3YEUG,batch-1,active
LALV7CMYEW,batch-1,active
N6AETZLYAX,batch-1,active
FNDDE6SRUB,batch-1,active
ZM4WERY7X2,batch-1,active
TLFJJL9ZGE,batch-1,active
KZDFZRHCC7,batch-1,active
Y2QWGGB786,batch-1,active
AS9GYH9VXJ,batch-1,active
H2W4L6RLLA,batch-1,active
822KUKMKYR,batch-1,active
YMBTVEFN2J,batch-1,active
DAU6XNKT9L,batch-1,active
7CFQBGRWD8,batch-1,active
J87RW4NCWV,batch-1,active
CVSCT3SQT5,batch-1,active
5Q26SHZP9F,batch-1,active
BPCTXHCWXL,batch-1,active
ZJHMWNKHVH,batch-1,active
HWY5W32K83,batch-1,active
YWU8HS9L6S,batch-1,active
LBSMXK64KE,batch-1,active
XDV2MRZDAG,batch-1,active
3M8SDXL9ZD,batch-1,active
36XFQ8NKLT,batch-1,active
4M9MLCMSJG,batch-1,active
H93FTDDPXM,batch-1,active
GJAWQC6PCR,batch-1,active
SWU8ZSB8GW,batch-1,active
SVT2PFD43P,batch-1,active
BN442F9EX8,batch-1,active
7PRYBPX9LV,batch-1,active
ZAKC5952YJ,batch-1,active
PSDQDAAAF7,batch-1,active
RBM5DYJCU5,batch-1,active
6EYNEP52H5,batch-1,active
5RW38KGJRP,batch-1,active
3KKGUJVU7Y,batch-1,active
HRVEMCYT2H,batch-1,active
77EX2PXNFA,batch-1,active
FECFPVDUZD,batch-1,active
5NUYEY2EAE,batch-1,active
CWQBPKYR9F,batch-1,active
DY3AXFZVGN,batch-1,active
PUMX7Y34YN,batch-1,active
VLUYAWQP7Y,batch-1,active
KVTDSQNT65,batch-1,active
6XCAJ6ZPUX,batch-1,active
L8D4LMMDDS,batch-1,active
ZTKUZC2EPZ,batch-1,active
QLEKYXVLU6,batch-1,active
89HFEA9VVZ,batch-1,active
ULYCCSZHF6,batch-1,active
Q53JCPRY7K,batch-1,active
7T554TMP4E,batch-1,active
CWKSSP8BWB,batch-1,active
XGVZW4SKZ4,batch-1,active
6FNYK3DPWZ,batch-1,active
8YZUG6G7FW,batch-1,active
D25HGVR8Z4,batch-1,active
74BRTXQBQ9,batch-1,active
QXTHLNV7PD,batch-1,active
KVVLV735RB,batch-1,active
MBPRBM632L,batch-1,active
PTBVCRAUVX,batch-1,active
EZ8DSDLPRP,batch-1,active
GS9X9NC9SB,batch-1,active
8ENXET4GEB,batch-1,active
9UYJZRP54Y,batch-1,active
5DKLZ5F9LJ,batch-1,active
LC26CJ9L6V,batch-1,active
BTF69J72PG,batch-1,active
88LBYWTNX8,batch-1,active
XA3KRKLNJG,batch-1,active
JWA8SPMA78,batch-1,active
X9FEGYDRRA,batch-1,active
GTYSAK8NNL,batch-1,active
HLDD7PGUWH,batch-1,active
LTCLSBEBXQ,batch-1,active
5ERQBXQAH9,batch-1,active
CZTSNDWDUD,batch-1,active
DAW98GFFAP,batch-1,active
N7RA7M367Z,batch-1,active
4AL363Y7R6,batch-1,active
2KMEXNBB9Y,batch-1,active
KASX5JFCKT,batch-1,active
NCSRM9CCUG,batch-1,active
57932B8SPQ,batch-1,active
78RZCLY8QM,batch-1,active
W4CEYJC27A,batch-1,active
62LKY7F337,batch-1,active
LNZV9366ZR,batch-1,active
P7SWEPTXN7,batch-1,active
L5CVSZLGSF,batch-1,active
6R74LK5HS4,batch-1,active
PLHSZ7MXFJ,batch-1,active
2TJT5SEF5P,batch-1,active
3TYHXKG6PN,batch-1,active
QEW68KG2FC,batch-1,active
Q2X3WHKWHN,batch-1,active
FFAZ98QPR9,batch-1,active
MFBNTHX86A,batch-1,active
3NMH8F4MMY,batch-1,active
GY46VX9ZTX,batch-1,active
BU7LTRVPPG,batch-1,active
3YCK83U9FF,batch-1,active
SKCG6FVHYN,batch-1,active
Y2CFXTGUX6,batch-1,active
8YSZQGF24G,batch-1,active
RMXRRFSKCH,batch-1,active
E26RBQUJNW,batch-1,active
8C9T3CTM9B,batch-1,active
T6Y369DD7D,batch-1,active
GGCHFJ9NT4,batch-1,active
VXBWSUKVQN,batch-1,active
Z3BN9K7QEK,batch-1,active
FJY6HSTWZP,batch-1,active
TCQKALRRF8,batch-1,active
P5CGMAB8MF,batch-1,active
CNS4DVXTJH,batch-1,active
ECUWS87B3T,batch-1,active
DL63HKR8ES,batch-1,active
6LAN9GGU35,batch-1,active
CLVDAP4J27,batch-1,active
HWEE5LPT5Z,batch-1,active
Y4BN3GZ424,batch-1,active
45MZKDEF8T,batch-1,active
36YTCFHFZC,batch-1,active
4VMBNVJ8JC,batch-1,active
FFLHGC9CN6,batch-1,active
C3V5KCS3LX,batch-1,active
PMZY4BJY5H,batch-1,active
EK3CSK95HM,batch-1,active
JE5SEU32QL,batch-1,active
58HLA4YN6H,batch-1,active
JFHP9VDX4V,batch-1,active
64TQMBXARE,batch-1,active
8LQ94C6QA7,batch-1,active
HXPV86XWQ3,batch-1,active
QQCYV4FXLK,batch-1,active
VFRSB9MYCY,batch-1,active
E8NF7TGJY3,batch-1,active
3LAGRU4ZZT,batch-1,active
UL9RS5XQPK,batch-1,active
BM5VXLCKE3,batch-1,active
F6VS9XBZRE,batch-1,active
W546URBHPY,batch-1,active
4WFM3Q9H2M,batch-1,active
XKSLKHR7JM,batch-1,active
7GMYUV478P,batch-1,active
ALHW2N4STR,batch-1,active
FK4FRZ9EFG,batch-1,active
G6UYU95TWF,batch-1,active
X84GFND8UT,batch-1,active
S8FRZ4HF75,batch-1,active
TPZ5VREX3D,batch-1,active
7WC6XW22GN,batch-1,active
PR6VDZCPJA,batch-1,active
4EXEHGPB34,batch-1,active
LVN2M7XUSP,batch-1,active
EP7ULL5FWU,batch-1,active
CUTNC3XH4D,batch-1,active
PETAZZMRPP,batch-1,active
5BBSUBFCNY,batch-1,active
X78YUTW65Z,batch-1,active
NB6CVBC59D,batch-1,active
Q4AWAKVA96,batch-1,active
ZB67FG7C9X,batch-1,active
PE4HSJ2AK5,batch-1,active
TJS95TTGFV,batch-1,active
XC44TWVMSP,batch-1,active
YD3BKYVM2J,batch-1,active
SPR4EFDQSR,batch-1,active
Y3BJML7D6W,batch-1,active
YWE7ZPVY24,batch-1,active
ZCEUHP343U,batch-1,active
YMGYFDSQPR,batch-1,active
4HGB9PSSUS,batch-1,active
BD7SC2HDLW,batch-1,active
ZTALB89GZY,batch-1,active
ZEUMBBLUEH,batch-1,active
TTWHSG2WAT,batch-1,active
Y5WWULAWSW,batch-1,active
297MQQPD9Y,batch-1,active
BQE2G5Z9WN,batch-1,active
J6TZWQ5MSU,batch-1,active
S9ELVS45M2,batch-1,active
DAM7CW59YB,batch-1,active
3YQXULLYCM,batch-1,active
GY6SVLPSZB,batch-1,active
V5VN6Y5QFA,batch-1,active
J9WHEGERC2,batch-1,active
SDMU7WYCK8,batch-1,active
RGY4P95NYC,batch-1,active
VR2QVRZLTE,batch-1,active
6H8VEXWSKW,batch-1,active
5BJ8QN7249,batch-1,active
FEMQZEJ8EV,batch-1,active
7F5NJNKLV4,batch-1,active
WE5X5QGCDR,batch-1,active
9JMPGHUJXH,batch-1,active
SUKGBWW5UK,batch-1,active
DDQHXAWE8R,batch-1,active
493U44PFZB,batch-1,active
VF6LJ6FXF6,batch-1,active
RLNHBXMJFT,batch-1,active
XU6SL94DXS,batch-1,active
QVH255VT42,batch-1,active
6WUAEU37Q4,batch-1,active
J3AUK8STAQ,batch-1,active
9QZJ9XCYNJ,batch-1,active
CF2UBAQ4FT,batch-1,active
YG5JJ2CR6R,batch-1,active
6PE8JZ3AM2,batch-1,active
EYUHFG75UU,batch-1,active
UEQRY5XMM4,batch-1,active
2VHER9XMTX,batch-1,active
RPPXY3NEC6,batch-1,active
NC3M8MPPGW,batch-1,active
QKYNFKVRWT,batch-1,active
SZ35HAA7Y8,batch-1,active
Y85TWGCD3L,batch-1,active
QNVJ4JA729,batch-1,active
NZDSWF88KP,batch-1,active
PBTHNYU95C,batch-1,active
JT23NRW8A6,batch-1,active
R6Z9CSXYNH,batch-1,active
X969B7H66Z,batch-1,active
FQM65S8R8R,batch-1,active
X7PK6J9GNL,batch-1,active
KGGWX7SFBV,batch-1,active
LKR3RALMTX,batch-1,active
SKKK4G6SGY,batch-1,active
PBRHE7MW4V,batch-1,active
BZWEH7R5GG,batch-1,active
NMDLJPSGJG,batch-1,active
XZ7DLTBSD8,batch-1,active
BLVA57PTG4,batch-1,active
R6KWRRLXZH,batch-1,active
4WKFT5NWFS,batch-1,active
2N34W8YVVR,batch-1,active
JE8BPV3WCU,batch-1,active
Q2MHUYXH9U,batch-1,active
2WDF6BV5KR,batch-1,active
Q6E6MQYABG,batch-1,active
8YKZ2ADWAB,batch-1,active
27QZX53MN3,batch-1,active
RPQ8RRWMX9,batch-1,active
QCNSL2P672,batch-1,active
SGBE49WC6U,batch-1,active
3MDQXEXP4Z,batch-1,active
K4AWEUEAJ2,batch-1,active
HL86JZ2943,batch-1,active
ABYPT8RJKK,batch-1,active
F358Q8S9L6,batch-1,active
S5CARMHQPX,batch-1,active
5JCHUZM4YQ,batch-1,active
B9WZWLDUUM,batch-1,active
HCXUUBUXUM,batch-1,active
W4KPPH3EX5,batch-1,active
YDAHAKK48C,batch-1,active
ARR4TNZZ89,batch-1,active
C4KMPUGZ73,batch-1,active
5M5B3PMQ8T,batch-1,active
27F74LZQFK,batch-1,active
LHZPBT7VXT,batch-1,active
DSV5MN74PG,batch-1,active
VRMBB9VFUQ,batch-1,active
PKWVXREUBX,batch-1,active
ZGF75CMHXM,batch-1,active
7FDF7TRNVT,batch-1,active
SGJMJCDMZ8,batch-1,active
HJ48KJ6NWP,batch-1,active
DB8ZY3K6GU,batch-1,active
KYGV4ZYC4R,batch-1,active
2GTK3MNQNW,batch-1,active
2W3HPZZYFB,batch-1,active
XJX93MBNDA,batch-1,active
8ZL2KNVYLX,batch-1,active
A4S38SGDC4,batch-1,active
F7V4D35A5A,batch-1,active
L4LSV88A2B,batch-1,active
K9QZ4N46G4,batch-1,active
VRCCEHVT36,batch-1,active
TNM7RZ69WA,batch-1,active
7UXKSPPBSQ,batch-1,active
7ZFLRNTDF8,batch-1,active
UQYG25ZY64,batch-1,active
UZ5BCJVPSN,batch-1,active
PJM3ZCRCGD,batch-1,active
ZVVAYQ9SVP,batch-1,active
N8CWHHXBA6,batch-1,active
KZTHKXMDWN,batch-1,active
2T6SDY7SBE,batch-1,active
4B96WETALR,batch-1,active
N8LN2LVJCJ,batch-1,active
3ZSPWSBCKG,batch-1,active
HGL9L83MHL,batch-1,active
2H3GQ785N9,batch-1,active
NLH6WBVXXF,batch-1,active
ZXRQXL4XNH,batch-1,active
ULPQWSGQ96,batch-1,active
NND7Z8AGXE,batch-1,active
UQ2TPFHRST,batch-1,active
WQ2Q5XF954,batch-1,active
J8CSWUE263,batch-1,active
86WTL9FZXS,batch-1,active
QCFVMECKXU,batch-1,active
8PVUJV3Z4E,batch-1,active
QZK7BZDQFZ,batch-1,active
KFA89ADS4Y,batch-1,active
6XFVRSCZMG,batch-1,active
84XEEZYXS2,batch-1,active
KBVVP8Z6XJ,batch-1,active
BJ5LN4FYCF,batch-1,active
DT2FXSYESW,batch-1,active
T7BDK5MQFE,batch-1,active
67ER5LZNTY,batch-1,active
T3GZ8JAWQ4,batch-1,active
V3H9HH6UHA,batch-1,active
3LNJTB7WNW,batch-1,active
9MJD2K4XHX,batch-1,active
XWAT588K7Z,batch-1,active
BXKJX5UXQT,batch-1,active
6SR6APTV66,batch-1,active
2JNYHRN6RV,batch-1,active
6MD8P9E3PR,batch-1,active
CMMJYCE3HU,batch-1,active
6E99XS7V6U,batch-1,active
JKVTSSCNYT,batch-1,active
X5XLBC9WAN,batch-1,active
NHBFPBBM48,batch-1,active
L7VV2VSZX6,batch-1,active
J7CVVAZZHG,batch-1,active
WYLD72BSQK,batch-1,active
5VVQAXYDHZ,batch-1,active
ZDP8DG38J4,batch-1,active
JH4GL877DC,batch-1,active
SZNEB56G78,batch-1,active
AXGQPHFKFZ,batch-1,active
ZGDG4CX93F,batch-1,active
XR7D8R6Z93,batch-1,active
E2EEU6NFAV,batch-1,active
PQ5LXFUGW5,batch-1,active
4PEE83L25Z,batch-1,active
NXTJEFA8FF,batch-1,active
JJZFNUAPBW,batch-1,active
9CDCF874FR,batch-1,active
LQMDMGHKHK,batch-1,active
NM586UBCLR,batch-1,active
9VEK83TQN5,batch-1,active
CQXGG3BUPA,batch-1,active
BML76JUVR8,batch-1,active
JQWCG262HT,batch-1,active
4FAVNMV6HR,batch-1,active
AY2V3W2RAT,batch-1,active
KC3B856UZN,batch-1,active
5ZEHQJ263E,batch-1,active
B789SSTYVB,batch-1,active
AWC65SMZ3Z,batch-1,active
8VMFGDV522,batch-1,active
2ZRN6LUTRR,batch-1,active
8QU7NRN4KQ,batch-1,active
EU2BVYAXEG,batch-1,active
E7KNAAEKFU,batch-1,active
3VXUBWA8D3,batch-1,active
3VYGHHDTEL,batch-1,active
MKMGRLTAXK,batch-1,active
VHS3NMUUFX,batch-1,active
2W495VG3CF,batch-1,active
KDGCT7RXXF,batch-1,active
73WFKZDYMN,batch-1,active
G6M5ZGLC22,batch-1,active
57BPGJC84F,batch-1,active
9FLSSMPZAL,batch-1,active
VY7B95HG78,batch-1,active
PP4KM99Y2E,batch-1,active
39S3RV7BDC,batch-1,active
TG3KT564ZY,batch-1,active
6WQUHV56QQ,batch-1,active
RZ5NFAPVCX,batch-1,active
TRZ79TX5TE,batch-1,active
JVQRU7XWRC,batch-1,active
LC3S6YXVQ9,batch-1,active
GBRBP8J3HG,batch-1,active
SVU7SLLFVU,batch-1,active
M4FRPTJ53L,batch-1,active
PTMNCD5WSM,batch-1,active
3X84KARPH5,batch-1,active
BZ2SH48GBK,batch-1,active
YFDJS59D96,batch-1,active
AWK7TR7A5R,batch-1,active
R9V444DCX7,batch-1,active
LWAG88BV4K,batch-1,active
YJEDQ5YJSV,batch-1,active
GVJUZJJKC5,batch-1,active
Q9BCMG4XD9,batch-1,active
3PKUPH2G96,batch-1,active
F3GD4EAGY2,batch-1,active
JM4AJW773X,batch-1,active
7C5DVAUPD8,batch-1,active
H3KNSET6KR,batch-1,active
4VE874TJKD,batch-1,active
VY7QPNCW73,batch-1,active
DTNK49NE7P,batch-1,active
5LJYEGC7HC,batch-1,active
D67DHTVU6Y,batch-1,active
F4D2PWCMR5,batch-1,active
Z97RME3LME,batch-1,active
XWTYPQCEQR,batch-1,active
GHFR9TT4KB,batch-1,active
VAXE55N34S,batch-1,active
UE4K3JC9VD,batch-1,active
RMGD79ZB3P,batch-1,active
XVBKXVTWKY,batch-1,active
E69YTS7WLD,batch-1,active
QKZG2V8VM3,batch-1,active
JXTNENUPBY,batch-1,active
R5GWEUL2BD,batch-1,active
DRPFZL9FFX,batch-1,active
X7FHG2VDFT,batch-1,active
26HLGX9CPS,batch-1,active
S659UWJ43J,batch-1,active
SEUJTEJ8DJ,batch-1,active
V3C38T8TC3,batch-1,active
U299QUAG9A,batch-1,active
GAPRAZEPWZ,batch-1,active
7S8T7ZKLZK,batch-1,active
2MVKDVVZBX,batch-1,active
XLJUC89JNU,batch-1,active
KCK82SG7KD,batch-1,active
Y752ZU4E2R,batch-1,active
ZZJV6ZLGYT,batch-1,active
A6G8TPHZGE,batch-1,active
9MRDSPVL83,batch-1,active
YHAWFLCBQT,batch-1,active
CPQJMAJKQH,batch-1,active
RYCGAEBDTG,batch-1,active
DS3Z2N76ES,batch-1,active
YSM8KMMAPK,batch-1,active
SMMYBJFW9L,batch-1,active
MQQEBY5AH3,batch-1,active
5Z57R7QJU4,batch-1,active
EBRJDRR32S,batch-1,active
BL8M52YMFY,batch-1,active
LZRL55KFCT,batch-1,active
3GH2GW9E9Z,batch-1,active
WAWRFGDALU,batch-1,active
LQQALN6FAY,batch-1,active
VH2KJ9KUEP,batch-1,active
FS6TL8SCH4,batch-1,active
62SSY2KV8N,batch-1,active
B8M4VC9A8Z,batch-1,active
XHHTF3JZT8,batch-1,active
MYZQEKPSLQ,batch-1,active
ESHZ43K2UG,batch-1,active
RDRPVAJTQH,batch-1,active
7HU74QB2PE,batch-1,active
4X726HLVUN,batch-1,active
Y5N9M4JGYV,batch-1,active
PZ2EWREZCX,batch-1,active
PZLMHTZB2A,batch-1,active
DLUH3ZA2Q9,batch-1,active
43WJSKFX9P,batch-1,active
XEP9F55YAF,batch-1,active
HRBEGPTTMY,batch-1,active
UVP6GAPWZW,batch-1,active
U7BD3BYL3X,batch-1,active
Q4ELTY5UCV,batch-1,active
RN8K77QT2Q,batch-1,active
MME3F5CDBQ,batch-1,active
AGNBRMECAL,batch-1,active
SZUCSXE3YD,batch-1,active
79GA78N2JV,batch-1,active
2288XYULWQ,batch-1,active
LPDW7S472G,batch-1,active
JJYSWR5HB8,batch-1,active
MDTW3PT7CM,batch-1,active
WEBYLJHSTT,batch-1,active
YLYVN9SRKX,batch-1,active
HFUAQRDPY9,batch-1,active
EL756GYXBW,batch-1,active
NUYYBV4BNU,batch-1,active
YTUX36TKY4,batch-1,active
ZY4CJLK2XK,batch-1,active
NRBYS5AUXU,batch-1,active
AJSAZ2VXNF,batch-1,active
VY3EBU8SH5,batch-1,active
NZ7Q36BDDG,batch-1,active
8FHBDPNASX,batch-1,active
JLEMFM7SXP,batch-1,active
KXSKWRJ8K8,batch-1,active
X9GN39DEJL,batch-1,active
78HPD4KMF9,batch-1,active
W5AT4REN7M,batch-1,active
PDDYD925VZ,batch-1,active
5ZYULFKJ72,batch-1,active
463WGSFL98,batch-1,active
7UR78NPV53,batch-1,active
AZEU3FWPNX,batch-1,active
B529MMPP26,batch-1,active
BZQJNXE37N,batch-1,active
DVTBNU5DHG,batch-1,active
2NZPS6L96K,batch-1,active
YM2CAAHW96,batch-1,active
9WE2KR39AY,batch-1,active
M6YT6RWQTD,batch-1,active
4UQ63ZSAGH,batch-1,active
MTUZL84KBB,batch-1,active
3FNVADJT8A,batch-1,active
NMQ5822TMD,batch-1,active
VVSUAKPVPB,batch-1,active
UA9LSFCZK9,batch-1,active
9T4YHZNAAZ,batch-1,active
Y6T5TZ7RPU,batch-1,active
XCR9E9WRRB,batch-1,active
J93AKSBZYE,batch-1,active
QWVZ2W6NNB,batch-1,active
2MRUXQTCAZ,batch-1,active
K6PGWE8UJS,batch-1,active
7V2VRW495V,batch-1,active
RTDVFH52F3,batch-1,active
UU3CPYEXRK,batch-1,active
XUHD5XMHWB,batch-1,active
YV9TJQ33MB,batch-1,active
9MS37JJPYP,batch-1,active
MCNAH9QNUR,batch-1,active
PSNWJ86526,batch-1,active
R53D6RBD4A,batch-1,active
QRAWMP6D65,batch-1,active
E2M2C77WTP,batch-1,active
YZ485H2D3U,batch-1,active
3V2EVUJSPL,batch-1,active
EZS63CSE82,batch-1,active
3PLN9KFYAC,batch-1,active
BRJ2PBAFG6,batch-1,active
QETDKZ3LWB,batch-1,active
WRK226ACAX,batch-1,active
4P7298H5GP,batch-1,active
G2XHW7GRWN,batch-1,active
WG9WHS2T57,batch-1,active
Q7L5WQVA3P,batch-1,active
NNCSUHWC62,batch-1,active
Y5Y6L8EWZM,batch-1,active
DQQD5Q3ZJ3,batch-1,active
FKELDZM7K3,batch-1,active
MHKLZ9UYTW,batch-1,active
2ACGD2X247,batch-1,active
N3BD2ZWZC2,batch-1,active
ULYKCW2ZNK,batch-1,active
4K3VP8KL79,batch-1,active
3DZN76PCT5,batch-1,active
J5CAURNXJS,batch-1,active
A9W9UMTNRS,batch-1,active
QU6MEKYMFL,batch-1,active
8HUJWAZTP8,batch-1,active
MHGXT29MVQ,batch-1,active
W3AHMPZYVT,batch-1,active
2VQ8EQG4Y5,batch-1,active
K7V6LQZFL3,batch-1,active
2PQWWQHFR9,batch-1,active
EKKRNQPH4P,batch-1,active
2H67V48PA9,batch-1,active
5LE78WLMWB,batch-1,active
VFPNF3MMGQ,batch-1,active
AGPB2X63E2,batch-1,active
UUZRCHN5LQ,batch-1,active
YP58PU23NB,batch-1,active
QLMGNUH6SM,batch-1,active
ZV666JN7DN,batch-1,active
9VL6M9AVPH,batch-1,active
Y9RNZH6MB2,batch-1,active
AFUC7PG9RK,batch-1,active
WMH84AFNGZ,batch-1,active
7W5K7M5PLH,batch-1,active
Q9TLETV6Q6,batch-1,active
Q2U4LU9PWJ,batch-1,active
TD3UGXDEJV,batch-1,active
JWXBJDZJA3,batch-1,active
FRDZQ7U89E,batch-1,active
A5CZHU9AW3,batch-1,active
XXUUTD4S35,batch-1,active
5XCLAHJVXB,batch-1,active
JNLD2Y8LBN,batch-1,active
JT7S6N6B7A,batch-1,active
H42DNTU98Q,batch-1,active
3HE7P6CQWZ,batch-1,active
J8PA6UY8AX,batch-1,active
RBW95P43A9,batch-1,active
JBLNGP7R8P,batch-1,active
LLUGMM6C7H,batch-1,active
ZQD98QLXW8,batch-1,active
HXU7TKWY6U,batch-1,active
AW42VKA5XE,batch-1,active
KZXQ8EKJLX,batch-1,active
YEUUNAAHPV,batch-1,active
LK95KQ3X4S,batch-1,active
JJCCAXN6BD,batch-1,active
HA6MS3BC6U,batch-1,active
B54A5SMAG4,batch-1,active
VMUYE42GEH,batch-1,active
Q59L96JDMQ,batch-1,active
U8L5QVERYM,batch-1,active
JGUS2G3MTL,batch-1,active
RJH5LDJ97S,batch-1,active
Y874S5YK7C,batch-1,active
ENLGAJJHFT,batch-1,active
RZJSEME7L6,batch-1,active
7YPQD3L7WS,batch-1,active
Y87KBGAVH9,batch-1,active
44N7RUVYM9,batch-1,active
FBWQTAZNF9,batch-1,active
GLGYHB8QUU,batch-1,active
MLXYR6FY6G,batch-1,active
SCLNBQCQ6Y,batch-1,active
CE4FFKJDBS,batch-1,active
JXVKNUHZ7X,batch-1,active
T4FXUGBCR2,batch-1,active
ASF3JSSWZU,batch-1,active
AMJMUCNFVF,batch-1,active
UCAA6NUT4U,batch-1,active
W7SSU43MFD,batch-1,active
GH9ZB92RSA,batch-1,active
RQB7343PTY,batch-1,active
AYF7PCXJTM,batch-1,active
99ZMCLE79V,batch-1,active
M3JGZSMUW4,batch-1,active
TKH4JUQ9F3,batch-1,active
ZLXMWGDTDX,batch-1,active
BB3Y2AQXSM,batch-1,active
LCWYQ77DLQ,batch-1,active
CU7Q7KEX4J,batch-1,active
X75D6Q6QMR,batch-1,active
238FFNVRPZ,batch-1,active
D58827UFLH,batch-1,active
WAFSK48KQG,batch-1,active
CVEGZ8B9Q3,batch-1,active
G44LT23H8Q,batch-1,active
LSQ792L8DG,batch-1,active
QKQBM2QUK9,batch-1,active
36TVL6FA8Q,batch-1,active
ZETPTSE88Y,batch-1,active
FA97CU8QXD,batch-1,active
S7GJ5HB2MS,batch-1,active
E6CDE7F3GY,batch-1,active
6SVYEDNPWQ,batch-1,active
UCL6D2YTHZ,batch-1,active
HRTYWSEGZN,batch-1,active
TH7K94NSBR,batch-1,active
SWTBX8UZSJ,batch-1,active
EUTPB9MGUG,batch-1,active
4RY64DVCAP,batch-1,active
JZ7DGN2M2D,batch-1,active
93LFJE9Y3U,batch-1,active
AEPZ7ZN47D,batch-1,active
KSUHPGDBNB,batch-1,active
RJMZMCNW7Y,batch-1,active
K8G33XHUCY,batch-1,active
NQCVEX93D9,batch-1,active
LCELZQMAQE,batch-1,active
FEZCATB2GJ,batch-1,active
3DV4ZFT4M4,batch-1,active
TD9QG69A7Y,batch-1,active
AHPGRGZHG9,batch-1,active
HG6E399G6C,batch-1,active
PLKMHJCCNG,batch-1,active
YHAZ6VAC94,batch-1,active
FG7KKBX5PP,batch-1,active
PHE9AQTAJA,batch-1,active
TYGJ8UAXCJ,batch-1,active
X967ETA6Z5,batch-1,active
QZX5A8K9HE,batch-1,active
BC5LLH9SBN,batch-1,active
DNKKN4S9AZ,batch-1,active
Q325W4PV9K,batch-1,active
ZKMW52GWS7,batch-1,active
89BXUW9Z8P,batch-1,active
22EKXCS5TR,batch-1,active
YSZNHYDJWV,batch-1,active
BWL6F5P2XW,batch-1,active
JJ933GPWH9,batch-1,active
RYT3F3S4H3,batch-1,active
H24Z3YJH8N,batch-1,active
3NF348FNZE,batch-1,active
86ZES9HMKP,batch-1,active
NVK8R7XSDR,batch-1,active
UWUVPXPFU4,batch-1,active
ZC2RNUUXXT,batch-1,active
F6SLHUYSE4,batch-1,active
J5LJKXHVF6,batch-1,active
GDPS7XE6YE,batch-1,active
CFLB9JMHKD,batch-1,active
CTHH7EF368,batch-1,active
ZQHQNTYSJ9,batch-1,active
6X4JG9F58A,batch-1,active
9M7E3M8MK6,batch-1,active
ZPSQQJSNYN,batch-1,active
AZ96K545XB,batch-1,active
6CR85RUSMK,batch-1,active
ZFNKU6YSEQ,batch-1,active
Z746GF8ZVA,batch-1,active
9G2SYQ6AWU,batch-1,active
H5FBTXLBSV,batch-1,active
7YXM26NUKS,batch-1,active
4T2N2XLATJ,batch-1,active
Y7NSDJ2RG6,batch-1,active
PPTJLBP5QG,batch-1,active
5QL5CFUZYY,batch-1,active
LR8GE8YPB7,batch-1,active
TT6BBF8HK6,batch-1,active
TLBTMHQBJZ,batch-1,active
7939RC4T59,batch-1,active
WR5NFN8TXK,batch-1,active
HX7S6Q38KP,batch-1,active
B6R5ZGWUHE,batch-1,active
N47SHTAZ2F,batch-1,active
G447A3QXLJ,batch-1,active
KSLZ4M59AQ,batch-1,active
QHP6K6DJCY,batch-1,active
E2JMLUAQ5M,batch-1,active
6CQBV46MDP,batch-1,active
GLDYSXMTFA,batch-1,active
S6BUQ9R4M6,batch-1,active
KM8E2PP4WA,batch-1,active
E7E8J3RSS9,batch-1,active
QHKJLCBT4V,batch-1,active
F6RNSLB8A2,batch-1,active
RUJ3FPYR2L,batch-1,active
XT826AZEWH,batch-1,active
L29GZWP4XZ,batch-1,active
Z8E3PJZBXL,batch-1,active
K4XHLNCSQV,batch-1,active
QJR4CU2LM3,batch-1,active
WFKH64LLQA,batch-1,active
4W8KH8W4FJ,batch-1,active
JNC3R7ZQWH,batch-1,active
ZGWE9LNEL8,batch-1,active
LCDLE3MN5V,batch-1,active
XSP8N4X75R,batch-1,active
98U4WNRHJ2,batch-1,active
24LRL5WXD5,batch-1,active
NDE5HV36QK,batch-1,active
UHUE26GX3H,batch-1,active
NQYLV6N7VZ,batch-1,active
H6UGKSFNBX,batch-1,active
5NBCH8WNDZ,batch-1,active
NATSSQ2L8W,batch-1,active
SUHDEXM3NX,batch-1,active
XBE2NRTR3A,batch-1,active
QG47DQ7H7B,batch-1,active
VRLHQUQTAX,batch-1,active
X7GCERYPAH,batch-1,active
WQCR364YQZ,batch-1,active
FEN5S4ST3G,batch-1,active
N8NH37PPYR,batch-1,active
2VCDJZ8X7A,batch-1,active
QBV59VM7DB,batch-1,active
R8VGTF5P6G,batch-1,active
E9VGWLTE5U,batch-1,active
BJHNFGPCAN,batch-1,active
J9YY9HBNYF,batch-1,active
KZYKG28B2M,batch-1,active
YPN5YQCWX6,batch-1,active
3UT7QUGNLD,batch-1,active
UVHEQWE2LE,batch-1,active
KJ9DRMVR82,batch-1,active
3ZZAV3NHRN,batch-1,active
L78UBY586D,batch-1,active
6ZKVVTKWWJ,batch-1,active
6GFFLH4QD7,batch-1,active
ETZY6ALKXA,batch-1,active
ES4R6VNZN6,batch-1,active
4Z62VMGVKN,batch-1,active
GKL8684CYG,batch-1,active
GVQ4F8U95Q,batch-1,active
7QMBY4NXQH,batch-1,active
ESTFD9DSLN,batch-1,active
GLYNS2S43Q,batch-1,active
E334GVRBSC,batch-1,active
RDYZHEDWNK,batch-1,active
ZQ5472XLVB,batch-1,active
RDFBW8LCAA,batch-1,active
7M6E2AY4LU,batch-1,active
PWRTXFDDVT,batch-1,active
DSDBUJFK49,batch-1,active
T52NXKUFFZ,batch-1,active
B9M45Q4LJP,batch-1,active
3QWD6EPHW2,batch-1,active
NXW7M7AHKF,batch-1,active
M75MNDXGJC,batch-1,active
HGV7VM2TJK,batch-1,active
4MN6SWQVR4,batch-1,active
VV2K2STSLP,batch-1,active
ZHJA5M2G9R,batch-1,active
GTZWU4CD37,batch-1,active
HGLWNE7WF8,batch-1,active
4DNGGMNQMP,batch-1,active
HGQ75ZP482,batch-1,active
JAM7LUSD6N,batch-1,active
M4EMNYJS7P,batch-1,active
L2XT83KWUM,batch-1,active
6XNSNW6NAN,batch-1,active
CU7GNRLYW4,batch-1,active
CKZU6LBDBX,batch-1,active
H95626XMBT,batch-1,active
MEGKVRTAHZ,batch-1,active
ETVL9WGWHD,batch-1,active
EBKSGRKXGQ,batch-1,active
SUFUX4BV5W,batch-1,active
Q8GM5EEJL4,batch-1,active
Y37PKYNUKP,batch-1,active
UZUTA5F2HS,batch-1,active
AHBE7MQ9ZJ,batch-1,active
2YVTNSVFH5,batch-1,active
7LHC3MAQ3V,batch-1,active
7XNRYDVNT9,batch-1,active
SJ95H44V8B,batch-1,active
5RW3LP4S5Y,batch-1,active
HD39BPS3VH,batch-1,active
Q52CGPATD4,batch-1,active
JDTZFFSN98,batch-1,active
SGFQL57D4T,batch-1,active
EAYDYC3PZA,batch-1,active
36AH83GQUF,batch-1,active
T3R545Q3DK,batch-1,active
58LHY5D7BZ,batch-1,active
LEBGY6H3FW,batch-1,active
644QYXL6HY,batch-1,active
728XTR4HYC,batch-1,active
JHBZNPJJTZ,batch-1,active
X5DWH9ZGES,batch-1,active
MPLC3PCK4A,batch-1,active
WY9LTKKJN9,batch-1,active
GG4RAVLNB8,batch-1,active
STV3FFJC63,batch-1,active
Y29YU4JQV7,batch-1,active
46N5XFGKA6,batch-1,active
MEGMG4E4A4,batch-1,active
XDLME6NQHX,batch-1,active
AZVJNPFCMV,batch-1,active
Q73AG8CZQ8,batch-1,active
LH45FUQA6G,batch-1,active
KLS7VUX53L,batch-1,active
6354YY3LFM,batch-1,active
6QRSWTZGRE,batch-1,active
ADULXAACW6,batch-1,active
MCS6ZY4LSA,batch-1,active
UTYW37JANV,batch-1,active
2S4U2J5M84,batch-1,active
9QXMKWG4M4,batch-1,active
6DH3JNHAHE,batch-1,active
HMX497Y5KK,batch-1,active
KL4Z3YAJV5,batch-1,active
5HBRCUQT3X,batch-1,active
7EJW9QEV2Y,batch-1,active
8Z95KA6X4H,batch-1,active
6C2MBXUDQL,batch-1,active
FGGVQ4HYXK,batch-1,active
8RQW5VBMVT,batch-1,active
XPZUCHWWVZ,batch-1,active
ZH4ZSVMCZ6,batch-1,active
5AX46QUCQR,batch-1,active
LUBZ7LEXPJ,batch-1,active
GDRTGJZ2ZX,batch-1,active
JXU8LGEPVF,batch-1,active
GSVUXXU8SS,batch-1,active
TZ9LS9RT6K,batch-1,active
D2WK5QPMZ7,batch-1,active
P2CNFNWE34,batch-1,active
5NSKLJG3LY,batch-1,active
59N4NFZ5V6,batch-1,active
KG3ULKDQYU,batch-1,active
96LRQWCEBA,batch-1,active
CHD883T7NH,batch-1,active
S27LGEJ4FC,batch-1,active
N5ZJSS8M9A,batch-1,active
2NPUJ5BVWA,batch-1,active
CFCA4WNUZV,batch-1,active
J2HN3JNBAN,batch-1,active
34KDJKHGV4,batch-1,active
ZPDPGB2X4U,batch-1,active
NGWSM8M7JT,batch-1,active
6AD4QUKBYB,batch-1,active
LBK365PUDM,batch-1,active
34SD3ZGV6B,batch-1,active
UW66LN55BJ,batch-1,active
VF5JZ5XD4A,batch-1,active
AP6QW5XLND,batch-1,active
N6BBCPJ45S,batch-1,active
DN2QBBC6Z8,batch-1,active
DJHJ9WD46Z,batch-1,active
WBCUXSZF77,batch-1,active
XC8GQY99A2,batch-1,active
TZQ6LZKDBQ,batch-1,active
A8ALSEUK66,batch-1,active
KEWPHMSZSR,batch-1,active
6WEJSW3CZ4,batch-1,active
F88MRLTN2Y,batch-1,active
LAZ5ZJEGYX,batch-1,active
4M6VMZ7YGS,batch-1,active
LMF24NMA6V,batch-1,active
9UY45UXCZE,batch-1,active
PNHQ9XZX65,batch-1,active
Q8MN4KEAXK,batch-1,active
8RADB5H7D6,batch-1,active
YPVTKM43Y6,batch-1,active
J9UEUV8YBP,batch-1,active
93NDNJVF8P,batch-1,active
BGZ4U8EZAM,batch-1,active
AZPHNLKF6U,batch-1,active
SZL7T5JZ4V,batch-1,active
CTSZXACH4E,batch-1,active
JWXDQG95N5,batch-1,active
8W2WPQG6L5,batch-1,active
CSNLZ9PKQR,batch-1,active
8NMKCVDGK9,batch-1,active
E4CKBV2HXJ,batch-1,active
HBT4QKBDUM,batch-1,active
9CSP8KC63L,batch-1,active
GVJM65KBLW,batch-1,active
MG24X6DM9F,batch-1,active
HCEQ59T4XU,batch-1,active
GUQPSC3C6U,batch-1,active
XKAV88DGTF,batch-1,active
848QMVXZ6V,batch-1,active
NSJN9HE9HV,batch-1,active
K9LWWTLFXX,batch-1,active
5GEYS6UWTK,batch-1,active
VTJSDUSJV7,batch-1,active
94TSDQZMNJ,batch-1,active
77UXWXJUSW,batch-1,active
43VYWCN3K9,batch-1,active
5CYDZVJEV6,batch-1,active
ZLNPHNKACU,batch-1,active
XFJUGS4AX5,batch-1,active
9EA8WBZ7YK,batch-1,active
AU5WVJR4MC,batch-1,active
T37B3XPFT3,batch-1,active
ZY7KZQVUPD,batch-1,active
JUJBNNJXSG,batch-1,active
EWSJY5LB5E,batch-1,active
3CU2VGJ6J9,batch-1,active
RXFJHN4UKP,batch-1,active
Q25HMFBAJL,batch-1,active
T4LA9N9RQ7,batch-1,active
L5DFGZX4H7,batch-1,active
WDD6Q6EJD6,batch-1,active
6U73ENA5LZ,batch-1,active
3L3K29PRBP,batch-1,active
9E7QD582D8,batch-1,active
BQD2MLJ4SH,batch-1,active
L8W8MVH88J,batch-1,active
PYE8877EJU,batch-1,active
Y6EG8UK6L6,batch-1,active
L6RDQVLDUM,batch-1,active
2XV3YNLVNV,batch-1,active
FMPSB8XTP8,batch-1,active
2NJB7KLFLM,batch-1,active
8J6EJMKLZJ,batch-1,active
4GUWKVRPRN,batch-1,active
6RDA7BPGVS,batch-1,active
YJA3W2E8LJ,batch-1,active
KUTCDJAYM2,batch-1,active
4ZJ6T3YNAW,batch-1,active
6HTY3APM2P,batch-1,active
HSQ6TLLH2S,batch-1,active
2C5XQ7Y2T8,batch-1,active
S9UNLZHNCX,batch-1,active
G3DWRCLWLY,batch-1,active
PTG7GPUSJ8,batch-1,active
V7E26NXLNJ,batch-1,active
DUF5PJN4UQ,batch-1,active
BSBT7P6EAP,batch-1,active
C8CLCXYPGU,batch-1,active
3LF79M4665,batch-1,active
MQYB3NZNTR,batch-1,active
QHU7YXSU98,batch-1,active
ZAEUEUCK24,batch-1,active
CB6DTK4K6F,batch-1,active
83VEZ37G28,batch-1,active
LU25VSTPE5,batch-1,active
C239YV4AFK,batch-1,active
5ZFRWGKMXP,batch-1,active
MZHCUHGLSA,batch-1,active
CG65C7DN9N,batch-1,active
DWH8823H75,batch-1,active
ZPZRE2UCHB,batch-1,active
4AFQFVV5E4,batch-1,active
E443X3HNGN,batch-1,active
NVHGAUYPJP,batch-1,active
A6THV6EU68,batch-1,active
DSXKTUAFHE,batch-1,active
CGFLS68RJ5,batch-1,active
5ASSAE9N3W,batch-1,active
GYCWVUEA2M,batch-1,active
4NT4PJXSX3,batch-1,active
2DBEK7EX7A,batch-1,active
87TYER2QJR,batch-1,active
Y5JVL6R7CX,batch-1,active
FY7YHS83UL,batch-1,active
62KP8K5NKM,batch-1,active
Z5NA28GN9S,batch-1,active
75HKGP7LFP,batch-1,active
NKBS497UX6,batch-1,active
GJJM9GXCPE,batch-1,active
QPV7L7HEHB,batch-1,active
T4X4HYD6X3,batch-1,active
PRFBU54KYB,batch-1,active
HZA787EA3M,batch-1,active
PCVWZF665A,batch-1,active
VNY8EDUJST,batch-1,active
8VH2QXS9TH,batch-1,active
74S5FAPAMG,batch-1,active
94JERQHFFB,batch-1,active
B9GPK6UR3V,batch-1,active
M44PTU8R6N,batch-1,active
F2X3T3SHW3,batch-1,active
8KV98TUYPG,batch-1,active
HVLYP766NT,batch-1,active
RSZETHW6PR,batch-1,active
RCN6QML5JQ,batch-1,active
M7HKCDYJ27,batch-1,active
YKLJGM9LPA,batch-1,active
PRSB5DBKYU,batch-1,active
GL6XBD8A64,batch-1,active
7NMH5JYWYE,batch-1,active
UU6L4EUFYE,batch-1,active
FG7HAKR27B,batch-1,active
U7KDN9FDN4,batch-1,active
LBMHKVEGTF,batch-1,active
H6FYGMSD68,batch-1,active
AZMWVNDW3W,batch-1,active
65AHSH96TE,batch-1,active
CY95CTYXWH,batch-1,active
3LJ75TXM45,batch-1,active
CYFBM8BG2R,batch-1,active
NK92UYH4TX,batch-1,active
TQ6D5ET9RL,batch-1,active
GS7ENVYER5,batch-1,active
74F4YKUKTN,batch-1,active
U2L6HQY4W2,batch-1,active
HH8LBWP5NX,batch-1,active
VWP9GUXQ9U,batch-1,active
9HYXU6QBV8,batch-1,active
RFA43NVYGE,batch-1,active
BVTUZPEBUX,batch-1,active
HPTCMUC5BG,batch-1,active
UGB3DR5DRM,batch-1,active
P5XUJ3W7NF,batch-1,active
TBBBL3EF4S,batch-1,active
3PAGNULE9H,batch-1,active
XXNG8VQ6Z5,batch-1,active
9H5GBMDJSF,batch-1,active
489HWTR7XM,batch-1,active
BBXU8YY4A3,batch-1,active
AZT8KVU5P9,batch-1,active
Q6F4ZPJQY5,batch-1,active
PRSTE4VNU9,batch-1,active
ECCSW2QXQC,batch-1,active
ZNAJ7J3BFE,batch-1,active
4CG85LG545,batch-1,active
BBZZ4NV5BS,batch-1,active
5UHNELB8DW,batch-1,active
DBFQPTB3US,batch-1,active
8NZP94GETG,batch-1,active
MDG5TEAVGB,batch-1,active
MXRFEXXZ35,batch-1,active
2J8JCST996,batch-1,active
3PJL5UGWEP,batch-1,active
4F44SQWXU4,batch-1,active
N6KWQ3X2SZ,batch-1,active
Q3LWRHEZ4F,batch-1,active
VMBB7WX3AN,batch-1,active
HU9ZA9YPRE,batch-1,active
AW4MXBBD26,batch-1,active
46VCFS34UT,batch-1,active
9B28VVZVE8,batch-1,active
3FVNJCGPYU,batch-1,active
C64XSCYLY3,batch-1,active
7ZAP5KAXHD,batch-1,active
MULY2JWZF8,batch-1,active
XD7FYW9L6B,batch-1,active
7B5PUCPY47,batch-1,active
VKNPGG36NM,batch-1,active
4RX2L3VMU9,batch-1,active
8ZWSMS7Q2Z,batch-1,active
TGMYVFNMB4,batch-1,active
R9ZVSS35YY,batch-1,active
EJ37RJSJ9Z,batch-1,active
4UFR93FRW2,batch-1,active
TAENVUQRWY,batch-1,active
DD7MKKF64Q,batch-1,active
P6PP5VJFB2,batch-1,active
UGCCJJNAQ8,batch-1,active
A6Y86LSDZF,batch-1,active
9D42T6FR4G,batch-1,active
MUVKZETD47,batch-1,active
6YSMD6Z6E4,batch-1,active
KQRMEAC8UR,batch-1,active
GLZBMWJ66H,batch-1,active
GUUVXWYCNN,batch-1,active
NTQL3TACZZ,batch-1,active
5KRTSSBGWE,batch-1,active
2RBDHB9N5P,batch-1,active
5WZESY5MXS,batch-1,active
CTHR8K65DE,batch-1,active
4YVC5PERDK,batch-1,active
PK64TWLSYC,batch-1,active
XSNSQGPL6K,batch-1,active
5Y9NYBG2KG,batch-1,active
F6PTZY4RL4,batch-1,active
VZ57P449UC,batch-1,active
5GWJD6K6V3,batch-1,active
6VSQJK6PS6,batch-1,active
Y33G5VY4RQ,batch-1,active
5924LF2KFM,batch-1,active
XL3MUWEAWE,batch-1,active
RDS8VA6L9R,batch-1,active
RHKXLFHLG9,batch-1,active
GQPQFY7PGX,batch-1,active
GTUEE9SQXJ,batch-1,active
2UVEU4L8SZ,batch-1,active
39H77JUMQA,batch-1,active
UFE8TD3SXD,batch-1,active
88SJV3MZNA,batch-1,active
EZTAL9BU78,batch-1,active
4SQ4985ZFK,batch-1,active
V3PY9EBD5D,batch-1,active
38C37HCKR2,batch-1,active
B3B2RGBNHK,batch-1,active
FL3HME6S72,batch-1,active
8X9DUP5KM9,batch-1,active
6HXQXZCSTY,batch-1,active
H7YN2ZY65U,batch-1,active
W9PNQ6EJBF,batch-1,active
YS8H4R2HJ2,batch-1,active
W92ACDB7MR,batch-1,active
PWJQXXZTTB,batch-1,active
JKFLTW6V2K,batch-1,active
Q3Z779PZHV,batch-1,active
5KEQ6S662D,batch-1,active
6XDZPEEC2K,batch-1,active
96LH872RDS,batch-1,active
XTZB55D2NP,batch-1,active
B4MTLS8JB3,batch-1,active
DHZPTU7NYW,batch-1,active
24FFZJS29H,batch-1,active
YD4EL6RJKE,batch-1,active
K6JAHP5T4Z,batch-1,active
62VWV5C2KE,batch-1,active
RJ4PVBW6J5,batch-1,active
CLN2JSJVPF,batch-1,active
ACVWD76ELP,batch-1,active
MZD3WPTU9A,batch-1,active
S2QP9YVZ5Z,batch-1,active
3LJ2RCAWE3,batch-1,active
6JW28RUVV3,batch-1,active
3835C9D2L3,batch-1,active
X34RX776HA,batch-1,active
NTX49TMKUX,batch-1,active
PXJ7ASPD2Q,batch-1,active
UM7DDCCZG2,batch-1,active
7HKWY5E3RN,batch-1,active
9MDEHGEDPG,batch-1,active
V8CMZTWF86,batch-1,active
HYFPFQFL7Y,batch-1,active
57CKQ5SV5Y,batch-1,active
D2JMZGLQSU,batch-1,active
CK25CU868V,batch-1,active
7EHKZ4PPLV,batch-1,active
MG6VWWTFNF,batch-1,active
TDSYDJWY3P,batch-1,active
3VWF2FDSG4,batch-1,active
RMVC6HXL3Y,batch-1,active
3ZDUWMFANU,batch-1,active
QGUMXX6E2G,batch-1,active
98NN9KNG6S,batch-1,active
QK28P5E76N,batch-1,active
HJ7RGGZF7Z,batch-1,active
JYSSARLFK5,batch-1,active
SVF6AQL9ZC,batch-1,active
8R5PPQHAET,batch-1,active
XB8X8N5U55,batch-1,active
4DBKWVWYT8,batch-1,active
9EXKYXHUHM,batch-1,active
E4D7S3YF4T,batch-1,active
3X2C66FP37,batch-1,active
YFEKHKDWEC,batch-1,active
UX8Y2X7QZF,batch-1,active
6BM3TFY4TE,batch-1,active
SZP4J9Y89A,batch-1,active
WTUD5MTC7T,batch-1,active
BHQQAMJKEM,batch-1,active
ZS24PNUC6G,batch-1,active
N9RTS4RKVP,batch-1,active
SKXRL8CNP6,batch-1,active
G5HG7TH6CW,batch-1,active
RHAEHESBRH,batch-1,active
93YJSAR5EB,batch-1,active
U9W96FL8Q3,batch-1,active
WK9LGPLESD,batch-1,active
D7KLDDPKLT,batch-1,active
KXKQCNLUVY,batch-1,active
ERPVMCN5ZE,batch-1,active
K6NX6858GC,batch-1,active
8YT675WMG6,batch-1,active
5BZB2YTA99,batch-1,active
PSCKWHM9FU,batch-1,active
FVGFNPAWDK,batch-1,active
4TU38TCAHY,batch-1,active
L7M799VAMT,batch-1,active
4V5QRYL7YZ,batch-1,active
VSA6N6GVER,batch-1,active
JPFPUW2RXR,batch-1,active
XV8QWH87PU,batch-1,active
8VLC4E3LLJ,batch-1,active
HZ28DL3H4U,batch-1,active
MRY7ZVV33G,batch-1,active
LFKSMHZUNS,batch-1,active
7ERVTERDDF,batch-1,active
ZATWGTBK8M,batch-1,active
TVR9P653R6,batch-1,active
XSAK4CGECU,batch-1,active
R6VEG89XCG,batch-1,active
QY9CDJ9TKX,batch-1,active
ZNW3RHHBTA,batch-1,active
PCS3AR7HSH,batch-1,active
G28G9ER9ES,batch-1,active
HEVA6KTRX5,batch-1,active
W3BG2FRZPY,batch-1,active
GZ4MXBBEPQ,batch-1,active
5MRTLKABKS,batch-1,active
EZNM4VM9N6,batch-1,active
27XVHAKCBQ,batch-1,active
Y6MDRZA3NP,batch-1,active
LNM4WPVBW5,batch-1,active
M58KLRKPKA,batch-1,active
F8AJ6KDMYB,batch-1,active
789JYE3CSF,batch-1,active
ZEE4AX7LLD,batch-1,active
KMWPVP5Y6J,batch-1,active
BASUUUFVX8,batch-1,active
27K833KJGL,batch-1,active
VNHC7YDAV4,batch-1,active
G5C9W2KKK5,batch-1,active
UUVY3Q464W,batch-1,active
J3YGTWTJZF,batch-1,active
EXFH7D2Q6U,batch-1,active
KRLNQ9MAVG,batch-1,active
B6PQ5N5WBQ,batch-1,active
UF7EBJDEXR,batch-1,active
S426GDFG25,batch-1,active
Q9BCPCJH3Y,batch-1,active
LARULUL5SA,batch-1,active
58Z53TZP75,batch-1,active
SRM2LRKMD5,batch-1,active
PMXFCE4SFS,batch-1,active
YEXNFXVRPA,batch-1,active
EFD5NVCZ9D,batch-1,active
P9K8QGSHYM,batch-1,active
N5F697SV9N,batch-1,active
Y83AUV6VFR,batch-1,active
JG37X674KZ,batch-1,active
FLZD6DMCKJ,batch-1,active
REKY9ZU576,batch-1,active
BUKGGRLNA3,batch-1,active
5NZ8KVK73R,batch-1,active
QP2QWDSTRY,batch-1,active
HKL5XG6AGA,batch-1,active
LTSU2M2QRA,batch-1,active
E34AYAJ3C4,batch-1,active
SWL6T48FTD,batch-1,active
8X2PS8ZR4H,batch-1,active
ETGMXAYG7U,batch-1,active
JJQQDKULE6,batch-1,active
QYV253HSV9,batch-1,active
LCG39U7ERD,batch-1,active
JY2L3KNGGQ,batch-1,active
8NSPYAFNQU,batch-1,active
2FMU2UAVUQ,batch-1,active
ZRFHU9U5LT,batch-1,active
K9KJZP4UFY,batch-1,active
STMHD4AR4Y,batch-1,active
TELMFGE493,batch-1,active
XNBFDLHY9T,batch-1,active
UHACS8VD9D,batch-1,active
ESVWTKUAKP,batch-1,active
HZFN7ETMMR,batch-1,active
QRXULW6WPR,batch-1,active
LNKRKL6Y2G,batch-1,active
B4A6JUSDAC,batch-1,active
GJAUCG4CP5,batch-1,active
B48BRAE2TG,batch-1,active
WJF5AXJ83P,batch-1,active
MAGZMKR9RG,batch-1,active
HFWM9H2ZU5,batch-1,active
Z8BZ4XH47U,batch-1,active
7RFZKFEY32,batch-1,active
3SJ4Q9MGWL,batch-1,active
9RZ5TQU333,batch-1,active
FJPQ49ERBB,batch-1,active
TVGTHUMC27,batch-1,active
N8DTMXE9E6,batch-1,active
TYM6THYTCY,batch-1,active
YFU956SAVY,batch-1,active
9T3CSLTZK5,batch-1,active
WWZGLDY87J,batch-1,active
7A2K3DCELK,batch-1,active
WAKB63YNX2,batch-1,active
5KDXRLF4PD,batch-1,active
V5D6MA5F69,batch-1,active
V3BZMEMPN5,batch-1,active
PUFQAT4FAP,batch-1,active
TX2KHCUGWW,batch-1,active
NMMWURN58X,batch-1,active
ER7CWTNUS6,batch-1,active
BMSK4JTACY,batch-1,active
EZNJPMUDCA,batch-1,active
Y2K9KJ83BT,batch-1,active
MN6E3GLVUY,batch-1,active
452Z8U4GLD,batch-1,active
XFM6TL3UMW,batch-1,active
EAUV9C2KPE,batch-1,active
4DJ8KD7PY3,batch-1,active
EW3WCF779T,batch-1,active
4JRAD3U6CU,batch-1,active
9H344C8Z76,batch-1,active
75GAUZQLN3,batch-1,active
DT95EYBQU3,batch-1,active
T575T5J9SQ,batch-1,active
55LEMS8573,batch-1,active
KGSU28BYR4,batch-1,active
YMBGRTSC6H,batch-1,active
D4ZAR7WY36,batch-1,active
9PEW4BYMAC,batch-1,active
8E3S5XW4U8,batch-1,active
USGAEPQYDC,batch-1,active
7LTWFX8Q2P,batch-1,active
3TB2LYEK9A,batch-1,active
NYSGNTAH7R,batch-1,active
MJHEKXXQQV,batch-1,active
RXUB7NLMQ9,batch-1,active
GHQ38674Q3,batch-1,active
LX7UX5RMVD,batch-1,active
PRAPHLTEWT,batch-1,active
4M2GBX4SKT,batch-1,active
LVQXWL2YEA,batch-1,active
X8XSRN9833,batch-1,active
87JM7QTZHY,batch-1,active
VAB4AY5Z8N,batch-1,active
WGTY3MXEP4,batch-1,active
LR9GDFXDJ2,batch-1,active
ZB7NLCK2BP,batch-1,active
PNJ2PMBA88,batch-1,active
EA8L9LMCYU,batch-1,active
KZWULMPMR2,batch-1,active
E27LWYWYXX,batch-1,active
XAUWBDTJQK,batch-1,active
NYG5FAYZV4,batch-1,active
2QQZLQVT8M,batch-1,active
3Q96KXP9E4,batch-1,active
HY57CK6CPL,batch-1,active
STN6H32734,batch-1,active
NXJVE72K3R,batch-1,active
CUBXVHSUAT,batch-1,active
CUPSFXRPRF,batch-1,active
KJST4HXXTM,batch-1,active
HXH4YSM5JR,batch-1,active
YH7JKNVRQX,batch-1,active
5B5PZDXUTG,batch-1,active
CKZLAFANK5,batch-1,active
UX2QE3FKRR,batch-1,active
LFESQX9J85,batch-1,active
M63CJQY5DK,batch-1,active
K82E7MVKWG,batch-1,active
S7WSKTF6PU,batch-1,active
JTVTB5ZGCU,batch-1,active
RY3SYWG7FD,batch-1,active
JGTNTKEN4F,batch-1,active
AYA6EYVFCE,batch-1,active
JNCCLCXHQ3,batch-1,active
94SWZCFJMN,batch-1,active
7DD3AJ7RA3,batch-1,active
B7PFKZRGZL,batch-1,active
BUS6EAEV7C,batch-1,active
64QVB6VXHK,batch-1,active
7EA3TTTG26,batch-1,active
4CUHZD2BHM,batch-1,active
PAEPPG2MCP,batch-1,active
GRKLK3PJVT,batch-1,active
TJT966WYBZ,batch-1,active
8EEQPNBB5E,batch-1,active
CDCHCRCZCY,batch-1,active
6ZV7Y3EJGX,batch-1,active
RMA997JKFX,batch-1,active
JCGJ36HQSS,batch-1,active
7MB3W29DHK,batch-1,active
PNUGXJG6HQ,batch-1,active
ZS2EQERUXD,batch-1,active
9UYYXZ22AS,batch-1,active
KFB3ABLXNM,batch-1,active
GDZY74KRMV,batch-1,active
5H5JPDVS7L,batch-1,active
SD6DX89S8M,batch-1,active
T6VBH55S4R,batch-1,active
GTEJNNGMM9,batch-1,active
KSXAN9H9Y5,batch-1,active
Z3P5EG9C28,batch-1,active
8PX4LYZD6P,batch-1,active
TVDFVAL3ZK,batch-1,active
57LYF78QMX,batch-1,active
35XU3RP8ZF,batch-1,active
FBUQKV7GFV,batch-1,active
RWD95Y7S79,batch-1,active
37BQT4LEDK,batch-1,active
BWTS6RRYNC,batch-1,active
XRUGVPDGDZ,batch-1,active
2L39TNTA6W,batch-1,active
WNNBCJZ35T,batch-1,active
4T3G2CPFJA,batch-1,active
N63V5E7XDP,batch-1,active
KH75K8CAJN,batch-1,active
B4U7Y6Q7K7,batch-1,active
6KUWNQEASA,batch-1,active
XWJHS3YQSE,batch-1,active
T57G885E4Z,batch-1,active
ZZRSH3Y98L,batch-1,active
RYNUZZ224F,batch-1,active
2YP9GSCNNX,batch-1,active
CAHPXC8H25,batch-1,active
XJ2TP65WB8,batch-1,active
5EUVRG6VEK,batch-1,active
PS8QD2E2UE,batch-1,active
2DHY62ATEA,batch-1,active
P6349Q3Z4W,batch-1,active
F25AGRP58E,batch-1,active
LHT5HCFJ6B,batch-1,active
LPPV6Q5F7X,batch-1,active
99MZ84LWYB,batch-1,active
QXL94PKU6C,batch-1,active
CCUU92YUAZ,batch-1,active
LV5PKNSEER,batch-1,active
4HW2HGKM8J,batch-1,active
WQ2594QGJ7,batch-1,active
3F4BHXZPDW,batch-1,active
5V8GTCRTNW,batch-1,active
G2VTQRP2LG,batch-1,active
5LATLEEQK2,batch-1,active
ZXQQXSYYAH,batch-1,active
HL2WLKBTP9,batch-1,active
UKMH9U6T9C,batch-1,active
CYMXDHRQBN,batch-1,active
MWV48KMTJQ,batch-1,active
NH258QJZBT,batch-1,active
HYHHT4EHDT,batch-1,active
7QSJGBWHJJ,batch-1,active
CP7SPCKHKC,batch-1,active
PA4EJKASJ9,batch-1,active
48S3GVNXKS,batch-1,active
8M4WHDT6E3,batch-1,active
5T3E63FN4T,batch-1,active
EHN9C8VRCP,batch-1,active
UHSSJQEQAX,batch-1,active
FJVSJLB8L4,batch-1,active
57V5LJYB4S,batch-1,active
H25LXTAVFY,batch-1,active
JLJ3J82AZL,batch-1,active
358CFTK5DH,batch-1,active
MRYEM6U9PY,batch-1,active
SN5VHWJYPV,batch-1,active
P872G2TQC9,batch-1,active
CJNNBBE4A2,batch-1,active
VQXSQQPH2V,batch-1,active
W9NZWLB966,batch-1,active
KZSMDXHMHG,batch-1,active
TDZ6EH99LP,batch-1,active
Q7GGMBCNJH,batch-1,active
KV95FQLUB9,batch-1,active
K6TJLSCM87,batch-1,active
EXEW6NCC2G,batch-1,active
DFMGM8K28A,batch-1,active
3NQDQ2KFSE,batch-1,active
L78ZRRFHQQ,batch-1,active
ZV4MRBCDE8,batch-1,active
6WTP7J5QNU,batch-1,active
LZ6TFGALR7,batch-1,active
5WFYBJRHLM,batch-1,active
TNZJV799WU,batch-1,active
UV34D66FVE,batch-1,active
CSB428HZ3J,batch-1,active
FC5PWGQSKN,batch-1,active
4QDDNRNP8B,batch-1,active
QNST9J6K56,batch-1,active
W4XLN44YA2,batch-1,active
ZETGWQMLZY,batch-1,active
6QJRR9XPNU,batch-1,active
WAFHYLX6RL,batch-1,active
FXD6UVKGRX,batch-1,active
M734ZCQRZU,batch-1,active
9NHJQD7H7G,batch-1,active
R6QTMX9Z53,batch-1,active
KPM32FYSFR,batch-1,active
QHAL7PZM2E,batch-1,active
7YCYQJ3SC8,batch-1,active
QWSRNYCGT8,batch-1,active
ECDZ7GNMDU,batch-1,active
H3PYFQ59YN,batch-1,active
PGZK8RRBR9,batch-1,active
7N3GT3J5EM,batch-1,active
SRC5LQE6B4,batch-1,active
FDAGMNRFQA,batch-1,active
8RXXJBLJPD,batch-1,active
FVVBMA2NMJ,batch-1,active
4X79EV7TV9,batch-1,active
YZG6A4DMFN,batch-1,active
28K4UAX4NX,batch-1,active
LWVQLNSP5N,batch-1,active
NKQNQWEYGP,batch-1,active
CC63P248XG,batch-1,active
QY279BB8GE,batch-1,active
JTXM9GVNR7,batch-1,active
LC7E5ZEVT6,batch-1,active
P7N3C6A3QL,batch-1,active
UJ7YUJT7MS,batch-1,active
3DZANLES82,batch-1,active
X2BPWUJWXS,batch-1,active
UWAHQB9H3V,batch-1,active
EB35D97AUL,batch-1,active
RQUNUKN378,batch-1,active
XVF8GKPNDM,batch-1,active
Z4N3ZZCH5M,batch-1,active
SMS6WA82KK,batch-1,active
JXQTMQYKCN,batch-1,active
EHP4YC52MC,batch-1,active
XY7RGC7VTE,batch-1,active
JDPRRY79CM,batch-1,active
E28UA2QF9W,batch-1,active
QKUYT75X34,batch-1,active
J4NZLRNAL6,batch-1,active
J2F7YJQPB3,batch-1,active
DA3TAFALMT,batch-1,active
BDF9ZCDTUR,batch-1,active
ALUZ8TXD5F,batch-1,active
CAJ722HHDM,batch-1,active
XQ34GSTAZ5,batch-1,active
UGAUTSZEGU,batch-1,active
JPHBWRH7SH,batch-1,active
KG9W84DDQE,batch-1,active
A5GP9XPCWB,batch-1,active
ESY554NNY6,batch-1,active
T7Z2GCYGCZ,batch-1,active
WHLWXSE8G4,batch-1,active
GY86D4C6TR,batch-1,active
WZW3Z8TXM6,batch-1,active
HMPAEDKFEY,batch-1,active
NW6YNS7SVP,batch-1,active
XL43ZE23F5,batch-1,active
TRWJECX5E5,batch-1,active
ZB6NR58ZGF,batch-1,active
UK754KJ2GN,batch-1,active
HHLBBN4SRG,batch-1,active
HQQHMQ5Y6J,batch-1,active
H3U7N39T4A,batch-1,active
6SUVRYARU9,batch-1,active
N2U6N3286R,batch-1,active
DGULMG57WH,batch-1,active
U4ZQG5AJHP,batch-1,active
X6NZERF9R8,batch-1,active
4ZS4B9FZGT,batch-1,active
WJA4WQ99ET,batch-1,active
4N6HK5GQ7A,batch-1,active
N9PV9CL4AW,batch-1,active
L3F4DWG4C7,batch-1,active
WGVVQHVLRR,batch-1,active
3Q94WCWPCM,batch-1,active
VE4FYL2PFC,batch-1,active
SWWY3LJTY2,batch-1,active
T6DJ9W3MXL,batch-1,active
XBVL92GNWZ,batch-1,active
7RZN3Z8A5K,batch-1,active
7AJ4ZMV6X5,batch-1,active
BT5ZNQ4AGS,batch-1,active
ETRNXG45PV,batch-1,active
B9F9SEJBQ5,batch-1,active
SHRUZL6V4B,batch-1,active
PWZZJMY83D,batch-1,active
WENV9GJ58Y,batch-1,active
3DMM3MSG8N,batch-1,active
YAG6J83323,batch-1,active
JAFE9M47HS,batch-1,active
DRT3FTKESZ,batch-1,active
VFSATCB4Q9,batch-1,active
BWC54VVWYG,batch-1,active
A3ZUN5ZFCU,batch-1,active
DV3VGPTYPL,batch-1,active
K7DH5MCAUU,batch-1,active
C7YTZNS7VH,batch-1,active
SYTDC4AFC8,batch-1,active
STXYJHTN5W,batch-1,active
LJT2H5A9N4,batch-1,active
WTVDE937KP,batch-1,active
Z5EUL766U8,batch-1,active
AP8ZD6CRY8,batch-1,active
MEJB95YEBR,batch-1,active
R87CU6HN96,batch-1,active
AMQ98KWUJJ,batch-1,active
T2PNN2XEJS,batch-1,active
SAZ7LEVN9C,batch-1,active
6LE2HWRLLJ,batch-1,active
224ZGBRR9C,batch-1,active
MSB6MMZGPM,batch-1,active
8NG4ERMJHX,batch-1,active
KL2N4AGYKS,batch-1,active
24VTM7KNN4,batch-1,active
LNPC8SY8CA,batch-1,active
JKNCTUXU83,batch-1,active
MGCZYBCA55,batch-1,active
3UL5SDME8M,batch-1,active
YMDKQTCTFH,batch-1,active
69JE3GATCY,batch-1,active
WBVB3LBWJ2,batch-1,active
GPFRW4LMMD,batch-1,active
LVTCZBX85E,batch-1,active
7777YQA49C,batch-1,active
SAXWVDXCSC,batch-1,active
929PRPALAG,batch-1,active
BV5ZL6THKV,batch-1,active
TAW4VYURGS,batch-1,active
UCBJP2HUN7,batch-1,active
BBTHXRYGVC,batch-1,active
SHNFV4TKJW,batch-1,active
WX2UKWUK3Q,batch-1,active
WBP3JV729P,batch-1,active
2JZSDBCLE9,batch-1,active
BUB3TTL92Y,batch-1,active
VSEGFMTQNX,batch-1,active
5EPC2AUVNF,batch-1,active
TUWTK8KVGG,batch-1,active
9H8HRKCQMZ,batch-1,active
8BYWBTSR74,batch-1,active
N9BK59CUN2,batch-1,active
UYB7QG5HNR,batch-1,active
JY8SUV2RWR,batch-1,active
5FXH5S6DWX,batch-1,active
8G4PM3PTV8,batch-1,active
CWKYNXWSQY,batch-1,active
VWN3CWFKQF,batch-1,active
HS9ZQVF3DW,batch-1,active
BGTTHMJ7EW,batch-1,active
PH2H59WNHK,batch-1,active
EJZWKMUPNU,batch-1,active
PTJWFA5WQD,batch-1,active
4JUY5XVKLY,batch-1,active
M9TPS9QGJZ,batch-1,active
F95PB5GXVV,batch-1,active
7SNH5GQCS3,batch-1,active
NBJ9XJZSHX,batch-1,active
N4GB998LNP,batch-1,active
EKWYTUNXKF,batch-1,active
LTPH2DTQSZ,batch-1,active
ETXYL7G2T3,batch-1,active
57R7L3UD86,batch-1,active
ZAPDK2VN5W,batch-1,active
CTSW3BYVYF,batch-1,active
4K66QFNKJG,batch-1,active
2MCY7A2RVX,batch-1,active
2BXZ7D7P4H,batch-1,active
E88P8C4HUS,batch-1,active
6CZA7QUVU9,batch-1,active
3H8N9CEGZN,batch-1,active
SS75N9ZLZR,batch-1,active
F3HHRGVF2D,batch-1,active
R653ZA359N,batch-1,active
MQXKGLCWUE,batch-1,active
QBA6L3UDRL,batch-1,active
AHX6RHKW6J,batch-1,active
BNZAAUQX6D,batch-1,active
4QTECHEZRP,batch-1,active
2HR3MSWKKR,batch-1,active
V5NRD4WMW9,batch-1,active
2JTC2K5WFH,batch-1,active
B9GN77VK75,batch-1,active
B6P8QQH7YB,batch-1,active
MRJT7HTB6T,batch-1,active
YA7BGT7NDK,batch-1,active
CJNWE8CTGV,batch-1,active
9KJFXEM78V,batch-1,active
7VSJJRVZFF,batch-1,active
AZB8LJXHBN,batch-1,active
8F8MQKYNVB,batch-1,active
UB59GRQUB4,batch-1,active
22TZCCX85H,batch-1,active
4KPZL4FZCG,batch-1,active
PST7G6WVPR,batch-1,active
47FG56QNFV,batch-1,active
CFQD7P93NX,batch-1,active
RRQHP7RLHT,batch-1,active
25BG2HFZV6,batch-1,active
UZR4XEA298,batch-1,active
LK654JFX3Y,batch-1,active
WKVAD8V938,batch-1,active
XNBWVFFSGB,batch-1,active
WPJAGSQHVA,batch-1,active
WA5AERC8G3,batch-1,active
WGA5YQDJ9A,batch-1,active
JMP3BQQJK2,batch-1,active
8YXBPYDAQD,batch-1,active
JXC7RBSN5R,batch-1,active
YK6NJNWZP6,batch-1,active
ZKZWZ9W9RF,batch-1,active
VD9GK4XUE6,batch-1,active
VDRVL9ANCS,batch-1,active
V9VJ8RDPN9,batch-1,active
KPFA67CUZK,batch-1,active
9ZNC9EUE8S,batch-1,active
5TSUXGPD6M,batch-1,active
MJ6RTQ3GWQ,batch-1,active
67SN6GYSZ6,batch-1,active
H2C37USGBC,batch-1,active
G2N68C9SB4,batch-1,active
39MEM8C3U4,batch-1,active
HLNJRMEGDV,batch-1,active
F2HJER8NHQ,batch-1,active
PDGFNYB47B,batch-1,active
NNEVTQ6ZQH,batch-1,active
PDZ3266946,batch-1,active
CULCKVD4V4,batch-1,active
4NB8JTMZDT,batch-1,active
W462BECYAN,batch-1,active
D4B7Y88DTA,batch-1,active
YYY8A3MF5M,batch-1,active
HRC4FR3BL9,batch-1,active
88YSSY2HR2,batch-1,active
NBH7TW4BS6,batch-1,active
7YHALT99L2,batch-1,active
33GYWUH59Z,batch-1,active
Q2ADB6QCBM,batch-1,active
MT6V4MK9N5,batch-1,active
YYZJU5MV8B,batch-1,active
G9XNQ9XLGN,batch-1,active
PT7963MXG7,batch-1,active
K5DDN6CUHG,batch-1,active
2PVQAY22P2,batch-1,active
JFATGG3EED,batch-1,active
S35T3PM5L9,batch-1,active
6LYQAJB8GS,batch-1,active
AWLKHARAG8,batch-1,active
N7UDBT3M7E,batch-1,active
S9AL958HSJ,batch-1,active
Y6QSK989BG,batch-1,active
T79VCYEJ8C,batch-1,active
4495A77HCU,batch-1,active
AQDVP9TRKL,batch-1,active
EWEUWVAM9W,batch-1,active
LWY9NPMKEN,batch-1,active
X7HSRBKLSJ,batch-1,active
B6WMX7P6GY,batch-1,active
LRCMWRRE4J,batch-1,active
LQSPZN9F4K,batch-1,active
DAUPB39VY3,batch-1,active
PRYRY49VF3,batch-1,active
DLQW96JB4L,batch-1,active
3GQMDL3W7Z,batch-1,active
QF7LKR99L2,batch-1,active
U5VCV26YZT,batch-1,active
V7D9JUWV9F,batch-1,active
8L7KET89KQ,batch-1,active
C9MK7XS4YX,batch-1,active
59K5PXVC68,batch-1,active
FJTNKK99J8,batch-1,active
FTSZLXXTQC,batch-1,active
JDTKS5BDWE,batch-1,active
2YL9W6PVVR,batch-1,active
PXKNEDLKUN,batch-1,active
E9USBZQKU5,batch-1,active
5XRC9VQ3GJ,batch-1,active
92ARM2EGZN,batch-1,active
8A25E82LCX,batch-1,active
H48J68PUAC,batch-1,active
5QWX5BKTP3,batch-1,active
47DFSKFLFU,batch-1,active
UW9XDSQBQA,batch-1,active
JWG2UVJHVF,batch-1,active
MQQTEH9U4K,batch-1,active
7MG5Y3FUPQ,batch-1,active
QCRKR7Q9JV,batch-1,active
V4RYEZY92R,batch-1,active
3BTJ66VQ99,batch-1,active
NLYH7E75TF,batch-1,active
4ADBBWCPZP,batch-1,active
FS3XHL7GJ9,batch-1,active
TZKSJNWSSK,batch-1,active
YYW9K66C9W,batch-1,active
84UUJWNKGH,batch-1,active
ANM4MTWQH6,batch-1,active
83CGN9LR6C,batch-1,active
X7U9HCMXVX,batch-1,active
7ZY4H3KZ6X,batch-1,active
CKYR3KKEDH,batch-1,active
6ZXVJNVMNM,batch-1,active
NFTM6FG76L,batch-1,active
2K3GFJWMY5,batch-1,active
WTDV9S6Y7M,batch-1,active
MQ3SD8EUTC,batch-1,active
9HQRPW378Q,batch-1,active
EVGGERBLAU,batch-1,active
YCULLALEBE,batch-1,active
GNFHFSYRS8,batch-1,active
P7CUR257Y2,batch-1,active
KFMNX76DCG,batch-1,active
5HYKQ46ZAZ,batch-1,active
BVBB2BQZ48,batch-1,active
R3J82CKECY,batch-1,active
U2YSQP3USM,batch-1,active
WUGPZZ4J73,batch-1,active
C8ZHCHYFDJ,batch-1,active
TYXYXWLPKT,batch-1,active
TTT9JJDNRT,batch-1,active
ZESTD3ADYL,batch-1,active
FPKRK847FX,batch-1,active
L854X9Z59P,batch-1,active
WU98LJ8RHF,batch-1,active
48RVWUALF8,batch-1,active
TQ9PXEWZKS,batch-1,active
UP29842JL2,batch-1,active
8NEU8L4AJG,batch-1,active
4FRBAQ9W3E,batch-1,active
YQK3HWVW85,batch-1,active
KA74CT4YLN,batch-1,active
D2PDGUTW5P,batch-1,active
XGA3XJ2EBN,batch-1,active
Z9KSQYJNUA,batch-1,active
ATVLPRJS8T,batch-1,active
5YZ7Z9G583,batch-1,active
NMU88QM2RE,batch-1,active
AH9MES6SHM,batch-1,active
Z9BW22GM9Y,batch-1,active
KKQE95N8CZ,batch-1,active
G4CQALRBRL,batch-1,active
K2BTA32K8Z,batch-1,active
GFP5LSJDUK,batch-1,active
UNWGNDVNCF,batch-1,active
JZEX2JMTEE,batch-1,active
2ERN6EZQ27,batch-1,active
FSGS8DQFCQ,batch-1,active
XMZTQYRFC8,batch-1,active
TVBZA9PQEG,batch-1,active
CELXNXYL55,batch-1,active
KYVERXP8JJ,batch-1,active
P2RQHEC4EK,batch-1,active
NJE3B2QLMM,batch-1,active
X2SXAR7USV,batch-1,active
VLY7RUHXWC,batch-1,active
QLMUKKVWJA,batch-1,active
CYG9A2XNEW,batch-1,active
MALM9ET3U9,batch-1,active
R8C62VYE5Q,batch-1,active
MDWUNLMCA4,batch-1,active
XGC8QL5QJX,batch-1,active
9K7HLZ7W8G,batch-1,active
89VAS72NWT,batch-1,active
TT5K36TD8V,batch-1,active
PF2G7B4ZAY,batch-1,active
8MGTVH24M3,batch-1,active
YEU8WMCUAH,batch-1,active
HP642Z48GK,batch-1,active
S7SFY53F8J,batch-1,active
GMYR5KHVM5,batch-1,active
FVB5QMBZA2,batch-1,active
G64JBQQPB4,batch-1,active
E7S5XTSJBP,batch-1,active
4PWYH3XP88,batch-1,active
R272QWHXBL,batch-1,active
PG6E67CS6T,batch-1,active
Z7HZAHUQ7K,batch-1,active
VUFM22TJLX,batch-1,active
QGLFP2ZB5M,batch-1,active
WT9MHY5DUD,batch-1,active
EVH9Z7SAYR,batch-1,active
3K2L4DLHPB,batch-1,active
LVNYX4QSTQ,batch-1,active
B6BAM7NB6V,batch-1,active
UFHB9L23AK,batch-1,active
VLYU82WTGP,batch-1,active
TNBD849QMR,batch-1,active
Z5QP956UZV,batch-1,active
SLER9EQ6X5,batch-1,active
EG63KMYJLB,batch-1,active
PXBY8YBRY7,batch-1,active
WS33WRJCSF,batch-1,active
UMLXQLBF48,batch-1,active
UUE2P9U23H,batch-1,active
JKZ6SDGXP8,batch-1,active
HPSB3UN75R,batch-1,active
LNX9J5NHFJ,batch-1,active
UDDQQMB8TD,batch-1,active
JHTKGT9HZY,batch-1,active
H95CRH2FNB,batch-1,active
KG4258KTFV,batch-1,active
BYAH8XYA9S,batch-1,active
P43T3AHFJB,batch-1,active
BQT9WX3N7W,batch-1,active
XG6N8T9QMM,batch-1,active
6C5LWYX4JN,batch-1,active
FR84VK977N,batch-1,active
4UD9PA4JN3,batch-1,active
JVZPZZGSMG,batch-1,active
6UA3M3J6AP,batch-1,active
KU2MD665ET,batch-1,active
SL4QTGZFZM,batch-1,active
K7336DW6X2,batch-1,active
ELE8TJREU2,batch-1,active
AW52YFQP95,batch-1,active
U9C5FMLLA4,batch-1,active
MENQ5HS755,batch-1,active
FUKGQ2FUW4,batch-1,active
ZZG7378ZQT,batch-1,active
HAVVA2Z5SN,batch-1,active
E9C6VSX4TM,batch-1,active
J8K8M5WQHL,batch-1,active
BDTWQAU7J9,batch-1,active
AXDYE7HG3D,batch-1,active
T563Y6DYM4,batch-1,active
R6WWW6GYAL,batch-1,active
AWFEFNJRCT,batch-1,active
CUZVUDDCHZ,batch-1,active
KW2RLN856J,batch-1,active
937QBDSX33,batch-1,active
3P6RTSMPQR,batch-1,active
F86KCN8GPR,batch-1,active
PBXYPVV4P8,batch-1,active
SDPGHQFBXW,batch-1,active
V3BF64PVU4,batch-1,active
VUUCHJCJCZ,batch-1,active
QCDYTEWWF6,batch-1,active
XML75YJLHD,batch-1,active
8Z5M3LQB8S,batch-1,active
4AAZV65QYK,batch-1,active
TCVB8PZZEC,batch-1,active
MUT4ZBDLKK,batch-1,active
9QTB5659QM,batch-1,active
WSL46UFKA6,batch-1,active
6RL6EEHYQQ,batch-1,active
BDWUE3UNZD,batch-1,active
T8PV35H9JT,batch-1,active
9ZS9CQDPRK,batch-1,active
H8DFH3LWTN,batch-1,active
J2SMMGZPKY,batch-1,active
6F9ACM7J8X,batch-1,active
RJEL82XLNK,batch-1,active
5J5UNUEFQ2,batch-1,active
982M25AKKY,batch-1,active
W5FVF9URZT,batch-1,active
ZHBLPKCNMS,batch-1,active
7KT685CH69,batch-1,active
WL9R6E3AKG,batch-1,active
RFX258PKB9,batch-1,active
HZ59AWKPDJ,batch-1,active
QURQPH49VN,batch-1,active
3XVWLHVSLY,batch-1,active
UVRAQDC2W2,batch-1,active
B9TXWHX5TY,batch-1,active
HKDXUY5GTY,batch-1,active
6LX3GY8YW3,batch-1,active
28WU6SHB9F,batch-1,active
9DN7N7DVZZ,batch-1,active
XY67Q4V2YF,batch-1,active
UXUL6QXKXL,batch-1,active
6RBLCVC25U,batch-1,active
H6M5Q8ASDR,batch-1,active
CS4AYERK4R,batch-1,active
CV3E99T86V,batch-1,active
XPWGXYXDZR,batch-1,active
UUQDAGWK93,batch-1,active
GMSFGWT925,batch-1,active
K9243446FZ,batch-1,active
Z44ZY8B3NU,batch-1,active
J6KFCMKZ7H,batch-1,active
REWY69KM5V,batch-1,active
KUAU2RMHVC,batch-1,active
ACN95ZMU8B,batch-1,active
TK3L4UADTD,batch-1,active
CNJUPZUWBC,batch-1,active
ABAKD97TBB,batch-1,active
U77YNN9ULX,batch-1,active
6PH6B73GNB,batch-1,active
L8Q8ATZGDU,batch-1,active
QZHZNM8WH3,batch-1,active
TUTYDJNT62,batch-1,active
A7FL9BQG96,batch-1,active
YBDXNQ63RX,batch-1,active
CLX3BQUQ4T,batch-1,active
T3QRAZZX8N,batch-1,active
QGULMJFWNC,batch-1,active
4GVJMJGX5N,batch-1,active
U9JBKYKFDU,batch-1,active
5E6QNZKDQC,batch-1,active
FP22YFDLPH,batch-1,active
725DLRTCTR,batch-1,active
CN5CL5SUM2,batch-1,active
GELWTRWLW2,batch-1,active
X5CF9Q3WN6,batch-1,active
NCAA4WZNUR,batch-1,active
RUSEAWCSYW,batch-1,active
JHL6YDMDBM,batch-1,active
MZJXX2SEJD,batch-1,active
X6T4CJS22F,batch-1,active
YA7YM8PQGB,batch-1,active
Q25DQGNHFG,batch-1,active
CXPZHFW99P,batch-1,active
BUSB6KLE6D,batch-1,active
RX76VJXCLE,batch-1,active
Y97ADUBMWP,batch-1,active
D3ZH8ZPQ65,batch-1,active
5EN8HGG8RZ,batch-1,active
7KQZ9A99AD,batch-1,active
6CYFGWUGHJ,batch-1,active
3MSNQTRVFY,batch-1,active
EC4SKH6QTG,batch-1,active
RESLC5X2DW,batch-1,active
ZUNMKF6VUA,batch-1,active
4TVJ9ZZTVQ,batch-1,active
83BTQJFTAH,batch-1,active
8EY4RZSZK3,batch-1,active
RVZCS74AKV,batch-1,active
YQ7T955VPC,batch-1,active
JJNXEBZSHF,batch-1,active
FMBPL3AVTB,batch-1,active
4UBUA9GN2D,batch-1,active
RTVXP99QGN,batch-1,active
LDQTCT3KFM,batch-1,active
TW4U3AYABN,batch-1,active
HWDJYVSNYH,batch-1,active
3LHBN53BMT,batch-1,active
DPBU4UN9BZ,batch-1,active
26C4N4QWM8,batch-1,active
2KLPZTK8K4,batch-1,active
DTYN9C4N6Q,batch-1,active
EG7RKPL2XX,batch-1,active
RFLKWVVUMP,batch-1,active
TEMJKTPW4N,batch-1,active
TBCR8R7TYQ,batch-1,active
JV82QKVXHJ,batch-1,active
V8PN68QM6S,batch-1,active
DSH7BYY2TA,batch-1,active
2DWEN3WR8V,batch-1,active
6PPJCMJ92C,batch-1,active
MY8DYMNXP4,batch-1,active
ULKKWY8XL3,batch-1,active
QVP6XJZKTF,batch-1,active
9Y5BPAAZDU,batch-1,active
3LSPTXCKSQ,batch-1,active
N2GZUPR7E7,batch-1,active
AKQVLKWJLG,batch-1,active
9KA9XK5UAE,batch-1,active
B8FJX55FDR,batch-1,active
Z3NUE3ZBDS,batch-1,active
KRQLZWV9AD,batch-1,active
SWMXTLSRVC,batch-1,active
GX4AGRU2DP,batch-1,active
XBHBKNC9BG,batch-1,active
ZQSU4F2A8J,batch-1,active
YDYXS3PS4Q,batch-1,active
3SSZYSBZZB,batch-1,active
C6MBGZXCNQ,batch-1,active
YEXNMSZZ98,batch-1,active
RJXNYHPS4S,batch-1,active
47Z5KTDGQN,batch-1,active
KFVNSP2Y8F,batch-1,active
AT3EARNDYE,batch-1,active
RHWR3TVAL3,batch-1,active
7UNRR2D3VE,batch-1,active
ZYXW752SKZ,batch-1,active
BNETHR2B3T,batch-1,active
6JASET9TQ8,batch-1,active
9SDJ3CRXCH,batch-1,active
TATMJU9E99,batch-1,active
XQKKS4Q43E,batch-1,active
9EGUJ3QW8P,batch-1,active
C3HN9S27RM,batch-1,active
FLK7C6Y8YC,batch-1,active
UZUAJ5QAJS,batch-1,active
V3SFFUVM9X,batch-1,active
CUBF3VXEDH,batch-1,active
6HQWJ39VSR,batch-1,active
GJ6623S2SD,batch-1,active
JSHKMCZQ7L,batch-1,active
CKHUT9QRPN,batch-1,active
XE2KCL7VVK,batch-1,active
M7GAG8JBJF,batch-1,active
TNGHJFBNTK,batch-1,active
FX8RR42MS8,batch-1,active
YS7LRPRQS6,batch-1,active
ERXUM9K4R2,batch-1,active
A2YB88QSW5,batch-1,active
8W9S66ECHK,batch-1,active
99YSPHFL5M,batch-1,active
4DMGBXH27N,batch-1,active
G5LGGQ6MCJ,batch-1,active
G972M4TPS5,batch-1,active
X5PVUHLTFF,batch-1,active
SXAQ2Q6KC7,batch-1,active
56UVPRMJY4,batch-1,active
3CUGA62VV5,batch-1,active
G5H3BZG55D,batch-1,active
89YX26H4VM,batch-1,active
W3R8ZQW9UF,batch-1,active
B6P7HNKP9M,batch-1,active
NZH4E3YUWU,batch-1,active
RWBXDHLYF2,batch-1,active
7FBRT59MR8,batch-1,active
L6NTM7XSQ3,batch-1,active
UEA4MX7VVQ,batch-1,active
9WKFXFTACH,batch-1,active
ZXZ2BCFZSM,batch-1,active
P4GDZ4XGH8,batch-1,active
AK6QD4963Y,batch-1,active
587PGDZVCJ,batch-1,active
VD6NBWNUAL,batch-1,active
TXKGKPT2E2,batch-1,active
E7C47FMTC8,batch-1,active
F599BM65M3,batch-1,active
K9DZQKV33L,batch-1,active
EQ8BYPHQAQ,batch-1,active
7QZU7JJSPK,batch-1,active
VJ2ZPA5RQL,batch-1,active
KWG2JKUR7T,batch-1,active
XAALK7YSLJ,batch-1,active
R52X2UT3ML,batch-1,active
Z9K9LDTYBK,batch-1,active
6KCH36T69P,batch-1,active
9B9MHY64FH,batch-1,active
JPUE3TSPPW,batch-1,active
UQG5L2X6SK,batch-1,active
D6YS8NYGBP,batch-1,active
KSRW5R7PW3,batch-1,active
7EP2DPPS8W,batch-1,active
FAGJMEZPFX,batch-1,active
SKU57DBWZZ,batch-1,active
R7QC8ZZ4R4,batch-1,active
JLP9KUWQKL,batch-1,active
RSS6SB4G4R,batch-1,active
9EFTNUHECN,batch-1,active
Y7FXADU49S,batch-1,active
KQFGMVRZW8,batch-1,active
9R76JDVHES,batch-1,active
XP8XFGA3MH,batch-1,active
PV4KYSGT3X,batch-1,active
SD7TXLT65F,batch-1,active
FFJS7P86PM,batch-1,active
SPVDHT6J9T,batch-1,active
DRX4B2KP7U,batch-1,active
3RBX7R6PAB,batch-1,active
FPS2HZ28BE,batch-1,active
YJCCLMZB2M,batch-1,active
APNN3CVCZQ,batch-1,active
67WHGN9PG6,batch-1,active
N7N5EW629W,batch-1,active
6H389CFAYU,batch-1,active
Z823788RRE,batch-1,active
YSJJHJWJD7,batch-1,active
X3XVY4NBSV,batch-1,active
R53SNYFGAG,batch-1,active
4CEZCFFUHF,batch-1,active
V4YEQHAF4C,batch-1,active
P2U4KJY5QM,batch-1,active
W4JZDQE9KC,batch-1,active
RBVW88NBF7,batch-1,active
ENDSCDDH64,batch-1,active
5CRZFP432H,batch-1,active
HK8Y32S853,batch-1,active
HXYRXVQ8A6,batch-1,active
26MN2H5L6R,batch-1,active
V7L77DT7SJ,batch-1,active
3G3CCCY8RX,batch-1,active
3EEEVTC4JM,batch-1,active
CC4ABAZK6N,batch-1,active
P2ZKXKQBNK,batch-1,active
VHBNY42RBV,batch-1,active
RXREGK5KRW,batch-1,active
42GB82H47M,batch-1,active
XEA26YV7T5,batch-1,active
Z7ZJBKFN8F,batch-1,active
RYBHWHC56P,batch-1,active
LL5SUE5DNT,batch-1,active
6Q4W8BBAZL,batch-1,active
XLWXHXQCYP,batch-1,active
WZKZGGRGZ7,batch-1,active
D4L8G49RKA,batch-1,active
VLCEVX98TZ,batch-1,active
CCFWLBZ2BN,batch-1,active
379AAF8T2E,batch-1,active
CKFKL4Z5ZM,batch-1,active
969G47YKB2,batch-1,active
Y6QMJ7ZHDQ,batch-1,active
E6GMDFMC3S,batch-1,active
ZJU8U4YT8A,batch-1,active
35KHP9BR4L,batch-1,active
HMPYUW37CK,batch-1,active
Z3MJES5NG9,batch-1,active
BRSL4NQUDH,batch-1,active
W4553EBUXW,batch-1,active
BWBZFSYC4Y,batch-1,active
QVDEY4N8EE,batch-1,active
H8QZX69YW2,batch-1,active
7D5ZY8YWPG,batch-1,active
HJX8D6XK87,batch-1,active
L9GSP8RGDT,batch-1,active
827GFX2XUY,batch-1,active
UDVPZJ346Y,batch-1,active
63JR62LVVT,batch-1,active
7HNPKS8T75,batch-1,active
WGACCVV35K,batch-1,active
2YHTR6QUDB,batch-1,active
ZXDPY4ATUN,batch-1,active
ZH2GF2QL2N,batch-1,active
ER5VGAXUX2,batch-1,active
225U5QGE6H,batch-1,active
LKXKLUFU6M,batch-1,active
E78XDD8JS8,batch-1,active
9AXFPU2YEX,batch-1,active
HAVUR4Y23B,batch-1,active
TEYAT9E8WP,batch-1,active
VJ4CX44EZ4,batch-1,active
SAYYUT4JS4,batch-1,active
HF7F7J5DAU,batch-1,active
AFLK3LS3N8,batch-1,active
6E5RXJMAXW,batch-1,active
GZAPBYQ486,batch-1,active
PN22UBMA3N,batch-1,active
4TPXDQFSTK,batch-1,active
JHQY9MRSR4,batch-1,active
6SRMH9P4WN,batch-1,active
R32XR55K3R,batch-1,active
HJNHWP2JZG,batch-1,active
VKXURWK9AL,batch-1,active
82YSQBVL5W,batch-1,active
TSASM64WV9,batch-1,active
KFL523GVAX,batch-1,active
M2D7W3PBY9,batch-1,active
L7828FACKF,batch-1,active
X4QYMLPKJ6,batch-1,active
E299LUX7NH,batch-1,active
F67HZ5G8TR,batch-1,active
9ZQ4G2VUDY,batch-1,active
HC76QL9LWP,batch-1,active
CK8HPTYAYL,batch-1,active
WJVC99V3PQ,batch-1,active
ZZEVCYEQWP,batch-1,active
D9WFFKUSRQ,batch-1,active
RG5WLPZN9U,batch-1,active
B3756UXP7D,batch-1,active
A8RJYKL7RE,batch-1,active
ZUEHHDLAAR,batch-1,active
6FYBK7574Q,batch-1,active
NGH5MBJT77,batch-1,active
PEC2FVGGZW,batch-1,active
JBX6PQFJR4,batch-1,active
VSCZCNY6MG,batch-1,active
S2RWDWG592,batch-1,active
LZVX2TYATF,batch-1,active
432SKNW846,batch-1,active
MUFD9CL6Q3,batch-1,active
3FRTFPM5EP,batch-1,active
LNHQE9XLQC,batch-1,active
3P93B6QCBS,batch-1,active
VVH2Z6Z3AK,batch-1,active
BBF85R6ZN2,batch-1,active
KYQN6YAVFA,batch-1,active
GWBXCC3HWC,batch-1,active
C4KEBQYHJ8,batch-1,active
DPQKDH5LCM,batch-1,active
ZZ4DD89UYM,batch-1,active
PL5VPL36R5,batch-1,active
DN3P3AAR5K,batch-1,active
L6YQSABSRU,batch-1,active
UTS8J6N3WZ,batch-1,active
NGLZNF573D,batch-1,active
DZQML8J2TY,batch-1,active
XG9LUKK4WE,batch-1,active
YKXD9B8QJG,batch-1,active
N6EZK7KQNR,batch-1,active
L2GKB9STJE,batch-1,active
HEVMDVF2J5,batch-1,active
3L6YRL2WDQ,batch-1,active
SQ7QQWCA9Q,batch-1,active
24PNNFFMLK,batch-1,active
UJUK6ZQDUG,batch-1,active
4UCEPQ3KAL,batch-1,active
ZGUNUWUBAT,batch-1,active
HLF6BBSGCN,batch-1,active
GUMAFXE8BJ,batch-1,active
X9QWALTXEM,batch-1,active
LCTSKX8GZ2,batch-1,active
2MUF6V2K7K,batch-1,active
GHDQ9WYH5W,batch-1,active
CNXM9F2LU5,batch-1,active
JWCM4KVL2P,batch-1,active
XY9UYEC6KP,batch-1,active
BAZGZM6N52,batch-1,active
KNKDYRWGS9,batch-1,active
56HPT5ZBZW,batch-1,active
JXTMF8FUDS,batch-1,active
T6RRZRL93W,batch-1,active
46M8J5LTAU,batch-1,active
4ZW8P2MFF8,batch-1,active
FU596ASAKN,batch-1,active
EHF87CTSRN,batch-1,active
A74Z6TPRLQ,batch-1,active
94MRGPKUK8,batch-1,active
LPPYW27T5J,batch-1,active
FZRNS8HHTV,batch-1,active
RZZDVAPSHL,batch-1,active
AUSFM5LRT4,batch-1,active
LWP7J8TWJE,batch-1,active
NFTXVZEZ2N,batch-1,active
CU6VSBPWCK,batch-1,active
UNKVZSZVGN,batch-1,active
HNGURJQA8Q,batch-1,active
T7F27SUCBL,batch-1,active
QN9PJTEZSJ,batch-1,active
JC27J5T7KD,batch-1,active
KQMLH5ABD2,batch-1,active
GG3W374WMJ,batch-1,active
AZ5WD9ZKLU,batch-1,active
AEFK7RCJ2X,batch-1,active
K34NU4TGAF,batch-1,active
ZSN3AYU8D6,batch-1,active
N6FWXCR7D2,batch-1,active
ZV946FBDCC,batch-1,active
Y8UCSAFAC8,batch-1,active
6K6CS5BAZC,batch-1,active
PCU9XHE8V7,batch-1,active
WQDXTQRSSV,batch-1,active
THPYWEZFPW,batch-1,active
9KKX82SGUJ,batch-1,active
2PAV9YJ33Z,batch-1,active
WP74VS39XM,batch-1,active
YZHJYHVUZQ,batch-1,active
B29XYCZ7TR,batch-1,active
2LXA9PYA4E,batch-1,active
AT9UTG4H6G,batch-1,active
EGP7JJF47S,batch-1,active
5JLBVFD69M,batch-1,active
C7TF859GFA,batch-1,active
QDNJVU98MY,batch-1,active
NKQJRU22CL,batch-1,active
DFXPJD4SCK,batch-1,active
YSXF6R7EBA,batch-1,active
URT842GFZA,batch-1,active
FR3VVX4BSC,batch-1,active
EUSXBVSH2M,batch-1,active
SE4KJKGLQF,batch-1,active
CLA4TA76RX,batch-1,active
S54AKFXCKD,batch-1,active
VH4PRN4XYW,batch-1,active
Z7SJLBAGPB,batch-1,active
9A4QSUDDRU,batch-1,active
NAHJXVZLUC,batch-1,active
WT5XCK96FA,batch-1,active
YYXH5KDZ27,batch-1,active
BJ2KSG7JAC,batch-1,active
GL9GRMPCT2,batch-1,active
CUYMW6HN8W,batch-1,active
KJ36R8Y2FU,batch-1,active
HZ8YXR5EHK,batch-1,active
TT3N4WDKT4,batch-1,active
2LPC5VPNCL,batch-1,active
4JVPYCL346,batch-1,active
UXYV5L8KKC,batch-1,active
AZFFFVWHAW,batch-1,active
H3A777APF8,batch-1,active
M9EGWYDL7E,batch-1,active
NJ4ZVDMMDQ,batch-1,active
BQPYKQ4EDN,batch-1,active
VAYK84YMB9,batch-1,active
T9GWQ2J6CA,batch-1,active
7QSULKZVZU,batch-1,active
BN4APRLGHH,batch-1,active
G342EKVP8U,batch-1,active
8Y7VKKXNA3,batch-1,active
7MK9WE3SWW,batch-1,active
HMS8VGACX3,batch-1,active
GX6C65LEFH,batch-1,active
J28LYXVKE8,batch-1,active
XVF4PQY24M,batch-1,active
VJ77DWLCN3,batch-1,active
D8NNWHUAXF,batch-1,active
NV23ZWHYGH,batch-1,active
KRN8GC5HFK,batch-1,active
8HY9H7PD7P,batch-1,active
2KJ4M23J46,batch-1,active
4CXC3JX98Y,batch-1,active
4LBJK95HNQ,batch-1,active
ETAWRFXR7Y,batch-1,active
WB8M6GU4ZH,batch-1,active
WBTB4ZYFBN,batch-1,active
Z57K9GEND4,batch-1,active
ZPUJA9LWF4,batch-1,active
C3DTPWE2FB,batch-1,active
4DED9KQTSN,batch-1,active
BA7G6B3GVY,batch-1,active
HL2VSUUEM8,batch-1,active
T8DY8FTEF4,batch-1,active
JMG55Z93P8,batch-1,active
UZMSXW8LFY,batch-1,active
ESXZZQ5H7N,batch-1,active
EA3JFNLANE,batch-1,active
6Q7N8E32VA,batch-1,active
K4BWXPYJKY,batch-1,active
EU3S9WLKK3,batch-1,active
9JY2AFSP9S,batch-1,active
F4W67MFYZF,batch-1,active
WVUWE5HWHN,batch-1,active
AQ92ZZ8J2U,batch-1,active
W42XTE2MDK,batch-1,active
6ZGM85VGT2,batch-1,active
Q68Y7D2PG8,batch-1,active
T4RQ8DLSXJ,batch-1,active
YAU5PWNKF3,batch-1,active
SR9JED9TUN,batch-1,active
QZANGH54G7,batch-1,active
SKY6VUHDDT,batch-1,active
GQGH6MHK2X,batch-1,active
BJA9ZKAS58,batch-1,active
EBR74HYNP6,batch-1,active
K58JH9MJSK,batch-1,active
V4J2ML83XY,batch-1,active
ENDCDWA58H,batch-1,active
JCBPSEBMLZ,batch-1,active
H7B7EPPHLT,batch-1,active
65RTJR5LAG,batch-1,active
CRKNUNQDN5,batch-1,active
SNQWHELKCN,batch-1,active
BJ4DAXVP53,batch-1,active
WAALMN53JA,batch-1,active
8NX8P9XSXC,batch-1,active
4NTHFK2H5P,batch-1,active
55TWUJZN8P,batch-1,active
MGKB9Z5Q2Z,batch-1,active
ZXD953U4AL,batch-1,active
DQE74BLWHS,batch-1,active
VJEUNVPPR5,batch-1,active
L968LCBV8H,batch-1,active
759ZGMBF5J,batch-1,active
RJK2H76R8C,batch-1,active
28SXR2GSJ3,batch-1,active
CS52LSQQ69,batch-1,active
TG4YUCFVRB,batch-1,active
XYRYLJDEM4,batch-1,active
6ACHX98THX,batch-1,active
MAZSVC9QN5,batch-1,active
5VRMUGDUAU,batch-1,active
X2YNAM2H6H,batch-1,active
EFQ2GDW98T,batch-1,active
RUP9DZMAQK,batch-1,active
EV25BPGGLF,batch-1,active
GHC95DYK75,batch-1,active
CGY2FETXJM,batch-1,active
NUNYG9PCCT,batch-1,active
ZXCJPENDYT,batch-1,active
W2FULLULS9,batch-1,active
4PAWXER9HY,batch-1,active
UUDU9YX7N6,batch-1,active
YVMW7H5T6Q,batch-1,active
67P7EJF5A2,batch-1,active
ENU8GTJS8Y,batch-1,active
KVLLJ43387,batch-1,active
4XCDE25EKQ,batch-1,active
QC9D9P7YVW,batch-1,active
BKU6VGKCKZ,batch-1,active
A4HE9A3WNM,batch-1,active
CRBHULQTTA,batch-1,active
XEYWN52D7G,batch-1,active
KT7QD4LRQ5,batch-1,active
4E272XHNUS,batch-1,active
2M2H8PEUD4,batch-1,active
4H9SJV4G2Y,batch-1,active
KHBPDA9RPM,batch-1,active
QQ2XGE9PPW,batch-1,active
A6XE6LL9K4,batch-1,active
WMXNYT5PCK,batch-1,active
8PR8GAZQB6,batch-1,active
LZFJ8579DC,batch-1,active
8VAPEJ4MCQ,batch-1,active
CS4KLCDMLM,batch-1,active
ND6G8LXP73,batch-1,active
8F3H63J2TC,batch-1,active
KCA2QPTBLX,batch-1,active
ZG46BEG7WX,batch-1,active
ZEW8RU223L,batch-1,active
3P6TTXDSEY,batch-1,active
PFNSA58HMW,batch-1,active
2WSGHG9J9A,batch-1,active
M9B9REM5HN,batch-1,active
68HWG65VMZ,batch-1,active
3LLGGRE4P8,batch-1,active
HBTENW9WAG,batch-1,active
MMBMZA7NT8,batch-1,active
SF4T5LVMGM,batch-1,active
LHZTMU5YYJ,batch-1,active
NH233MQWKZ,batch-1,active
XZQJ33JMGY,batch-1,active
RHQKNTYLVJ,batch-1,active
88CTCHGQLP,batch-1,active
HNULXZFZ7B,batch-1,active
B9Z4CDLYQA,batch-1,active
HY3X7XPHCE,batch-1,active
J35Q9KT7PN,batch-1,active
NYKYHGVB8R,batch-1,active
VTGRFA2BRJ,batch-1,active
XF2C3K89VC,batch-1,active
4KDK9LJ2T8,batch-1,active
YD544BG35V,batch-1,active
89HGWVG4UM,batch-1,active
8TY3ACU9JS,batch-1,active
DZG64U5MMN,batch-1,active
KF3YWU5CFL,batch-1,active
CC8TEVUA9N,batch-1,active
TS6SU4XKVF,batch-1,active
MXKQ7BQBSQ,batch-1,active
52EL67FDWD,batch-1,active
ZL7XDMYMYT,batch-1,active
96BTKXLVQA,batch-1,active
9HQJSZAC67,batch-1,active
6X4K96XHLG,batch-1,active
TS3DRCYKSN,batch-1,active
ENUJL4JERW,batch-1,active
XVMZ4WURE8,batch-1,active
A8Q72UMTVL,batch-1,active
Z8P2QW8DZY,batch-1,active
89Q2J2VNLB,batch-1,active
QJ7E6PVN96,batch-1,active
MARPESK3DQ,batch-1,active
3AHA7TNY4U,batch-1,active
SVC4P3DRNW,batch-1,active
LR3FX4898H,batch-1,active
QCE8X5DUVE,batch-1,active
WTUCTBPYKG,batch-1,active
THLD28B2U5,batch-1,active
SPG7438GJ5,batch-1,active
ZHJE6PYFAN,batch-1,active
DHPG2S759Q,batch-1,active
A89J24ERDJ,batch-1,active
WLKRPVFL6V,batch-1,active
TWPDUZVPG4,batch-1,active
KWX5P63YQ2,batch-1,active
SP2GEN5JFB,batch-1,active
HZKFLWFEKV,batch-1,active
7ELG2UXLNN,batch-1,active
7YMFYYDBMK,batch-1,active
K2PHZ76AXL,batch-1,active
MBUE8AWEYK,batch-1,active
YZPDSU6G4B,batch-1,active
H5LWSWXEGJ,batch-1,active
4HWKV55AQV,batch-1,active
JREAFKWVD7,batch-1,active
9Q9UVZ7AWP,batch-1,active
TT776ZM2CH,batch-1,active
XY2DFPSRT8,batch-1,active
FDZSS33D9V,batch-1,active
YUPD83WB6D,batch-1,active
YQHY5LV9YH,batch-1,active
R76TAF9WF2,batch-1,active
HVD6GG4HAP,batch-1,active
LBQNKRBSAJ,batch-1,active
6WENA63CWU,batch-1,active
JYFPPQENG4,batch-1,active
R35KQBVG7M,batch-1,active
MC2BNRJRGN,batch-1,active
7ZASCZX8TD,batch-1,active
UEC3DE4ERR,batch-1,active
NXD5BQKGYJ,batch-1,active
53TGQRMVPZ,batch-1,active
LQMS3LK6FX,batch-1,active
J8LC5XTYQM,batch-1,active
MYPT78G7KY,batch-1,active
5ASVVDZVQU,batch-1,active
JY8JN3UPUP,batch-1,active
4G9GMWWCWF,batch-1,active
TQ3YWDH9E8,batch-1,active
2MQ9YBKXA3,batch-1,active
VJQSCYEQMN,batch-1,active
CZV69VK9YP,batch-1,active
J4TS6Z4C39,batch-1,active
5WG5YDFZM3,batch-1,active
LXF6RG3NWG,batch-1,active
FKHYMGBJTP,batch-1,active
SX2PFCJRQ7,batch-1,active
P3THNZKTVH,batch-1,active
YPST9A62V7,batch-1,active
QXR4B3R65T,batch-1,active
MCXD52XRHY,batch-1,active
4BQXYRJUZ7,batch-1,active
VNBJXW88SN,batch-1,active
6A8FQJP338,batch-1,active
4B33KGTZXK,batch-1,active
KL4CVYGF8D,batch-1,active
QGUXPLP8N5,batch-1,active
MKZV8NP7NX,batch-1,active
TJPBEY2L9J,batch-1,active
CKAXUMLLJL,batch-1,active
GKNTAKNHCZ,batch-1,active
GXYZZZPMHC,batch-1,active
Q8ZYJ5PEKQ,batch-1,active
8PA93BL4BC,batch-1,active
PV2SSV4N6Z,batch-1,active
K2SBYE7U26,batch-1,active
CFXCL7ZABD,batch-1,active
LFQD9G73A4,batch-1,active
USGCN7XR37,batch-1,active
HS9XW325V8,batch-1,active
3PK7HFTREP,batch-1,active
BSNA6HC8YC,batch-1,active
SPB7KZJZTN,batch-1,active
PNJRCDQC3Z,batch-1,active
GJQMBZ7V7H,batch-1,active
36M7C8A8LD,batch-1,active
XEMAZ45S3L,batch-1,active
QNPXH4TT4K,batch-1,active
WC47FNXMBT,batch-1,active
K2AWR6E8UJ,batch-1,active
Q6MWYGCQ2C,batch-1,active
WU3LC5BKR9,batch-1,active
K68TAPUZEW,batch-1,active
NFYBVQ63FM,batch-1,active
RN9U2VDS4R,batch-1,active
TTZQ99RSFN,batch-1,active
PHGFM5NTJE,batch-1,active
B6KG328Y9Y,batch-1,active
CXXMFPPJ65,batch-1,active
RAVLEM3A9J,batch-1,active
HK9MZRS2Q6,batch-1,active
RXA62YLV5F,batch-1,active
UCRMRXV36Z,batch-1,active
VNNAUEW6TX,batch-1,active
UGZYVRQF52,batch-1,active
NYJQE9ERXJ,batch-1,active
JPP7M6YY44,batch-1,active
2HTH6W8L7A,batch-1,active
QK23UMRHF8,batch-1,active
TVC6U74K66,batch-1,active
BDSUD4BKRN,batch-1,active
EUBB93DM5P,batch-1,active
SCZWGD7GHF,batch-1,active
GBG4ZMNJRT,batch-1,active
9YCG9857YD,batch-1,active
E32VMRC7CW,batch-1,active
FRHHDEG3LD,batch-1,active
S4UBY2DP5L,batch-1,active
NPGTMC5VWR,batch-1,active
UKYLXKZ63F,batch-1,active
WQ38SN5RV6,batch-1,active
XMXJ45D59T,batch-1,active
KSSFDW9Q88,batch-1,active
LRZY7E2FBP,batch-1,active
TU9PRATZKE,batch-1,active
3S4F2XUJY7,batch-1,active
PMWGDSP8NW,batch-1,active
4GMJXQ657Y,batch-1,active
V2ZTDJHDGJ,batch-1,active
8C4JH5JP78,batch-1,active
Z4FQAHVUKL,batch-1,active
KKJ8CVPF4H,batch-1,active
SY43WNG4CD,batch-1,active
97RZXZ6D3Z,batch-1,active
PYBYXWAQ9F,batch-1,active
HYZC48MMGJ,batch-1,active
NRPSHLYQXP,batch-1,active
FQYS9B7DPT,batch-1,active
8TGMFL9HQK,batch-1,active
4ANRGQP6FD,batch-1,active
AZMVBSUSMH,batch-1,active
QP53FV5VF9,batch-1,active
MACTUUZA4P,batch-1,active
HUX3JHB4BS,batch-1,active
XQ23W4Z6ER,batch-1,active
LUM65C8L32,batch-1,active
YARWSGWPZX,batch-1,active
B4BAPRD9XD,batch-1,active
5FC2267WRA,batch-1,active
2D5758AFSF,batch-1,active
5J7R8FX539,batch-1,active
4HKJR4N2Q3,batch-1,active
6HZM22GEZT,batch-1,active
C4KHZM4MH6,batch-1,active
2HRCSAXESR,batch-1,active
UC9WUQJC84,batch-1,active
U89FZ6VQXN,batch-1,active
45YLAAE344,batch-1,active
FN8HSF3GGD,batch-1,active
P6EX3R6LCX,batch-1,active
F4LNK9JEMT,batch-1,active
S34QTVGGGL,batch-1,active
LZ8AKWVMPK,batch-1,active
KH6FHV5762,batch-1,active
QWCGU9ZJAK,batch-1,active
XH43CNLACS,batch-1,active
5QKAMWDWSZ,batch-1,active
GALXRPUUDX,batch-1,active
TT7N3HVQHW,batch-1,active
CN5YFC3UWD,batch-1,active
MJ3SL8WJSB,batch-1,active
2F5ZQA7HFE,batch-1,active
ME66CXMZEG,batch-1,active
HMBGLGBUUN,batch-1,active
ZH3LJD7PTS,batch-1,active
F9DK6356KU,batch-1,active
E9BAQS9WR4,batch-1,active
PGW2W9JSKM,batch-1,active
5UC7FJN6BX,batch-1,active
YNPCC37WD2,batch-1,active
ZMTQYEKX2W,batch-1,active
49UTVSH2GA,batch-1,active
DESKGH3L7F,batch-1,active
7JM5ULKMXZ,batch-1,active
5MQBUKDMKK,batch-1,active
55QFU2GRUR,batch-1,active
LBAVMTHT2P,batch-1,active
KVEESLU3VC,batch-1,active
US2VSQMRSZ,batch-1,active
PJB7XHTGLA,batch-1,active
6P9DGYTY9A,batch-1,active
3Q672G2F32,batch-1,active
4P8PDBMZST,batch-1,active
5NRV3NXB2Z,batch-1,active
8K3GRWD6U4,batch-1,active
JBH6P2293C,batch-1,active
X5TEZ3QJ5Q,batch-1,active
XZNCFN9VAU,batch-1,active
K6NALX32SP,batch-1,active
H6ZAHUJVRQ,batch-1,active
DYDJNGVWJM,batch-1,active
W89R26BERZ,batch-1,active
46ETWBQSX5,batch-1,active
STPHP539Y2,batch-1,active
DDXL3N2ZFA,batch-1,active
YEPAY2YANM,batch-1,active
CKKLEWJUTK,batch-1,active
BPV6FPF3UX,batch-1,active
R8CT2TUTHT,batch-1,active
F5CNP68AK8,batch-1,active
J7BHCEBE7K,batch-1,active
KHHBEXZPYH,batch-1,active
S5GY6CGXWD,batch-1,active
VV63VX8CMH,batch-1,active
L57WMD282Z,batch-1,active
A39E2EJYQH,batch-1,active
34W7DVF6SQ,batch-1,active
FPFF8D5F66,batch-1,active
RCSNMM5K96,batch-1,active
76DS4LYNDC,batch-1,active
86TMPKYWE9,batch-1,active
D65EMBYB89,batch-1,active
6HLTVUJU4L,batch-1,active
QVCGXTV67F,batch-1,active
VAH8L93JXC,batch-1,active
AU573RQU4G,batch-1,active
BX4X3FXSE6,batch-1,active
AMPW3M8DCV,batch-1,active
5Z244BPZDN,batch-1,active
8HUQNWT74Z,batch-1,active
6HMN6ETN64,batch-1,active
APD8KEQ28Y,batch-1,active
W98NC4KEH5,batch-1,active
CWDQWH3FA5,batch-1,active
WLK8YEYRZJ,batch-1,active
ZZVBWGL4XC,batch-1,active
XB9GF3CCMP,batch-1,active
J54PHHK58S,batch-1,active
7SYTFMWNCY,batch-1,active
XF3CQ9FMK2,batch-1,active
SW8D3CWZKU,batch-1,active
RDMKG4SFPB,batch-1,active
DY87B449RU,batch-1,active
ZKLL87LGXJ,batch-1,active
BSZW6TVYFU,batch-1,active
9HMUP749BT,batch-1,active
KRNPS9DSZH,batch-1,active
S83TLZW84J,batch-1,active
E2VASEW74M,batch-1,active
G43HJF9SPP,batch-1,active
H3EUMHRJ82,batch-1,active
D5BXAV7BR9,batch-1,active
42TZ69HAXK,batch-1,active
3943JGRA2P,batch-1,active
Q6AXER2GJ8,batch-1,active
QF9AC3GEBT,batch-1,active
SGAM3SGXUV,batch-1,active
KLVBPWVX5H,batch-1,active
FMRTXM3BR2,batch-1,active
V69RVYFJPS,batch-1,active
VVFGV7LFJW,batch-1,active
7QYAF5HZ5N,batch-1,active
D2K4FN7F8Q,batch-1,active
8NUNA3B8JA,batch-1,active
77GD678ZDD,batch-1,active
DNVMFXXPNB,batch-1,active
GV82CFPFE7,batch-1,active
2J2A9QUK6R,batch-1,active
QSYG85BPFS,batch-1,active
W4R6BV6AZJ,batch-1,active
5QBJUYTZNR,batch-1,active
VPEAPU5CHF,batch-1,active
KKRLS5PU3W,batch-1,active
3UMQNBMMQ4,batch-1,active
JBWDQ3B3CA,batch-1,active
5U7MTJTPE3,batch-1,active
ZWHEDPNE5M,batch-1,active
MPDGCDANKL,batch-1,active
JZ7JZ8UAVQ,batch-1,active
C6RY8B92SP,batch-1,active
P26SZYW6FE,batch-1,active
YVNS8MRBG7,batch-1,active
UR7R4A4NSZ,batch-1,active
8KXFSBB7D9,batch-1,active
576TWMXF7K,batch-1,active
7AC5TUKE2Q,batch-1,active
2CYFA9U3L2,batch-1,active
5LNEFCDUX6,batch-1,active
QHSH65NYTX,batch-1,active
VGWSQTA7LK,batch-1,active
GBLNE54HM7,batch-1,active
5P6YRH9BYP,batch-1,active
BHDLKVWRH3,batch-1,active
J2NJ9AEJB7,batch-1,active
R7EQNPQJZ3,batch-1,active
2C6GQ5PHY7,batch-1,active
MTUXD6NCKJ,batch-1,active
PNPSRHPSNG,batch-1,active
JSP6QKCHM6,batch-1,active
HVSVECFFEY,batch-1,active
WCUHD65VVH,batch-1,active
ACNCH87HUJ,batch-1,active
U5PD3AHG2R,batch-1,active
NDA9CST4GY,batch-1,active
9HV976W94Z,batch-1,active
PUACPUYP53,batch-1,active
V7USX8QAJS,batch-1,active
A5QPKE7PHP,batch-1,active
P9H3A2RXBN,batch-1,active
LJSPMCSBXC,batch-1,active
PGBT3RWLGU,batch-1,active
K2JXRUWNX9,batch-1,active
S7DGXTAZKE,batch-1,active
WGR8B3UTGR,batch-1,active
SECFAMQAWV,batch-1,active
VY5E4WQLVS,batch-1,active
L4Y2XY64GE,batch-1,active
PUPP99VAM8,batch-1,active
Q4Z98KTBLR,batch-1,active
3DLMFQYK9K,batch-1,active
DAWANA9TH5,batch-1,active
AZNQA3KEHW,batch-1,active
Q549NB4L4Q,batch-1,active
HPT2PFFFQB,batch-1,active
SRYTQLCLTP,batch-1,active
HTW5X8TLNL,batch-1,active
JT66GF33NU,batch-1,active
URCT4XJQHM,batch-1,active
HHN995X7EE,batch-1,active
PHHCWYTBRX,batch-1,active
B98DD9C9GW,batch-1,active
5TKEHJDXYC,batch-1,active
TQAL24UB4V,batch-1,active
LL54YS75A4,batch-1,active
SVENG6UPYT,batch-1,active
78P5X7S4XE,batch-1,active
UFUXGRGW4W,batch-1,active
LN7S67QCM9,batch-1,active
BAFHDS3G57,batch-1,active
X3LU6TA6WA,batch-1,active
RG8Y4RP22L,batch-1,active
ZSVGPLFMM6,batch-1,active
852WT8VAL2,batch-1,active
YTHS373X9T,batch-1,active
U45UE2BUAG,batch-1,active
UCJ7NSNXEY,batch-1,active
PPH942PTJP,batch-1,active
9TWYNRLVAF,batch-1,active
APQLGB7B66,batch-1,active
75X4MXG9XJ,batch-1,active
4X8MXLKEF8,batch-1,active
MWTQHUJWKH,batch-1,active
PXJHHLKF5L,batch-1,active
YG7RN5PHV6,batch-1,active
ZB86GCMBY3,batch-1,active
CND9YJ7UBC,batch-1,active
SBY4XQ7Q5D,batch-1,active
22L44EDCHQ,batch-1,active
97S8CB4KP9,batch-1,active
7UU64TX68H,batch-1,active
VFM62RB7DM,batch-1,active
V5429SPP23,batch-1,active
J8NTCCW8C4,batch-1,active
VBXSBHJW9V,batch-1,active
PXEU396MME,batch-1,active
YVSVB6BMDR,batch-1,active
UB4HXLC8VP,batch-1,active
N2982BELH8,batch-1,active
KJ6BHBNKCS,batch-1,active
YKV3CGJFUL,batch-1,active
CDYUD3JLN6,batch-1,active
3ZHHSP3C6W,batch-1,active
6WSVSNPM8C,batch-1,active
E9XZDHYBMD,batch-1,active
4C5Z2V37XY,batch-1,active
SRFJDWXGB7,batch-1,active
STNSFLMX9C,batch-1,active
8Z9WNHL2VD,batch-1,active
6FGKBB5M5B,batch-1,active
GWDN2VEXSL,batch-1,active
ZHL5EBQ74U,batch-1,active
6CCUTPAY5V,batch-1,active
EFCEVQM3EV,batch-1,active
GEKVCTT3PK,batch-1,active
HR7FXFZE7D,batch-1,active
29STAR7TRY,batch-1,active
E4NQTFTVBD,batch-1,active
H3KNTAVL7C,batch-1,active
EFT3DHSCWS,batch-1,active
WKPFWJNQMZ,batch-1,active
482GEJ5DM6,batch-1,active
FZ966GB2WP,batch-1,active
C4WQHKWK9S,batch-1,active
TTHDHG39HV,batch-1,active
3MKM3MVTMX,batch-1,active
KPGUJAGHCF,batch-1,active
RS22739REJ,batch-1,active
2TQGL6KGQF,batch-1,active
RZH5M8DJ2T,batch-1,active
FS5JW9PW43,batch-1,active
XFUGTJTVGX,batch-1,active
3YSRYLCBG9,batch-1,active
GB9ENGBFJ7,batch-1,active
CSRW9TSYX9,batch-1,active
BA48XXT5EM,batch-1,active
9DB6KHXNWG,batch-1,active
XKQU9GC4X6,batch-1,active
N6QASX66UR,batch-1,active
WMS7T2PPXH,batch-1,active
FW7SJ9B5LJ,batch-1,active
S9GBEBHDUZ,batch-1,active
WV9SR5845Q,batch-1,active
EHXLQEYP62,batch-1,active
DCC2587UDR,batch-1,active
D8498JF2G7,batch-1,active
XUGLVYKQ38,batch-1,active
94JPY5R7QU,batch-1,active
HBSUJQ89LP,batch-1,active
XG5W2KXSMF,batch-1,active
F29NRFDBNJ,batch-1,active
2N33V8S8DJ,batch-1,active
DGP88RCHYA,batch-1,active
FD7CHMQPLB,batch-1,active
Q9WD79S9SN,batch-1,active
T2DF2ZB254,batch-1,active
3VUG3PZDSQ,batch-1,active
BPDRSYF35S,batch-1,active
64FT8EJLGX,batch-1,active
FZG6A5SWEL,batch-1,active
WA7XTM2MXX,batch-1,active
JNKYTKU7TG,batch-1,active
NRN9GHELRE,batch-1,active
WFTH7X9RCG,batch-1,active
KJ3PZE82KP,batch-1,active
6TGCQCU4MH,batch-1,active
SGVPUZ3TD5,batch-1,active
4HPPKJUSFQ,batch-1,active
GJP728Z3QQ,batch-1,active
8MQKKJX7UT,batch-1,active
JES9WB56BD,batch-1,active
DQLC9NFX2C,batch-1,active
2TRHEXPTUT,batch-1,active
WJEDNEMPZ6,batch-1,active
N9NB4A5E68,batch-1,active
PT4NL9M3NT,batch-1,active
5ZCWWU5Q5Y,batch-1,active
C9JJTJTVF9,batch-1,active
UM88AMJDZG,batch-1,active
KVB3K4V8DE,batch-1,active
8SAVXS8UGS,batch-1,active
AVMKWE8EF6,batch-1,active
HHXEB6B5ZF,batch-1,active
EFTSLRJ8WZ,batch-1,active
ZT6X8S5PJ4,batch-1,active
57WYAZ9EC9,batch-1,active
VHRPVZ5LJN,batch-1,active
HMY6ZVJ994,batch-1,active
KR456JU3A7,batch-1,active
YN47PMXQUX,batch-1,active
CMW9BFQVAP,batch-1,active
A49LE2S32D,batch-1,active
6GDLGVF3BD,batch-1,active
JFW46CL7WM,batch-1,active
D8F4CSFHU3,batch-1,active
M3QPJZHXVU,batch-1,active
XUBPJ55KPR,batch-1,active
99HNC48FV3,batch-1,active
Q4E9CHKC8D,batch-1,active
6YL54NAVAJ,batch-1,active
5HEL2DDQ97,batch-1,active
J8YV49C7HR,batch-1,active
GDPM4SAALZ,batch-1,active
QU4J5T349M,batch-1,active
RVSURB9Y2Z,batch-1,active
R6HASBJ3ND,batch-1,active
GENCEZ6UHD,batch-1,active
86J3QPA7V9,batch-1,active
YNLTZBNTQR,batch-1,active
T4HR49FFQ3,batch-1,active
EVDZQYLYTH,batch-1,active
NWAUCSGKF3,batch-1,active
5ZPH5TAUK5,batch-1,active
66S3D5AEZ8,batch-1,active
8QTSJREX7G,batch-1,active
365N9JRZG2,batch-1,active
9TGXK5JGHC,batch-1,active
R5VEF63SAF,batch-1,active
6L86YWYC2S,batch-1,active
UJSC8CM32A,batch-1,active
7YUTYA9EST,batch-1,active
DNNX6VNETU,batch-1,active
CTNG3RR2B4,batch-1,active
3FX9PFHFN6,batch-1,active
M9JQL74QNB,batch-1,active
CQYFPK4FH3,batch-1,active
SHHM4JUNPE,batch-1,active
ZRSKRVGKPF,batch-1,active
6N58WGK8PB,batch-1,active
GCVFW2AUJ4,batch-1,active
Y52MS6VPWB,batch-1,active
SC27H5RBPQ,batch-1,active
396ZUVXSRH,batch-1,active
RGU6B2FSL9,batch-1,active
2FYKVKQZKP,batch-1,active
ZZ6S6C4J67,batch-1,active
89DYA27ZNB,batch-1,active
NM3YJV6BQ3,batch-1,active
BYPG3KANVK,batch-1,active
CZSLE66RSJ,batch-1,active
J82GGB98Y9,batch-1,active
852KFTHL6F,batch-1,active
G5P8NBF34E,batch-1,active
BSKUZZKPY2,batch-1,active
PWMPPLBFCB,batch-1,active
36MQ3N6UY2,batch-1,active
442URDEHSU,batch-1,active
DRWXADEH7D,batch-1,active
PTC7L2MY6E,batch-1,active
Q7Y72PDFL4,batch-1,active
47DS9D8AZW,batch-1,active
QA52XR649Q,batch-1,active
AJCT6DGM7E,batch-1,active
5V6RXFAM2X,batch-1,active
97YJRZF9MW,batch-1,active
HSF89BKTZU,batch-1,active
AFQD9XHMBM,batch-1,active
B5JQ3TYWQS,batch-1,active
QA285YMXSB,batch-1,active
69VG9HGLHC,batch-1,active
55GT5R72N2,batch-1,active
9SV2E4DLTG,batch-1,active
GL4YDHBTHH,batch-1,active
M7ZNGLWEL2,batch-1,active
X9KRPPV8AZ,batch-1,active
GB58YTKAC2,batch-1,active
VLC9ELK2W4,batch-1,active
KA5TC5TFWU,batch-1,active
KE68LHVV2Z,batch-1,active
T8GP7UEK43,batch-1,active
W23WXLJT2F,batch-1,active
WK7F3MAQM2,batch-1,active
EPSMGU22DC,batch-1,active
KBA9VW98S7,batch-1,active
VZA35A42ML,batch-1,active
FE4XMRQ58J,batch-1,active
WCJ2P3533N,batch-1,active
T38DZTJYJW,batch-1,active
6ZWSHZYK7Q,batch-1,active
L9LZPVQZ5K,batch-1,active
6JUNYL4D3P,batch-1,active
CAPKE6M7L4,batch-1,active
EVDBU9SZNP,batch-1,active
SKATE8Q8WW,batch-1,active
TRZR4K3VJS,batch-1,active
SDCCRXF93T,batch-1,active
6X57LBZSRM,batch-1,active
JJRHKCTK76,batch-1,active
2QU3YTB4E7,batch-1,active
262W593BDM,batch-1,active
U4ETAYZCMB,batch-1,active
TLY3Q8NHG3,batch-1,active
BDZPBT89ZZ,batch-1,active
68X62MHY6Z,batch-1,active
9JTBMWLSY4,batch-1,active
DWGHCZQCF4,batch-1,active
H3LRHCFWZ3,batch-1,active
49G6824TNX,batch-1,active
BDYGRGU7QG,batch-1,active
NQCXSPE5P6,batch-1,active
G58SPQXYJH,batch-1,active
5GSTDHKTYJ,batch-1,active
LJE47K6DCA,batch-1,active
Q4RUDHZ3XG,batch-1,active
G3YPGNEGU9,batch-1,active
L5LXL836XR,batch-1,active
2UCNS55WA7,batch-1,active
RHM73B4S5M,batch-1,active
75M7N4RVNU,batch-1,active
MS55T9KYCY,batch-1,active
7A9WE4UJ9A,batch-1,active
ZCEGE9RTAN,batch-1,active
X5AW9BW4RS,batch-1,active
BF8XQDBV7Y,batch-1,active
Y2H452B9QH,batch-1,active
TJG6KP795N,batch-1,active
WLKE5N72D4,batch-1,active
FB5C6KQ9VA,batch-1,active
3GATC7GX86,batch-1,active
3768AWA7U5,batch-1,active
F4VQSU9W6V,batch-1,active
WFF3CPJT2K,batch-1,active
3VHHFPDLBA,batch-1,active
38XMPQEWWF,batch-1,active
S364PLL88F,batch-1,active
8A42UCVMFQ,batch-1,active
65RWZTYZUH,batch-1,active
J5K92VCQ3N,batch-1,active
33PWT73W4E,batch-1,active
FGWVBQBNPW,batch-1,active
SV8YCPZ5JG,batch-1,active
279T6UEMDE,batch-1,active
ZP8C4CRHPD,batch-1,active
7KM7EDMWZE,batch-1,active
G7ENBDUJNF,batch-1,active
JGMVE7GFSZ,batch-1,active
33WZDBDLKM,batch-1,active
JJDQ7CFWS3,batch-1,active
CQ494Z78RB,batch-1,active
2Z9ATCH65F,batch-1,active
73AA7HUUQU,batch-1,active
VZ7ZVXFGHN,batch-1,active
8N55VWYY5S,batch-1,active
YAV6H4BWQ7,batch-1,active
8QCSNZEM4W,batch-1,active
34T3GUM795,batch-1,active
Q4MUJ7MXUG,batch-1,active
8JZ5P7HCK3,batch-1,active
QQA5BRKLQQ,batch-1,active
WYFXVUYGNX,batch-1,active
FXDEBMS9TR,batch-1,active
Y38JZUFA5K,batch-1,active
4TUQSDKQ25,batch-1,active
KRK29Y6H8D,batch-1,active
QZ3WP8SLXD,batch-1,active
WMNUHKXA5J,batch-1,active
3NVRGJFYLJ,batch-1,active
KMW2KZEEDD,batch-1,active
SNTMZQHCJ4,batch-1,active
TVV9TXAP96,batch-1,active
YRYKDKZBHN,batch-1,active
QLX7BMPLHL,batch-1,active
GYXCBTFKGB,batch-1,active
RXX6DJ8KGQ,batch-1,active
5QZRPVJQEM,batch-1,active
B5CB64AMSU,batch-1,active
Z9KY55MWVP,batch-1,active
TXRP633LQB,batch-1,active
KMAVHJUMRG,batch-1,active
AJRP4PM2TU,batch-1,active
YLDDPPNXGY,batch-1,active
8WVJPUMS76,batch-1,active
D5MFGCZHY4,batch-1,active
JP272RKU6G,batch-1,active
U3PFPXDGNS,batch-1,active
H9ZM6YFELH,batch-1,active
U7ZA7YDKEY,batch-1,active
P5VF9FWPD8,batch-1,active
S7PFJKLZ3N,batch-1,active
F4A2RQ9G9H,batch-1,active
QDWQ2MHE78,batch-1,active
RDHRWBXLJW,batch-1,active
2KBVRMA2CY,batch-1,active
5KWLLWW8R5,batch-1,active
4ZYYNVPUSJ,batch-1,active
Y49EKPMA4B,batch-1,active
LYC4YGBMKR,batch-1,active
TRMYE6QY7A,batch-1,active
QZ7Z72ZLZ5,batch-1,active
HWPPGAX8FB,batch-1,active
485W9C8QS8,batch-1,active
JWBPZP9GVW,batch-1,active
U22ZNCAJNH,batch-1,active
FUUXE5BAS5,batch-1,active
UR3ANKCP6E,batch-1,active
9QZ2N3XRQG,batch-1,active
DHU93MYFHC,batch-1,active
EYF373WLZ2,batch-1,active
L4X3TQBXEF,batch-1,active
PEY86GKTM5,batch-1,active
6EWKEQH5WM,batch-1,active
LMMKN6MFDN,batch-1,active
UU5EMJ2SCJ,batch-1,active
CJSB9Z5YBB,batch-1,active
E6ZY45GFM4,batch-1,active
49PPR23KZU,batch-1,active
EV3ZH77TLJ,batch-1,active
QWEUA47PJC,batch-1,active
DT8HJNWAHF,batch-1,active
P72A4S759S,batch-1,active
HZAN2YN2X7,batch-1,active
FK6Q8WFKTM,batch-1,active
QGL3CPZYV6,batch-1,active
C9K9VQ2X8A,batch-1,active
6GEKEPTUMG,batch-1,active
WL5XTCLG5H,batch-1,active
YKPZW276AN,batch-1,active
BPFCWREWVT,batch-1,active
9HF22DMHR8,batch-1,active
QS3DUVTB6N,batch-1,active
BVZ3FEA92P,batch-1,active
FKYHPM9UKX,batch-1,active
SE3UK6LWQS,batch-1,active
D7CKY93ANG,batch-1,active
6C6E6XE57R,batch-1,active
TMSRCJP38Y,batch-1,active
X6VGNLZPXN,batch-1,active
SLVL65ETGH,batch-1,active
UTH94FWHQ3,batch-1,active
9VC8WM88B3,batch-1,active
DVLCUHNKKG,batch-1,active
N9CC9SH7X7,batch-1,active
WWGVQQY57Q,batch-1,active
PD9MQMFK5G,batch-1,active
FRTAQHRGDT,batch-1,active
VYT9P8FAEQ,batch-1,active
F3GSF7QMRU,batch-1,active
52JPBBNN99,batch-1,active
R4RAHUG59E,batch-1,active
ZL65FVVCBC,batch-1,active
3UWRHJZJK7,batch-1,active
JXD4XVKZ8M,batch-1,active
ETV4CY3ZUE,batch-1,active
UJ99GA3CQV,batch-1,active
Z4R9Q26NFZ,batch-1,active
TNW3ASSH4M,batch-1,active
YW7URCJVSY,batch-1,active
4BM27W6522,batch-1,active
2E2BL2XL3G,batch-1,active
49JTGU79D3,batch-1,active
5EQAH6LWUH,batch-1,active
MPR9H7FCAG,batch-1,active
2N4SS32YFJ,batch-1,active
SQ3PUCQEFE,batch-1,active
HZAAC3VKP2,batch-1,active
TSDC4M7Z28,batch-1,active
LDJYJF2XY3,batch-1,active
2PKDE3A5BY,batch-1,active
VHFVHXJPJL,batch-1,active
8NRT6SV3L7,batch-1,active
6G2HA7UPA9,batch-1,active
APLBCMT3TW,batch-1,active
2VE7CMEM67,batch-1,active
B4LD2E9FRR,batch-1,active
6J74VAJHP5,batch-1,active
7RULWLDXVQ,batch-1,active
L2JBTR2GQH,batch-1,active
R3UZPDAH2K,batch-1,active
TMPH44WTZU,batch-1,active
LBXA9QXXGA,batch-1,active
X6G9ENNZUQ,batch-1,active
YENWKGBCG3,batch-1,active
4WB7DRKU3K,batch-1,active
W94HZKNK2B,batch-1,active
QZ9NVE8AZC,batch-1,active
BSSMDEA3R5,batch-1,active
NCWC7DQKUA,batch-1,active
SXBJSDYJXN,batch-1,active
EP4EFP3ZXJ,batch-1,active
695BACHNEQ,batch-1,active
X58P6AS2P3,batch-1,active
S6KP8PYMGZ,batch-1,active
B6BG665A2N,batch-1,active
W9HHA8WNCZ,batch-1,active
QEWAQWP9VE,batch-1,active
VN7DZVPBTG,batch-1,active
W2C2VUDZ4W,batch-1,active
7HF46U7RLH,batch-1,active
RYV79M4C7S,batch-1,active
HMJVH6UZC9,batch-1,active
YU8G9JJWTL,batch-1,active
5EW575K74B,batch-1,active
VUT6R6CVWA,batch-1,active
XT8FLRKKDV,batch-1,active
5BMQ9YCB9Z,batch-1,active
RMG3EK299U,batch-1,active
E4U2678WZL,batch-1,active
UNVU4C6FD2,batch-1,active
Y4KZ8XJ4VU,batch-1,active
93AYJQ4B99,batch-1,active
NRLB3EBARM,batch-1,active
XH493YV7TP,batch-1,active
BWHW598MNG,batch-1,active
QFJDFKXG47,batch-1,active
6T3XWPY3RR,batch-1,active
DQ3KQT3QVT,batch-1,active
FSEY8LKUB3,batch-1,active
CAZYL5YATR,batch-1,active
84ZHZD5FBF,batch-1,active
74T9KL5L5J,batch-1,active
MXH585KR3G,batch-1,active
KBAE9HHU8Y,batch-1,active
SDFVEWF5T4,batch-1,active
YWG46EQGAF,batch-1,active
TPDF3SBYXN,batch-1,active
9FARQWD2U3,batch-1,active
FCTPRGTM65,batch-1,active
PGD8AW9XVU,batch-1,active
T89VJMVZZA,batch-1,active
A8LVF6J57Z,batch-1,active
7LLCMGXT6V,batch-1,active
R6RMTCHHEZ,batch-1,active
P942ZHMQFX,batch-1,active
PNTXSJWVCA,batch-1,active
YC47ZH656T,batch-1,active
DT5X7E6XS6,batch-1,active
7ASYS93PFS,batch-1,active
PAAG8VK9JH,batch-1,active
YQW5V46GYA,batch-1,active
7E4ASKUFFQ,batch-1,active
KDLM5Q4J2Y,batch-1,active
RG7VWS2HKL,batch-1,active
5VQDJAELQ5,batch-1,active
W39BAYR5A9,batch-1,active
3WJSZ4SBS7,batch-1,active
P8G8Q9ACBL,batch-1,active
V7NPF8GW55,batch-1,active
D79QDCVZY7,batch-1,active
7JSEVK4T9G,batch-1,active
DPQN2MPQXB,batch-1,active
NTY6A67RXT,batch-1,active
U48M2H86NH,batch-1,active
QQEGTF3RUF,batch-1,active
A7WSDMQ2UK,batch-1,active
K4W38PD8K5,batch-1,active
GCC6DU7ED2,batch-1,active
2DTY6ZWXE7,batch-1,active
CXGDMFF77C,batch-1,active
A84KF65FVE,batch-1,active
FUGWHG6FFL,batch-1,active
5CF2LQZJCK,batch-1,active
AB9SWYUG8X,batch-1,active
TD6PHATHB4,batch-1,active
LXZFCDNLVR,batch-1,active
CHFM3B2QX5,batch-1,active
XUZ34DRE4B,batch-1,active
SM9XEA9848,batch-1,active
MC7LF2XS23,batch-1,active
7TG5V32HD8,batch-1,active
N75EBMX2SM,batch-1,active
FUHRFXA5FG,batch-1,active
KDXG7Q57BW,batch-1,active
V93VWQ76ZU,batch-1,active
LNVDESFML5,batch-1,active
JSBVH7DGHT,batch-1,active
LVYKJXGZYE,batch-1,active
3L5SLCS6QF,batch-1,active
SP4CL7JCQD,batch-1,active
VHUMUMKG48,batch-1,active
S7NN2NZRJL,batch-1,active
TQZMKPNSUA,batch-1,active
WEZ4S8DJKB,batch-1,active
T5TWTMQV8D,batch-1,active
RXF44PEFYT,batch-1,active
LYLK3A237W,batch-1,active
SX93PG3PWG,batch-1,active
GKJKHXU3JE,batch-1,active
7WDC6U2ACK,batch-1,active
LYQU4NX8CM,batch-1,active
D9AJEU5XKZ,batch-1,active
P84T4QLN77,batch-1,active
9YXSVU77GW,batch-1,active
AJMYHAVM6U,batch-1,active
RYRDAVXEH7,batch-1,active
LJTY2TVXN3,batch-1,active
DKSHS9BACL,batch-1,active
KLT75GSFM3,batch-1,active
HPKSAJGWMF,batch-1,active
CS9HM54W3A,batch-1,active
WVTU95ZFTT,batch-1,active
PTMFDE3TZT,batch-1,active
4SDX993G3K,batch-1,active
QGFUS8JLH2,batch-1,active
7RWXUW6ZBJ,batch-1,active
42QTKTGKZJ,batch-1,active
PN63M8XTXN,batch-1,active
6HZ8HWCRAF,batch-1,active
J2ZJRXHUVU,batch-1,active
SHMHWVMRCW,batch-1,active
UZ4YJSTZBJ,batch-1,active
5TSEJ2SKMX,batch-1,active
EF3XAWS5S7,batch-1,active
YFXHZ7B6YK,batch-1,active
9U7TXHNVQA,batch-1,active
R7MZTJD7LZ,batch-1,active
CHB42HF5DT,batch-1,active
WFABMVSL69,batch-1,active
949LY7ACWW,batch-1,active
3U9TWUE5BE,batch-1,active
XB2T8U3HKY,batch-1,active
6CGT8EZ28H,batch-1,active
LBAAXMV9QR,batch-1,active
MRZGAAGWW7,batch-1,active
UGDEF4FGZX,batch-1,active
NYAYBUP4ST,batch-1,active
HR3EYRAQ8L,batch-1,active
9GXZKN3CKL,batch-1,active
BU25UJGL2T,batch-1,active
PP2DC79WF6,batch-1,active
P364K2S3PR,batch-1,active
GEJBGSPAUH,batch-1,active
B8CHGUEHCW,batch-1,active
W9CESWNKKL,batch-1,active
P3MDFXX6WL,batch-1,active
62722PH4FH,batch-1,active
JRMHVHWW2H,batch-1,active
WD49XPF9DK,batch-1,active
GXPE85TE7J,batch-1,active
2Q979TQT7B,batch-1,active
F8G3FZ5KZU,batch-1,active
5S5ZAZTJ4W,batch-1,active
5VWPSRRW6M,batch-1,active
ZS2TLJ9GAG,batch-1,active
K5GWXS2BP8,batch-1,active
4YYZK5AT3H,batch-1,active
VUU5K8NDU3,batch-1,active
84R674X4AP,batch-1,active
SCCG7S3MVP,batch-1,active
4F3N3BKBVD,batch-1,active
4LDPYS9Z7Q,batch-1,active
KN7WH8A3U4,batch-1,active
CLTM9GLMYB,batch-1,active
466RFE38UT,batch-1,active
SUBNSK9X7W,batch-1,active
68HAXC6ZCX,batch-1,active
S8V9W9HRYN,batch-1,active
9PAT66RWDM,batch-1,active
KHRJQ978WJ,batch-1,active
E42SCXPAWV,batch-1,active
69RYD3326D,batch-1,active
6SZNEWJG3F,batch-1,active
CZNQ46AF53,batch-1,active
TE6CENKDTZ,batch-1,active
7EJ96WTQFG,batch-1,active
SX72KSUTDA,batch-1,active
4CL3WUVMVE,batch-1,active
9637EHEAWJ,batch-1,active
D4STZ256QF,batch-1,active
KJP8U4CLCT,batch-1,active
A6SU4LDHZH,batch-1,active
DAJ7BB5AUK,batch-1,active
PSRWD7BGKY,batch-1,active
Q69QYRNWD7,batch-1,active
C9HU3JFE5H,batch-1,active
56QAESKE3Y,batch-1,active
N9W4P5588F,batch-1,active
48J6BSLZKF,batch-1,active
AXLXPCBSUB,batch-1,active
94XRD3SG3P,batch-1,active
ZAEMJY8H4E,batch-1,active
WRRUUNSNFD,batch-1,active
9X6SXD9XRT,batch-1,active
EQEH99CYS5,batch-1,active
FHGX4TPTFM,batch-1,active
LDNP37BPFH,batch-1,active
2R2D43JFQP,batch-1,active
HQHZY9NNKR,batch-1,active
TF6RTNKFUQ,batch-1,active
5E46U2YSKD,batch-1,active
XWWTC3853W,batch-1,active
CFLJY288LJ,batch-1,active
YXDENDW77L,batch-1,active
CY8DK2C6KS,batch-1,active
F64C4LREHH,batch-1,active
YJGL38WMT6,batch-1,active
E6F9WC3LBN,batch-1,active
SLTDDUPWLZ,batch-1,active
6TPXKD2JLT,batch-1,active
2F4JY3ZZYH,batch-1,active
N3RRNKZYHB,batch-1,active
CN4TNWZJFC,batch-1,active
PMFU9M3U4U,batch-1,active
LMJ6MSTYFJ,batch-1,active
PEDJ2J84NQ,batch-1,active
LXRYGJP2XB,batch-1,active
4GBPPVFZ7Q,batch-1,active
UYZZTRWWDL,batch-1,active
6YJCTAYWLW,batch-1,active
58KWQ92H7S,batch-1,active
TGQY8Q4BS3,batch-1,active
D47C8QXSP7,batch-1,active
LBVUVVDFR5,batch-1,active
VN8G8AATG4,batch-1,active
M2MJCMSNX3,batch-1,active
P4WUDFFUCE,batch-1,active
NU4KLHC3LK,batch-1,active
XHQDQP3MX6,batch-1,active
ZJMSFCK6QU,batch-1,active
KFUKQGXAFW,batch-1,active
EMVC7TYPLJ,batch-1,active
D3N96R3HWW,batch-1,active
NG4LAYL2MD,batch-1,active
45WEFEJRA7,batch-1,active
HR34T5BZYD,batch-1,active
WXKAM6DDU6,batch-1,active
MWRQ6YPF24,batch-1,active
E98PUAAXX3,batch-1,active
JKA7969YT6,batch-1,active
ZWWTCQDX4F,batch-1,active
548P3E8F9X,batch-1,active
8EUY7E7RSR,batch-1,active
47N7AJ5RHP,batch-1,active
8JTUX5N3RP,batch-1,active
KH4P6YZ8L9,batch-1,active
X4TVABFH4F,batch-1,active
PWJA4J73MA,batch-1,active
M5JZAP3M97,batch-1,active
RPNTXCB3WQ,batch-1,active
J548WBFGUH,batch-1,active
B5V96UHHGA,batch-1,active
XUW38ZS4RB,batch-1,active
4GZMC87MXD,batch-1,active
VQ4XDCYPDB,batch-1,active
KLMLQ8GVW9,batch-1,active
75H4QJPUJE,batch-1,active
3FEDMUTQVZ,batch-1,active
SMZHZ3T8HJ,batch-1,active
D85GJCFR8T,batch-1,active
JUB4SSXHQW,batch-1,active
AHNUG65W48,batch-1,active
DS4GSPM5RE,batch-1,active
43DPNDXG7Q,batch-1,active
XXBCHRT5VA,batch-1,active
5ANUVTY62H,batch-1,active
REBHNKQP77,batch-1,active
Z94KY4J7BL,batch-1,active
JJEMWKH5T9,batch-1,active
6UJNVMFE5P,batch-1,active
76FZT8KZVP,batch-1,active
J7J3XD9C7Y,batch-1,active
4VF5G3CF4Y,batch-1,active
XCETVT8KBD,batch-1,active
G3QQV3LSVL,batch-1,active
JXST59GE88,batch-1,active
P962CCWQGR,batch-1,active
RGCFYG3RDF,batch-1,active
NEX4NHEMUC,batch-1,active
XHPMPMVSSF,batch-1,active
DT4ASMBWUU,batch-1,active
SGPV4GC7YS,batch-1,active
478VEUHR2Q,batch-1,active
TPDRT4HGAQ,batch-1,active
W6GN4VPHMG,batch-1,active
FBYT4Q6X94,batch-1,active
2TT7BF7AC8,batch-1,active
ZPPB4HBFD9,batch-1,active
T5CFCU2M3J,batch-1,active
MKREJ35YVR,batch-1,active
XYDMX2CGGU,batch-1,active
JGV3MGFFC8,batch-1,active
WL3XSTDMXV,batch-1,active
75AQ79697Q,batch-1,active
8Q92SVXWS9,batch-1,active
3J7PEBKZ48,batch-1,active
5XCFABGVJY,batch-1,active
RGH7VT7FNV,batch-1,active
7G64A9SREN,batch-1,active
BM7S86QWGR,batch-1,active
8LSNL5J57F,batch-1,active
PL6XJQZ2T2,batch-1,active
TTBX78PC5X,batch-1,active
P7XJRGKA43,batch-1,active
G9X5VJESRD,batch-1,active
BHYLQXRTFM,batch-1,active
G6PDKE8LPN,batch-1,active
TEWR9JSLQS,batch-1,active
TLK2SRYK8B,batch-1,active
9B6BJEP372,batch-1,active
QYTK3FFHMD,batch-1,active
CXGCL89JU2,batch-1,active
WWNACM9D7J,batch-1,active
YD4VKNAU85,batch-1,active
4C779LS455,batch-1,active
53UMVB6HGU,batch-1,active
DTV89Y5NR6,batch-1,active
WXJJSQ4S3Q,batch-1,active
9M83WEJLGA,batch-1,active
2F3WS6BDW7,batch-1,active
UF234G8HE8,batch-1,active
2PXYJ2DYZF,batch-1,active
96UCFEWXRY,batch-1,active
VBHFTSTA3B,batch-1,active
PQ6RJZGNPZ,batch-1,active
JTCHW47B8S,batch-1,active
BNLPFEXF7U,batch-1,active
NYHQ4VQ8FC,batch-1,active
M3CEEG8634,batch-1,active
J3YCEKMVJB,batch-1,active
LMNLJHNHUH,batch-1,active
UQE8MV6JEP,batch-1,active
JP55328FYE,batch-1,active
ZBE5KEWHHL,batch-1,active
QCNQRCJA76,batch-1,active
9KXTS4C7GH,batch-1,active
MR89JGPRNB,batch-1,active
M4KKY82SSM,batch-1,active
NWAWREX4R7,batch-1,active
V5V6FK3ETY,batch-1,active
VT22LV9LY3,batch-1,active
6YDZ7X2FUV,batch-1,active
BRHZJUXV52,batch-1,active
PYTP2SQRRM,batch-1,active
V2AKUG8XHX,batch-1,active
W4NTY2DYYC,batch-1,active
72ZXTBXKZH,batch-1,active
CNU3MN672F,batch-1,active
JGH5HGAJMU,batch-1,active
25BJSS7YWG,batch-1,active
97TMAAQFRG,batch-1,active
443PMATKXQ,batch-1,active
UHUL6AAGCB,batch-1,active
KEWQPCY62L,batch-1,active
R39UTZX5JP,batch-1,active
B33M4HYLP7,batch-1,active
FAF55M8SSP,batch-1,active
M7499HHZAH,batch-1,active
AQL73JC95V,batch-1,active
3HYZ242GKV,batch-1,active
WLBSE94VXG,batch-1,active
DGF2JQFRXQ,batch-1,active
4K4Q86KVTC,batch-1,active
8GV58C6KFX,batch-1,active
G6Z3X7C5Z6,batch-1,active
2UEKWDHTJQ,batch-1,active
PCGRU4QUUG,batch-1,active
NT7DFSL7TJ,batch-1,active
BG2HQ6ZNEU,batch-1,active
BVUVPWFP79,batch-1,active
QCTVTL4DRN,batch-1,active
8CYUF2JZBK,batch-1,active
RNUEJCCPLS,batch-1,active
75AZXFCSAG,batch-1,active
YG54RDSJ4Y,batch-1,active
J4APJW4LL3,batch-1,active
KTG7KTNVWU,batch-1,active
33VKHLE4CT,batch-1,active
QFB2BNA3YC,batch-1,active
MTA9K34U44,batch-1,active
EFDUZBXGCT,batch-1,active
PY5DQE23C5,batch-1,active
65T5PK2SNE,batch-1,active
CJF576U5NK,batch-1,active
NKRA7XWM5X,batch-1,active
UN9ED6DZNS,batch-1,active
YUEDT5TZBA,batch-1,active
UYS9SCXG4R,batch-1,active
2RM5QC4X36,batch-1,active
YWNXA6VSWG,batch-1,active
3WBNFQTS6T,batch-1,active
C73VFPPLN9,batch-1,active
AUUTF38RZW,batch-1,active
2PJKBBBCPC,batch-1,active
FV9USCPM42,batch-1,active
VTV8Q2FEDP,batch-1,active
WMAXQYAMST,batch-1,active
LNR5FM3F6M,batch-1,active
VT7NB7VC7R,batch-1,active
S49AZ5G98V,batch-1,active
KCLHC7UKYZ,batch-1,active
FQTTGWXQHW,batch-1,active
SWYB2CVC58,batch-1,active
ML53MYDC2B,batch-1,active
Z8JCVVU7TU,batch-1,active
PLB7CCBWS6,batch-1,active
39Q6XSSZTE,batch-1,active
YGN422YJ6R,batch-1,active
58BKW34GKL,batch-1,active
UD56EG5YE3,batch-1,active
B6PKA2KV5V,batch-1,active
9ZCP4FP5BK,batch-1,active
KA27LG6XCV,batch-1,active
ZRDP3DRLLA,batch-1,active
B7BBEX8FRN,batch-1,active
BFS4TEE9TG,batch-1,active
S6WFK26TGK,batch-1,active
D5TA29W7DQ,batch-1,active
CJEFMR9BK3,batch-1,active
BMR69MPBGM,batch-1,active
9BD5WUC9ZT,batch-1,active
DHLA4T757X,batch-1,active
HWHHKXYG9Q,batch-1,active
6FAZX4M8EW,batch-1,active
BCHCWUL7WP,batch-1,active
8CPFBX84GF,batch-1,active
U2Z3PNBH5N,batch-1,active
5QQ3DECV6T,batch-1,active
5UWGP56HZL,batch-1,active
3YFH5ZFVVJ,batch-1,active
6GLAE3E4AY,batch-1,active
YHAQQHXUBN,batch-1,active
D2JL57N4NU,batch-1,active
4RY56FBRBJ,batch-1,active
89T8WXYTQC,batch-1,active
FTRHKB9FGY,batch-1,active
89D2CK7X3F,batch-1,active
YHKGB6SNFK,batch-1,active
5GELPZMHFB,batch-1,active
CZG9LPUJRU,batch-1,active
YZAYAUU4T8,batch-1,active
P3VVH2P754,batch-1,active
FA9RNETLBG,batch-1,active
WYVUG9RHHR,batch-1,active
TRLN75SKFW,batch-1,active
57BHSMY3NS,batch-1,active
3C5856VJ8H,batch-1,active
JWAA4G7648,batch-1,active
3R2X8SJYP4,batch-1,active
Y9Z9M6XE9V,batch-1,active
XZGN9QRQ8B,batch-1,active
VA7AA98TL5,batch-1,active
PPJCFJASRE,batch-1,active
VNACBFUSD9,batch-1,active
ABYGUY35CW,batch-1,active
WABA4LEJZP,batch-1,active
DYP7LLCXAU,batch-1,active
RSEQWN5MPQ,batch-1,active
SVSL3M83ZT,batch-1,active
P3X5PY5LPQ,batch-1,active
9HQKKDCLX2,batch-1,active
XBQH3JABXA,batch-1,active
JBXNTVKW9R,batch-1,active
X3J6K7UBPG,batch-1,active
D6YA5QLJTR,batch-1,active
UWVMESHT4G,batch-1,active
2E2DF9JGGT,batch-1,active
TQFYWSF5SX,batch-1,active
HZ948RQ6NC,batch-1,active
EFSVYH4DG6,batch-1,active
GCV5FM4BF5,batch-1,active
RF8N6MTLGH,batch-1,active
C7CK5T59UB,batch-1,active
4UTUWWY4X6,batch-1,active
FBZZAYLUMQ,batch-1,active
ZYSY8UWPGH,batch-1,active
HKHWYH4NHG,batch-1,active
AYJB2D9GNL,batch-1,active
G8TCJGUKY9,batch-1,active
J2VEPQXL9C,batch-1,active
VWQ2NFRXP4,batch-1,active
CJGGEJ63AB,batch-1,active
KEZMKYKFPB,batch-1,active
MLQHPZP4QZ,batch-1,active
6373PVRZHG,batch-1,active
DMJ72HRFJN,batch-1,active
6RXL3C2D3T,batch-1,active
7QKH92GCQZ,batch-1,active
ALJ9X2MW59,batch-1,active
ERBMKQYUZJ,batch-1,active
DYVSUYEC7U,batch-1,active
377B8QGE9K,batch-1,active
5ENH4DADKA,batch-1,active
VZBDMTT7WW,batch-1,active
96Y9JTE676,batch-1,active
7WNH2K3XSZ,batch-1,active
ASXHWU5XHQ,batch-1,active
9BJVLJPYM7,batch-1,active
2568YZHMK5,batch-1,active
LKPDR3EUZZ,batch-1,active
NFM3RPDMUE,batch-1,active
TFHDNBV65A,batch-1,active
GXE4CVXEKD,batch-1,active
NRPHAXBCPF,batch-1,active
TH7784C2EW,batch-1,active
YYP4L4THJK,batch-1,active
YMUJXTT3C4,batch-1,active
QJTHDNZPYB,batch-1,active
7RQSXUBPH2,batch-1,active
5KAPWYM4TV,batch-1,active
34AKRN2RVF,batch-1,active
FX3JEVM6QT,batch-1,active
M3ZUKNUKTY,batch-1,active
X453F955WL,batch-1,active
BV7LVSLQ88,batch-1,active
YBWLBA468T,batch-1,active
D37VP8GJCU,batch-1,active
XS3EWG37J5,batch-1,active
RFBA62S6GD,batch-1,active
ZK9LYT8GP7,batch-1,active
TQYR9GB232,batch-1,active
DWNFJUMZRG,batch-1,active
SPQKZWVTJ2,batch-1,active
5UNUEEDRM2,batch-1,active
9RZQBBQF7R,batch-1,active
W47R3E9HDD,batch-1,active
SDFJ3BHY22,batch-1,active
5QN6SY7BWT,batch-1,active
R4B6SXTHMW,batch-1,active
PX4CB57RC8,batch-1,active
3A53HBXKJB,batch-1,active
UYXTSMMJ3W,batch-1,active
MV3VC5LYZJ,batch-1,active
DKSYTNVJVJ,batch-1,active
CLCXCQLN5F,batch-1,active
UNZ4CEGWKB,batch-1,active
945P9KG93H,batch-1,active
KHP9V5K7YL,batch-1,active
9BVCVF3PMK,batch-1,active
Q4HD8KXGZL,batch-1,active
2GHNY2QVV9,batch-1,active
XE6TLY3QR6,batch-1,active
B2CVXFAEJJ,batch-1,active
EVWY4V84ZU,batch-1,active
GTCQ983N52,batch-1,active
H8PDJEV5CG,batch-1,active
J8CQNYGENE,batch-1,active
LPDVTPVVKD,batch-1,active
XNN96YD73Y,batch-1,active
G69D9PC4SN,batch-1,active
WZBUHRCM5Z,batch-1,active
TWPA6U6TMY,batch-1,active
5HHQ4YSR97,batch-1,active
FNRCE7X6JR,batch-1,active
DJPDXV984B,batch-1,active
FUX67VKVB3,batch-1,active
EZUCHMDJFK,batch-1,active
2ZYSDALWJR,batch-1,active
354DEGUHDH,batch-1,active
R7XTFYEZ2K,batch-1,active
SUEBX5VV3U,batch-1,active
KB3EYJ2VKL,batch-1,active
L8GUT9UFTJ,batch-1,active
R945WD9NVA,batch-1,active
VD5VJQDQ9P,batch-1,active
ALGYZET99Z,batch-1,active
A5R97VPDEW,batch-1,active
B53KQFFSFQ,batch-1,active
SEQRBU28H2,batch-1,active
24RGKVJ5R7,batch-1,active
ZTQ44DGH6P,batch-1,active
42K2YGLXQD,batch-1,active
RRC9VP3PZ9,batch-1,active
BXZS7CWNJK,batch-1,active
N7LBA9R7KK,batch-1,active
3SZQ4DG98Q,batch-1,active
QC5MZPCZGJ,batch-1,active
PPV2MWXB6F,batch-1,active
TTH8D6UUKR,batch-1,active
RYF9HUYKPT,batch-1,active
H3VCBG64UT,batch-1,active
ECCF8WX6UM,batch-1,active
CSJ9UYGZ7X,batch-1,active
X8J72SFCRX,batch-1,active
MWXMVMY8CZ,batch-1,active
KW64TGGMWF,batch-1,active
KYELVBBTPH,batch-1,active
PQB239EYPZ,batch-1,active
X52Y3P2JJY,batch-1,active
84QES5JEHG,batch-1,active
ENH3KVWA4V,batch-1,active
AGP576KG3Y,batch-1,active
4SD6ZUR7KH,batch-1,active
JC2TH8J8GP,batch-1,active
USMQ6CCD2B,batch-1,active
LQNLUQZNKA,batch-1,active
B3QLA69Y2L,batch-1,active
QZN7FE8TT2,batch-1,active
ZTYQ9DK8H5,batch-1,active
V7J4S8D6XM,batch-1,active
ZPYUUNWVXS,batch-1,active
TMPHX7GKUW,batch-1,active
JX2CE697AM,batch-1,active
2G4U3KDS52,batch-1,active
7H4CSWTNFR,batch-1,active
C24PHVYMGN,batch-1,active
3UTCMPK8HU,batch-1,active
MZYN89VEDR,batch-1,active
5FBPHPWB33,batch-1,active
Y3KZDJHZB4,batch-1,active
P3YF5KDAHP,batch-1,active
EV8WXQFGWF,batch-1,active
4K767UQZNM,batch-1,active
TE78UFQULK,batch-1,active
ZSWT35ZZTY,batch-1,active
ZU4XP92LU7,batch-1,active
Y7VS63F8X6,batch-1,active
45H5MKDFDS,batch-1,active
DSEVZF9U3U,batch-1,active
FLPSYL35TZ,batch-1,active
UWKYG568SX,batch-1,active
KMH8DF4S2R,batch-1,active
U86SNWJQQ3,batch-1,active
Y2R34252VV,batch-1,active
2JT7TBSPSS,batch-1,active
NB2UH9XXUK,batch-1,active
7DYZ7TSKB9,batch-1,active
H7S4WDDPFW,batch-1,active
GALX2XA6YN,batch-1,active
65BUJJYEZ6,batch-1,active
SSFEKAK85T,batch-1,active
9UJT45MEYR,batch-1,active
ST9KLRJ2GJ,batch-1,active
KWTJXAAVFV,batch-1,active
T8B7CNREHE,batch-1,active
CR59RAR59C,batch-1,active
EG9L9Y5673,batch-1,active
KUAUVPUZQV,batch-1,active
UGVJZ4N5Q6,batch-1,active
CW97VDW8FN,batch-1,active
TDAC96B8EV,batch-1,active
PMHXVQZDDP,batch-1,active
8EAVTZCJXN,batch-1,active
5YDXJ2HDBK,batch-1,active
CWXJY3CRGL,batch-1,active
EMCVDPSAQY,batch-1,active
ZD9VVYV5RD,batch-1,active
UVRDUSMRVP,batch-1,active
T5LC6EFDR2,batch-1,active
UHRADNQ8BZ,batch-1,active
RND2DC3SHE,batch-1,active
WFN9SJHPTL,batch-1,active
BPT2EFQF3C,batch-1,active
YJUAPQFAPG,batch-1,active
MYJ34Z32ZT,batch-1,active
NDKJGPSHDC,batch-1,active
KWSAN5LF99,batch-1,active
5LFJRGZZ88,batch-1,active
4LUYEQZA5B,batch-1,active
SV77URAK3F,batch-1,active
CA84WVH8NZ,batch-1,active
74E44PVV7D,batch-1,active
VE52N4VG8S,batch-1,active
RLQCYBT4BV,batch-1,active
Y9K9BKQU6S,batch-1,active
3Z3KRYJ4D5,batch-1,active
V6GBA6DFHX,batch-1,active
6UGTDGFC3R,batch-1,active
28VCRGSK55,batch-1,active
C3WG23N8N7,batch-1,active
9VRLHNUZPD,batch-1,active
WFG4HCR6YC,batch-1,active
GW7D47CPNC,batch-1,active
GL7TZ6N8R5,batch-1,active
44NQLGSVUP,batch-1,active
P8L6V9J3Z4,batch-1,active
LE8FKX34NZ,batch-1,active
VDFK6Q8URA,batch-1,active
VZ7Z2HN94V,batch-1,active
9HQUSE865S,batch-1,active
EN4D2X5KC5,batch-1,active
TNMW8HUGX3,batch-1,active
233JQBJ75P,batch-1,active
6THFWGFHBZ,batch-1,active
FE8FNF3U23,batch-1,active
PZAV6DLJ5Z,batch-1,active
5Y6DMSS8GC,batch-1,active
AFG2G9Q785,batch-1,active
BWJH4XDZ7L,batch-1,active
67D6X5TGHV,batch-1,active
RLA6WEVHNU,batch-1,active
LES4RWDC5D,batch-1,active
3MRTAZU8QP,batch-1,active
W4GD8APBLV,batch-1,active
EWYA769AD6,batch-1,active
RJ7PKJW5FJ,batch-1,active
99LFZH893B,batch-1,active
XGPMRC8N63,batch-1,active
J3HJSB373R,batch-1,active
JPWHP8V9SC,batch-1,active
PWKWT5DS24,batch-1,active
2ZK8GS4QXW,batch-1,active
YM72UP5AG4,batch-1,active
3SQ59SGDV5,batch-1,active
VLNZJ8GPKA,batch-1,active
YRMLKLPBB3,batch-1,active
5E9GG2R2M9,batch-1,active
93ZHF8ZGHJ,batch-1,active
NC25BNTVHP,batch-1,active
KUK426GAZ8,batch-1,active
8U2TRPV8LB,batch-1,active
CDPWJWA8JW,batch-1,active
Y2W76L5CND,batch-1,active
9ZLPUMXM7G,batch-1,active
VMZ8LMRCP8,batch-1,active
CRH5XXV7C9,batch-1,active
FYND2HLB92,batch-1,active
SUSVKJ24QS,batch-1,active
4U6JRGVW7A,batch-1,active
W8MWY9L8JB,batch-1,active
CJN7C9L3BW,batch-1,active
6LTVNBNNH3,batch-1,active
4Z6EFHJAMN,batch-1,active
DXGWVBH99L,batch-1,active
SWBGZ7GSRC,batch-1,active
69XZ478PTU,batch-1,active
TUBCGVUWKU,batch-1,active
B8QUX92BEK,batch-1,active
MAMPXNF4QP,batch-1,active
PBUTD6GTEW,batch-1,active
UQC78XY9FQ,batch-1,active
SKGWF863UM,batch-1,active
MT6QDPZT9Z,batch-1,active
MN3YCLA5Q6,batch-1,active
V746KBH32P,batch-1,active
8R36NRLXGL,batch-1,active
GQE49BYPQG,batch-1,active
76X4V9RUYV,batch-1,active
GQXDLKEZHX,batch-1,active
P7SARCSS67,batch-1,active
QW4PDMJNZ8,batch-1,active
HB5V8E38U9,batch-1,active
6VZQ3R6QMJ,batch-1,active
APEXSFLN89,batch-1,active
5U2MC4FR2T,batch-1,active
NHFQDBGPHV,batch-1,active
2ETFTHLZ9F,batch-1,active
EHEZ7YXHZQ,batch-1,active
7UECYVU4GJ,batch-1,active
UDNP4Y7KAY,batch-1,active
LDWLYB6V6E,batch-1,active
4GA6WPV5Y4,batch-1,active
HVLBBNRJCQ,batch-1,active
SBC9W84SXE,batch-1,active
LJDAFL3BV4,batch-1,active
CY77QTBVTY,batch-1,active
U6DQV2XHZ3,batch-1,active
KYQJDYQ8G7,batch-1,active
YFZMLFZAUR,batch-1,active
HJCME3UFZW,batch-1,active
24ZGXQAW3C,batch-1,active
5JKFV3KKEJ,batch-1,active
JXU5HBP86E,batch-1,active
5EGAMJ6JMC,batch-1,active
PFHZSVNLUU,batch-1,active
X4WPPPVWAA,batch-1,active
4HDEYQZ2MF,batch-1,active
GEDGZBTPLG,batch-1,active
2STXD3L8LG,batch-1,active
HK2E4D74HR,batch-1,active
S2SNWJHERD,batch-1,active
XVD7SRBTBC,batch-1,active
7VECPCU99M,batch-1,active
4ALPJ5MDD5,batch-1,active
HVBWNUSFED,batch-1,active
4RTLUYQAQ4,batch-1,active
LNACW987M6,batch-1,active
MFLEBT2D4Q,batch-1,active
NWD6CSTU5K,batch-1,active
4R8AM3BLYB,batch-1,active
F6P5VQFTHM,batch-1,active
XY5U8SVG49,batch-1,active
X2WQPPAJNN,batch-1,active
QV5WC9TCMA,batch-1,active
Y3GUW2KDLD,batch-1,active
ALMMR2WSZU,batch-1,active
DZBKA7QQLA,batch-1,active
RNNQP4EQF4,batch-1,active
ZCMN5CDVKL,batch-1,active
LEN25V767F,batch-1,active
UL2CYP5TTM,batch-1,active
RWLQV5FYF7,batch-1,active
64VKLBMP9M,batch-1,active
X8NCDUUEFT,batch-1,active
DJR45DRHL2,batch-1,active
U5PM68539L,batch-1,active
JZPXL6XEXM,batch-1,active
7HGR3524PA,batch-1,active
ZQ985VZPPN,batch-1,active
8W84W7HWG8,batch-1,active
26MA9N3MPB,batch-1,active
ER396D4U2E,batch-1,active
J4LP9G2GYX,batch-1,active
N7WS9ZEYNV,batch-1,active
D4Z3TQB5NG,batch-1,active
RVD93QJ7TC,batch-1,active
RQMDXSQ32V,batch-1,active
2NTRKHXDFA,batch-1,active
P7ZSCBAES6,batch-1,active
HAA4CK83NF,batch-1,active
6N8QYFGKSP,batch-1,active
GDXLW7DNMN,batch-1,active
QXDRN7JU8U,batch-1,active
FQKYUJ7R25,batch-1,active
45BDRKQXRT,batch-1,active
5BARZ4U732,batch-1,active
BXCXWNH7AZ,batch-1,active
W2W9WXHWHC,batch-1,active
8HWH3XQB8D,batch-1,active
7BU5YCKTU3,batch-1,active
BARXSNKMBH,batch-1,active
WV2SKSWD86,batch-1,active
V9Y7CAXJPT,batch-1,active
3B4XGRUQA9,batch-1,active
DHEUPFKXZ7,batch-1,active
2PYBKZSSKG,batch-1,active
EV95HMWJBZ,batch-1,active
X9639CZVWX,batch-1,active
KQYNY4PQFZ,batch-1,active
JUSCYKS4WN,batch-1,active
LGEXQTA6TV,batch-1,active
62Q8LE34LV,batch-1,active
PME9NR3Q6V,batch-1,active
62MK4P6GTE,batch-1,active
Z47T8BKS7A,batch-1,active
VAQFSTHCA8,batch-1,active
PECCS2ZXYK,batch-1,active
7JNDYDYJMT,batch-1,active
RCVXLYDY7B,batch-1,active
5GEZKED7ZY,batch-1,active
93E6XRF9J8,batch-1,active
EVWZ3HJPVN,batch-1,active
AY8JZT5MH7,batch-1,active
MT39EYS2R3,batch-1,active
B8VKD64F8M,batch-1,active
BHTHTBTTBL,batch-1,active
DMX3BGRMQM,batch-1,active
JN9EDQHEX8,batch-1,active
3LC94G4T7C,batch-1,active
LQYQZY2BQM,batch-1,active
GJETGJLMXJ,batch-1,active
B9KQELTXD5,batch-1,active
W88PVTJ6WD,batch-1,active
GNYCRQ8CMP,batch-1,active
D8GGCLZ37R,batch-1,active
BQ25G6HYHY,batch-1,active
VQ75MPF2A2,batch-1,active
WEBJVNVP38,batch-1,active
3J8JCFNL9K,batch-1,active
3GZU38JQBG,batch-1,active
HPSGKT7A6S,batch-1,active
Z9DWGD6V96,batch-1,active
W6TRCVY6NG,batch-1,active
YMW5QKFSJD,batch-1,active
YN588SEYFK,batch-1,active
JRW7H53K5S,batch-1,active
RB24DWRA5A,batch-1,active
2L7HAD82WP,batch-1,active
KM3RE29KXQ,batch-1,active
LYK3GGZD6A,batch-1,active
KLJS2P6SMA,batch-1,active
EWYQVQDY7J,batch-1,active
BH66UHH4G2,batch-1,active
TKVKHD3ZLJ,batch-1,active
PPJ6B8SS9C,batch-1,active
FV667TL3Z5,batch-1,active
PBAVU5AY58,batch-1,active
22TZMXYLLH,batch-1,active
3HMQ7HV8ZQ,batch-1,active
GMEMK72KL7,batch-1,active
QG2WWDUHHR,batch-1,active
QB3W4C8CFD,batch-1,active
PTPMBD2C6D,batch-1,active
B7Z7Q4PBW9,batch-1,active
9TTPN7J6JV,batch-1,active
ZW8QFHAYN9,batch-1,active
4UX37FSJAF,batch-1,active
NQVN4ZVWMG,batch-1,active
GHG86CLEEB,batch-1,active
SLLNG5HCU8,batch-1,active
DRG7W7WX29,batch-1,active
C4H3JD6Z2W,batch-1,active
JHZHPPMVSD,batch-1,active
LNUARUL72R,batch-1,active
E4YYW5KSDK,batch-1,active
CTR3N8RXRF,batch-1,active
PFM5LNENLM,batch-1,active
C7MRKGMAU4,batch-1,active
U37XHDLNLJ,batch-1,active
9SXKEZHK9R,batch-1,active
U3GEJXFEQQ,batch-1,active
F7LPJWEFN5,batch-1,active
NW4WSAUB75,batch-1,active
BD4QL2Z28U,batch-1,active
AAHEYV6XLP,batch-1,active
ANZRJFMDVN,batch-1,active
72H4YRXL2L,batch-1,active
MEJJJNYFDP,batch-1,active
H29N9ESY35,batch-1,active
J94C52WH7Y,batch-1,active
6RZJCFQZ93,batch-1,active
3S8QDN4WFP,batch-1,active
XM88XQZGSX,batch-1,active
73KH2FM75C,batch-1,active
H6XVXLLRG5,batch-1,active
B44SEPERTL,batch-1,active
BALNFZJYXV,batch-1,active
ZY7GV4LWQ6,batch-1,active
JCA4ZRQEQV,batch-1,active
TRY2KUAHGK,batch-1,active
9RAHF8GB6Y,batch-1,active
BYR26CYGN2,batch-1,active
BY8B8JB8H4,batch-1,active
LEBATFKWN5,batch-1,active
L8SGXV939N,batch-1,active
897QGU5DEQ,batch-1,active
8H6MLHHNNR,batch-1,active
8K9YANUN3E,batch-1,active
52PH7FGG5H,batch-1,active
SDRK6XKHZC,batch-1,active
M2TCSAZN9T,batch-1,active
GWSP3ZTHQM,batch-1,active
QGZQJAVWDY,batch-1,active
4ME87GGWGP,batch-1,active
WMNY6PFK99,batch-1,active
XJPADAX533,batch-1,active
784QZQ7X4U,batch-1,active
6BUGPFPL5H,batch-1,active
YQUXYQ4MXJ,batch-1,active
34EBLEX5JJ,batch-1,active
WULX6NPXVF,batch-1,active
A86ULA4SAC,batch-1,active
BYYMSXTBDC,batch-1,active
E989J8RAWC,batch-1,active
D2YL6SCAKV,batch-1,active
YAPKPHJFZW,batch-1,active
N9TKE3NXZS,batch-1,active
WUTFJKCH6E,batch-1,active
9Q2QA3V27D,batch-1,active
4JS4EQP8GX,batch-1,active
7SZ3NHXJ8K,batch-1,active
BFS9RHAWZD,batch-1,active
4CW3VNJAXN,batch-1,active
76P26XFRR7,batch-1,active
UGX8SGJDNV,batch-1,active
GMWFQ5M9ZT,batch-1,active
WZ2HF8ACGH,batch-1,active
V85VJB8TBL,batch-1,active
2TWRB2QRL7,batch-1,active
A9Y5YPLX3R,batch-1,active
J73J5WTJXL,batch-1,active
76JHH84HYF,batch-1,active
QP6WCCK9QY,batch-1,active
G8W7KDJA6T,batch-1,active
5MW8S923VC,batch-1,active
2AK6GCLKFM,batch-1,active
A7T3LGRXL4,batch-1,active
A38QX3WUCC,batch-1,active
UWJBNUA3Z6,batch-1,active
YHY9ZK84M4,batch-1,active
4NVUEXCLZT,batch-1,active
N9W8GRCDP3,batch-1,active
3FFPSW9HH6,batch-1,active
9W94YV4YS9,batch-1,active
3C9F7PHWSA,batch-1,active
FWQ2N92JRX,batch-1,active
ZJHJ43A9S5,batch-1,active
36PZD65FBQ,batch-1,active
L9CDRD73T7,batch-1,active
SG8VK45AE3,batch-1,active
WVD4BZUYXC,batch-1,active
YYZPW7MN78,batch-1,active
5UT6KZ6HUW,batch-1,active
BZPTDDDLNZ,batch-1,active
JEEVF94UAM,batch-1,active
7L9TUDBME6,batch-1,active
3RQMCY5MFX,batch-1,active
KM6U3RQR56,batch-1,active
5RS397SRMS,batch-1,active
JMUYMQWZLX,batch-1,active
7GF6FNDYLP,batch-1,active
3S2LSG8HEF,batch-1,active
U96EVBNUKG,batch-1,active
N9D9KYZUN9,batch-1,active
GTFS5J6ZUW,batch-1,active
B8LCS298ZG,batch-1,active
U3486X4GPE,batch-1,active
ZPZAU46UMZ,batch-1,active
7JX6GYLYJY,batch-1,active
NTNUUYF4U4,batch-1,active
6MUZVS9RUE,batch-1,active
L8WJ3VDT66,batch-1,active
7ME4MYW88X,batch-1,active
GGENGZ2Y5H,batch-1,active
MKQY9BZGHF,batch-1,active
59XHWFFQPK,batch-1,active
UVUG7QDXYY,batch-1,active
WVGHM86EFL,batch-1,active
NVF57B6GBB,batch-1,active
GLUHLGRXGL,batch-1,active
N7CS3BTQWV,batch-1,active
QTVJHKTVUZ,batch-1,active
EAEMDL34MP,batch-1,active
GPRY6TVTLN,batch-1,active
8KJE7ECJDY,batch-1,active
FL4N44PFLZ,batch-1,active
LCX2PYRWG3,batch-1,active
GPKJEVLT2F,batch-1,active
JLYAYAUR78,batch-1,active
C2DLLFFVAU,batch-1,active
AUZCVQCW4S,batch-1,active
CATV4TVG7W,batch-1,active
RKHWDUGVTK,batch-1,active
2ZE5LKK7YN,batch-1,active
QF7KGXBSCL,batch-1,active
MHEASRUXUQ,batch-1,active
WWFTBUBW5K,batch-1,active
PUQ3ZAVWSV,batch-1,active
KKYPWZKA37,batch-1,active
36NWJKVKA2,batch-1,active
RX4PNH5MBH,batch-1,active
44VDZ8YYFC,batch-1,active
A8RK7N4TE4,batch-1,active
FGKXWHXAKX,batch-1,active
Z9YAGUQC3V,batch-1,active
LB9B767HPY,batch-1,active
DP4TKWAE2H,batch-1,active
JLZDURVE6D,batch-1,active
KP3N4WEZS2,batch-1,active
4E9UAR5NDK,batch-1,active
Q7WZBTHYXH,batch-1,active
CUK8TC29EV,batch-1,active
KPADJG8EY7,batch-1,active
346MN9PTXS,batch-1,active
XWQMSU8MCZ,batch-1,active
MXE5ZYA467,batch-1,active
NB4M7MQTGD,batch-1,active
PMEUTYCX8B,batch-1,active
RC82CVEFQD,batch-1,active
RDS6NAEHBY,batch-1,active
FUZ3KAEYGT,batch-1,active
7XMNC3KMW2,batch-1,active
EL8A7RYZLF,batch-1,active
TPXS7DC3RM,batch-1,active
R3FPHS8BWQ,batch-1,active
FAPQPTC4KJ,batch-1,active
P9PJ6AWU8M,batch-1,active
AW9VB2VT4M,batch-1,active
FUZD5LKRK3,batch-1,active
CT2VFL5USL,batch-1,active
MRQQADQN22,batch-1,active
ZCUGKUXT6M,batch-1,active
NQXNDTWRDH,batch-1,active
K3MHJ3DFLA,batch-1,active
J8MAVANY7U,batch-1,active
X64LNUUGFA,batch-1,active
4R6Z24JTW7,batch-1,active
2CZBNJW7CA,batch-1,active
AUBYSN77UL,batch-1,active
2DWRQLC9VY,batch-1,active
PLS4N5C5F8,batch-1,active
XMYPEQ9HS5,batch-1,active
TQSVGVESFB,batch-1,active
S584TWCT98,batch-1,active
QP8D2AVYM6,batch-1,active
2XGJ3KJ7Q7,batch-1,active
VGRKZ4VHNF,batch-1,active
CYEWN4U9ZM,batch-1,active
TK7C4RB85G,batch-1,active
7HHS745GVD,batch-1,active
ZVHRBETJNB,batch-1,active
P5ECGBSLCV,batch-1,active
R6VMM4CN4P,batch-1,active
GGYJ9G8Y3P,batch-1,active
JE3EFJFWZG,batch-1,active
UU5RFSU3ZW,batch-1,active
4RD33L8E9E,batch-1,active
B4FSQHQKU9,batch-1,active
Q83ACJTMWR,batch-1,active
RQF8RXCCZX,batch-1,active
88FYUPZJ4R,batch-1,active
PUX2CQDB6M,batch-1,active
WZPKQHFPER,batch-1,active
YL2UG5HZNP,batch-1,active
BEDPBDJC78,batch-1,active
PZTUWGDQPY,batch-1,active
BDWC5BWF7N,batch-1,active
BT2WGB8CZ2,batch-1,active
YY9ULTX836,batch-1,active
6HVDQXTXTU,batch-1,active
YTJZU2RKHJ,batch-1,active
D93TK3QDVC,batch-1,active
CDLAFB7NE4,batch-1,active
XNRZHRREK7,batch-1,active
G5M22DMYAN,batch-1,active
CG5XVL4PKQ,batch-1,active
B8SHWFYT2W,batch-1,active
2ECK35ZQ43,batch-1,active
MUMPS5RGHJ,batch-1,active
MD4LWW297X,batch-1,active
6UP7ALZQ58,batch-1,active
MX9SAXEPA4,batch-1,active
S3HX7Q3HVY,batch-1,active
CNWE4XKLAY,batch-1,active
3DWZYKCKD5,batch-1,active
G4YQR8B977,batch-1,active
J9KD9CLBFE,batch-1,active
5BSQY5BMA5,batch-1,active
9G94MP5PUY,batch-1,active
EMJ7SWRZBV,batch-1,active
QG7XWUVGMK,batch-1,active
3HWCG4CGZR,batch-1,active
HM87E77Z4K,batch-1,active
HF7QDW3UBN,batch-1,active
GWV27GEKDN,batch-1,active
KPW3NSV5LM,batch-1,active
5ZA95RM2TX,batch-1,active
DSAZDRB3BM,batch-1,active
AULE55DDAY,batch-1,active
DULQWFAFDU,batch-1,active
V25L8WBFQJ,batch-1,active
EA83TDS4ZN,batch-1,active
TCXJPWF74U,batch-1,active
QEMPNZ7NEG,batch-1,active
8C9TZ85LD6,batch-1,active
5CANY89A5S,batch-1,active
JN8PBUZP8L,batch-1,active
ZCXT8QWK8D,batch-1,active
79AU6CW7SY,batch-1,active
Y6GCFY4STX,batch-1,active
HJWLXVRV2R,batch-1,active
7KVQZBMBMD,batch-1,active
N2W2HNPF5M,batch-1,active
9C7DZCHTG9,batch-1,active
TEGAG84VLG,batch-1,active
96EK5XLNG4,batch-1,active
FVEY6WMN3B,batch-1,active
4KUFB5LB4B,batch-1,active
J3PN5FCV2H,batch-1,active
3QKD4W8ZNZ,batch-1,active
ZLXEMTXSZ8,batch-1,active
CLV6KCNLJQ,batch-1,active
2PN8X8EWR9,batch-1,active
KB3APQCHCQ,batch-1,active
J7CTK2DDN9,batch-1,active
22YF5PX3Q3,batch-1,active
KCNVZMBMSC,batch-1,active
Y82ULUQ4AV,batch-1,active
TAXG6VM2CK,batch-1,active
AUNU4QEJ4D,batch-1,active
RAF3RGF8RQ,batch-1,active
C4HHENFNSH,batch-1,active
3YWVV7JYFR,batch-1,active
B78WBVFNDD,batch-1,active
3XLTZMHW3H,batch-1,active
XJPCWJ74VU,batch-1,active
658PBGYJVW,batch-1,active
TGPL32G9VC,batch-1,active
LYE9USQ3Q2,batch-1,active
NBFHBN2MEG,batch-1,active
BSU5VHNXEK,batch-1,active
KN6J2GE64R,batch-1,active
RRXY6T982D,batch-1,active
5HEW9THU2P,batch-1,active
BEH3T68TBK,batch-1,active
AX8NM5VKRV,batch-1,active
WJKWGCCYAL,batch-1,active
7YLZJXX4B3,batch-1,active
YXC3LHNWQH,batch-1,active
BT8GMPUJMC,batch-1,active
PL5NMXJ486,batch-1,active
SLEJ3ETLGP,batch-1,active
DUL2K9QVNP,batch-1,active
A87NMLZUU2,batch-1,active
D5KUAL7TQD,batch-1,active
V9L8DWJ2JM,batch-1,active
8K665P97UT,batch-1,active
8AN7MTSC9U,batch-1,active
F8TDV5BQV5,batch-1,active
CE6VDVKA46,batch-1,active
ZVMUHXUS7H,batch-1,active
Y5P7G6NNSF,batch-1,active
PRQ9UNRWZP,batch-1,active
QRPVH2T2ZK,batch-1,active
UFR7AYWGTK,batch-1,active
SW5CQ2BFPF,batch-1,active
WTTUCVEK7M,batch-1,active
C2C3ESXVBL,batch-1,active
WN6HL9TEXZ,batch-1,active
H8YASNWJM5,batch-1,active
5GB3MPDCTN,batch-1,active
L3VSGLLLSA,batch-1,active
PVFH8UVBFQ,batch-1,active
Z4LCTNNRJX,batch-1,active
7PA23SNNDU,batch-1,active
8GJH5CL7RF,batch-1,active
W9C3RZS4XW,batch-1,active
9448PZJJN7,batch-1,active
84QKK3SVEN,batch-1,active
YBDGBU5LB2,batch-1,active
ZCGNK4L5HT,batch-1,active
47LKM7STXC,batch-1,active
59TDVDBRVC,batch-1,active
A97387F3N4,batch-1,active
2EKDFXGFSU,batch-1,active
SJS8S9WTHB,batch-1,active
TE5YQL8PCX,batch-1,active
X74SNMFADT,batch-1,active
VV935LX7KN,batch-1,active
84B94UN8T7,batch-1,active
YU4674NS8N,batch-1,active
BQWXAUKDCU,batch-1,active
QMD6QHXJKP,batch-1,active
GRFQHHDXXX,batch-1,active
C5NRBLRJND,batch-1,active
LVD4P4NXCB,batch-1,active
PZ8WXJP6ML,batch-1,active
69U73DLB7Z,batch-1,active
PVMVF7WCQC,batch-1,active
4CJCTV9HVQ,batch-1,active
FYN7QLB7WD,batch-1,active
42A9KKPBHP,batch-1,active
2FL92GRQGW,batch-1,active
GKRHJ8UZEA,batch-1,active
55SE3R43C2,batch-1,active
RPQB6DQFHQ,batch-1,active
GUUWC7Y96G,batch-1,active
54VECSFD44,batch-1,active
4Y9QMCNT6V,batch-1,active
6U5H7TXBEA,batch-1,active
4LMU7E46H7,batch-1,active
YERJ8Y9JSD,batch-1,active
K3ZT8FXZ5N,batch-1,active
JQHL3AETCL,batch-1,active
5WMGL6NHPY,batch-1,active
BYVGL57PGA,batch-1,active
MU3BWXAFLF,batch-1,active
4DLAKG2YCN,batch-1,active
MNFTCLCEXZ,batch-1,active
N7DWS67FU4,batch-1,active
H94HPFXSYJ,batch-1,active
JG54JDSJ7M,batch-1,active
M8FT45SRTT,batch-1,active
B65QUCSNTA,batch-1,active
JCDM6R3V2Q,batch-1,active
D3CWDH9W5P,batch-1,active
VVLPBFHCRQ,batch-1,active
P7RRJCECKG,batch-1,active
PC5Z8GYDUC,batch-1,active
HDNKPHE82P,batch-1,active
CA6BJCN47W,batch-1,active
ZSRUV4AGUF,batch-1,active
8Y9XRX6JRW,batch-1,active
UZCC3KFXKW,batch-1,active
SJY7MMR4XP,batch-1,active
EFZVU9N7BE,batch-1,active
5CXMGBP9RQ,batch-1,active
MA9A87R2Y2,batch-1,active
NS9NLLMGBB,batch-1,active
AK4KT3J4WH,batch-1,active
A44YUH8V9F,batch-1,active
D9VZ8KWAZU,batch-1,active
LTJ64QKJG2,batch-1,active
Z73YMYZLB3,batch-1,active
GVTZTBFPC3,batch-1,active
YK2FUC7Z5Q,batch-1,active
AD22PUJE7M,batch-1,active
847YJU3NP4,batch-1,active
64GVELYCG3,batch-1,active
NU5HB2ZX9P,batch-1,active
UT7GDN6SXF,batch-1,active
XWQGWW7LTG,batch-1,active
KCTL7WYC68,batch-1,active
KGJEAJK7UZ,batch-1,active
3A8MPUETLB,batch-1,active
QRBJTTY5Q5,batch-1,active
ZS688CHAZY,batch-1,active
TU4R59E5R4,batch-1,active
JE2GFGENXS,batch-1,active
RWRFBRGS7A,batch-1,active
BGHKGV2R66,batch-1,active
DTAKEZQ3NB,batch-1,active
CM68K3R2CZ,batch-1,active
UNFGLE8JZF,batch-1,active
WFVUEYQXB2,batch-1,active
V8Y4M86QWF,batch-1,active
JXMXQ6MUCE,batch-1,active
KD8A2FZ8AF,batch-1,active
HH9ZFJKBNG,batch-1,active
KN94M9HRB4,batch-1,active
YFSGRKR9QC,batch-1,active
4EQ45CTKTU,batch-1,active
5USXPMBCBW,batch-1,active
AEWWMMPREY,batch-1,active
N736HVLS2S,batch-1,active
W3DH92MVLJ,batch-1,active
PXZB47JXZB,batch-1,active
D87FPSP6QZ,batch-1,active
E6GZXVRGNK,batch-1,active
NHEYC3M2AH,batch-1,active
5X5KW2A3W2,batch-1,active
GN25DFW849,batch-1,active
TUU2ASCDGE,batch-1,active
Y23E3VXHBF,batch-1,active
MVZ887943U,batch-1,active
ANY4JNPUZ4,batch-1,active
FBWKWZEKHP,batch-1,active
Y23CQSJY3U,batch-1,active
5BZKLJEAJQ,batch-1,active
HFAUKZJL4A,batch-1,active
LSEYSMKF2B,batch-1,active
7NXDVLF95G,batch-1,active
MSV3N8JZWX,batch-1,active
843545SRY5,batch-1,active
XK6BX4B3JR,batch-1,active
ZRRZVXB99Q,batch-1,active
7KNFWNTY4W,batch-1,active
MCSUM87FJZ,batch-1,active
YFH6KYSKTS,batch-1,active
D296N39W88,batch-1,active
JQPXBDWX29,batch-1,active
44M9HP4WZF,batch-1,active
CJDZPDFTJB,batch-1,active
LTBY22F9ZE,batch-1,active
TYSUEWLPLR,batch-1,active
FRNH98LYNN,batch-1,active
ASDDSGYRJE,batch-1,active
SLCQRXPZ8C,batch-1,active
6MJVKHW2H2,batch-1,active
9ASFDURFSZ,batch-1,active
D9GMV383W5,batch-1,active
4TSPX6LTPK,batch-1,active
KJC6XQS997,batch-1,active
Q5US7L6AVB,batch-1,active
EVDBLVPB23,batch-1,active
PCHK39J7VS,batch-1,active
SYM7QPG6SC,batch-1,active
X2V6XCRLWD,batch-1,active
GZMJV4WXPV,batch-1,active
7QZXFNKC7E,batch-1,active
Q8R2P6QXH7,batch-1,active
GWG4FQQEV7,batch-1,active
9KDPQL4U5P,batch-1,active
TBT2H2QHPS,batch-1,active
9FVZEFJT4P,batch-1,active
P8GN7X7D5B,batch-1,active
FRA7RJ3B73,batch-1,active
9RGAPZZUVE,batch-1,active
ZANCFDXFGF,batch-1,active
RCJME845ND,batch-1,active
NZD5A5HA95,batch-1,active
KFW2FT473B,batch-1,active
U84L2ZPP84,batch-1,active
FU2WUFJMJR,batch-1,active
L4AAWUPBDK,batch-1,active
TA3JHX2NRM,batch-1,active
WGR6BG9KJJ,batch-1,active
6FZJBFNVZ8,batch-1,active
EVEVT876R4,batch-1,active
6UH8EZVD8Q,batch-1,active
UD8ATEE45V,batch-1,active
N397QN94G8,batch-1,active
QM3K26S42J,batch-1,active
TKG94S6YBY,batch-1,active
JN6HSFPS4S,batch-1,active
M69WB2JU5N,batch-1,active
V35BSGAVNZ,batch-1,active
BCQUKUJBP3,batch-1,active
YFY3QH4UQN,batch-1,active
3W73VM84AX,batch-1,active
QYS6R7AFA6,batch-1,active
3FWPJ7G5BE,batch-1,active
ETW8UPTJP6,batch-1,active
SJ2W63GMXF,batch-1,active
VQRZ2HXVKD,batch-1,active
NQXHNA2XGV,batch-1,active
9GPHUQELBX,batch-1,active
V3DFKKU7BA,batch-1,active
6RP6MQJAXW,batch-1,active
7WXY8Q787W,batch-1,active
ZLDHPB2HZL,batch-1,active
4H6YBDHKND,batch-1,active
K3T38SKYDM,batch-1,active
MHAKCABLQK,batch-1,active
67V8MEGLSR,batch-1,active
VVVJQ9GW2R,batch-1,active
M3JD56GYHG,batch-1,active
2D374YYUWZ,batch-1,active
VK83ENFMYD,batch-1,active
QTNYLJWJTR,batch-1,active
J4YJYLTPJN,batch-1,active
SZN82GLT45,batch-1,active
7AS4EZF42R,batch-1,active
7VHK83TPF5,batch-1,active
HP7TH59MM8,batch-1,active
8939LQJL94,batch-1,active
6E98MCG8CA,batch-1,active
GG2YJ9GHNW,batch-1,active
82CJAM2WPL,batch-1,active
JLK8M92GG8,batch-1,active
4J3RR9B5W4,batch-1,active
ZXTPKN5CJB,batch-1,active
NYGY8JKMWE,batch-1,active
AVZVU5HGME,batch-1,active
UFCJG239GT,batch-1,active
6E5KGPEZQD,batch-1,active
AX85XFK367,batch-1,active
LS97XXSNLW,batch-1,active
EHRUEVVG7K,batch-1,active
US7CZN8XDK,batch-1,active
Z3TM2VW4X7,batch-1,active
TKYCKYKX6C,batch-1,active
ZKWXK3HG4V,batch-1,active
34QZ76GZXJ,batch-1,active
UAPESHA9UH,batch-1,active
CRHZ436WER,batch-1,active
4T7LVSSYRC,batch-1,active
WGFL8JXWTL,batch-1,active
T4FSTKUDPQ,batch-1,active
7263FVQS7C,batch-1,active
MMYDMP6LLN,batch-1,active
JD9K3N8THH,batch-1,active
8BKJG5KZ5R,batch-1,active
J538YYBKXS,batch-1,active
9WZWV5W8LF,batch-1,active
K65HVVQEZ7,batch-1,active
C78K4LF3HE,batch-1,active
DAPTHKYEBZ,batch-1,active
NLJGKPX9XJ,batch-1,active
8X33ZLB24S,batch-1,active
LVEFJ5QKEJ,batch-1,active
DKCDG6Y2M3,batch-1,active
PMBDA9UNZA,batch-1,active
G45QQNZ254,batch-1,active
JWGG5W2HZS,batch-1,active
LNGB472Q48,batch-1,active
L9FKN2PHFE,batch-1,active
DV97EARTCV,batch-1,active
A7MNUCYAY9,batch-1,active
2XV85GRBE8,batch-1,active
U59FZDBWEU,batch-1,active
2U59DEQHT9,batch-1,active
VCZU37SZNJ,batch-1,active
ZQ8V9W3ZXR,batch-1,active
P3SZQE46BZ,batch-1,active
DUFA6B89YE,batch-1,active
YYNSUXLXLR,batch-1,active
8AG38H93J5,batch-1,active
3HPENP3VNR,batch-1,active
V8W6PU8XT4,batch-1,active
5UQZLRKA9M,batch-1,active
9GJUE7FVFH,batch-1,active
MM5BT4FYTP,batch-1,active
YNZB2R87KW,batch-1,active
GCA2A85HZ7,batch-1,active
DA7PA8YG6W,batch-1,active
9GPMMSK4AT,batch-1,active
R4FQ7KYRAY,batch-1,active
QTVDGZUC67,batch-1,active
MHZGVZL3D3,batch-1,active
XTH39SN4VW,batch-1,active
N73RFMGR2V,batch-1,active
TW5JNVPWE4,batch-1,active
48BY6F4ALY,batch-1,active
TW4FSJ873P,batch-1,active
E3T9BYZ2H8,batch-1,active
GZM6JLWGH2,batch-1,active
KHRE6B85Z3,batch-1,active
DUVEFCG3FN,batch-1,active
ZKCSNPZ85H,batch-1,active
JPUYQWZMAW,batch-1,active
ZEVZZCEH7F,batch-1,active
ET8GWRDPUG,batch-1,active
XZWFCLSQMD,batch-1,active
DV6XMHFL3J,batch-1,active
CJTKH2W49D,batch-1,active
JP3VEHC8MD,batch-1,active
KHWGYNRKDY,batch-1,active
TSQ5N34HXL,batch-1,active
X6JH8HM79X,batch-1,active
SBGUNLNMV8,batch-1,active
S8QTSLLS5K,batch-1,active
9QBT4Y4L9D,batch-1,active
VKQWPUBKLL,batch-1,active
SUAJSETGPG,batch-1,active
83RUF86Z4U,batch-1,active
CGR9PNZ4BR,batch-1,active
78J596TLA8,batch-1,active
UFZLHK7Z9U,batch-1,active
6W6YXLF8QW,batch-1,active
L6FUS9KGP9,batch-1,active
U9KZHZSSG9,batch-1,active
HY76WRABEL,batch-1,active
JUNQ2MPHKY,batch-1,active
C4V4FTUDY5,batch-1,active
NBKZ9URSXZ,batch-1,active
7VVM58JLHX,batch-1,active
DJ4SGTE9B3,batch-1,active
TJP7VAFHUV,batch-1,active
5Y3AK69DC3,batch-1,active
2RUHHJXK74,batch-1,active
R8ZK3KGVY3,batch-1,active
AEBALJBXAK,batch-1,active
8FR6XBVJJN,batch-1,active
6WFWM933L8,batch-1,active
VU79R5VXN7,batch-1,active
JDLXPHL6YV,batch-1,active
3SZN4PHGKG,batch-1,active
GXTKAKRXQ5,batch-1,active
43ALYMKJW3,batch-1,active
MNGACYSJDZ,batch-1,active
HYBZPAPUF9,batch-1,active
NASQ3KB449,batch-1,active
SAYYRWPMHL,batch-1,active
7QBFYBCNLR,batch-1,active
7NCC8HNKFL,batch-1,active
5X7QCERED6,batch-1,active
FN9NUG3V2Y,batch-1,active
AH2TF9G3XA,batch-1,active
QJHHJMNADA,batch-1,active
E9SHXQDSNS,batch-1,active
QSCCEGV88A,batch-1,active
26TPC5CL3J,batch-1,active
VZCZ9GSX8E,batch-1,active
5BXFTKMW49,batch-1,active
EX4HFGVT2C,batch-1,active
SNTYZQANS6,batch-1,active
VB2Q6EVDGJ,batch-1,active
VLV8FG5ECD,batch-1,active
X7XYE7Z4MJ,batch-1,active
34PZNAYUYN,batch-1,active
B4CHMTL6E8,batch-1,active
EP9G8VD2RF,batch-1,active
BJKL2YBNRG,batch-1,active
ME7AZKPCWA,batch-1,active
X6DHHWNGPQ,batch-1,active
4855XTD32D,batch-1,active
JYS8ZJY2JU,batch-1,active
R436CKRQP3,batch-1,active
6JJ7DMYSMS,batch-1,active
HFY9EQ8H2Y,batch-1,active
JZ63KE2T4M,batch-1,active
NEWZACWLFN,batch-1,active
GFH4PD5SSR,batch-1,active
7WT7R6KPCY,batch-1,active
V6JYNCZ8M7,batch-1,active
P6QMGRGYSC,batch-1,active
NYRLL7AJ3Q,batch-1,active
SGJ492HTDY,batch-1,active
WPHDY86H5P,batch-1,active
ZH9BJG4RBR,batch-1,active
XZ3BVG8FWX,batch-1,active
EXF2KV6LVN,batch-1,active
ZQP8RG494L,batch-1,active
9C9NX9UM9W,batch-1,active
4TP2MZSN8T,batch-1,active
NWTRZS8GVM,batch-1,active
8QMWAZYRUR,batch-1,active
GLRM2769Q3,batch-1,active
NUMLXV66BA,batch-1,active
CDM65CZKP6,batch-1,active
NAFE9CTZH8,batch-1,active
ENPQ2SWAP3,batch-1,active
U8D8PMNPS3,batch-1,active
B9PL65UBE4,batch-1,active
FAY5YK2QKR,batch-1,active
NLBLCZZNKJ,batch-1,active
V99LF6R8DU,batch-1,active
23BHE842B8,batch-1,active
4V3GBMBT9F,batch-1,active
6ENLSXEYTD,batch-1,active
MEMEHLM6GT,batch-1,active
UJ3XYWRTR4,batch-1,active
QKFMWW5NAD,batch-1,active
JSNLXL8TLR,batch-1,active
RB2KV9P4XY,batch-1,active
592DDVRJPL,batch-1,active
XHG4ES6J8Z,batch-1,active
EY34MD2FHC,batch-1,active
LAAZSUS9RX,batch-1,active
EPUA7QQEJ8,batch-1,active
WR58KNT3N4,batch-1,active
HFB545XDK3,batch-1,active
5P2HAMP2QX,batch-1,active
VJ838298W5,batch-1,active
MS95VCMNBK,batch-1,active
VWRH7GC372,batch-1,active
5H5W8RH42K,batch-1,active
DDY3NTWKN7,batch-1,active
QLA7EM5BAG,batch-1,active
WX2DZKVGVG,batch-1,active
DB5QHLRG7C,batch-1,active
LP7RSLAXNU,batch-1,active
WXF6WNKBDS,batch-1,active
F7WPFGYKCD,batch-1,active
4VCFGWTYNK,batch-1,active
HWMDPPWL67,batch-1,active
Z76LE8T7US,batch-1,active
D38QLKCCB4,batch-1,active
VHB3U76J78,batch-1,active
QEDYR993Z2,batch-1,active
PHF5YNV7YL,batch-1,active
U642L5NVGG,batch-1,active
7W8BAEECYN,batch-1,active
5485NJ42LY,batch-1,active
4RJPFJ7BBP,batch-1,active
FL7APJFDEY,batch-1,active
9JVWHGKPYW,batch-1,active
P6W455QXQ3,batch-1,active
ERAFV6SE4Y,batch-1,active
EJAXNVAV8C,batch-1,active
C6H49NLP5E,batch-1,active
886RTRMG89,batch-1,active
3U5D86DZKU,batch-1,active
KN4L74UJ6D,batch-1,active
MDPHG9ERGY,batch-1,active
3AKSHG62J6,batch-1,active
JVDFL4ZD7H,batch-1,active
KEUKSSKNCN,batch-1,active
JXGUSTK6CS,batch-1,active
78EV68MZSC,batch-1,active
XJKM6W7DPT,batch-1,active
P7C2W4R4RS,batch-1,active
5X7HQK5J5T,batch-1,active
FZTMWFLQGT,batch-1,active
GY9MKBKNUG,batch-1,active
BYBQ35UGG4,batch-1,active
FT2VDT9TCH,batch-1,active
A9GJ7U9BPE,batch-1,active
AG9PZAQNUX,batch-1,active
C2L4WMRLL8,batch-1,active
ZXK72B3G5B,batch-1,active
63U46XKJUR,batch-1,active
9A35RY8FNZ,batch-1,active
4W5TQJUZZY,batch-1,active
8J5SJEW5M9,batch-1,active
4ENXDL2MSX,batch-1,active
2CFW534RSE,batch-1,active
RWBQSD6RQQ,batch-1,active
72R548FAR4,batch-1,active
NM32W2ZCYC,batch-1,active
RZ2AACYXEP,batch-1,active
AVKDYK42QG,batch-1,active
TFLPTHX2AD,batch-1,active
EZ3PX2WHBS,batch-1,active
SREWLUMN7T,batch-1,active
9L6MC2MMJK,batch-1,active
5H5P5TZ454,batch-1,active
JFRWNA4Z36,batch-1,active
76MXV4YJMR,batch-1,active
ECJHZJRP28,batch-1,active
FTTSTLC2DV,batch-1,active
UCWXQK52WM,batch-1,active
XAALR4Y2GK,batch-1,active
STZ9FHBURQ,batch-1,active
R4RE6KL9KK,batch-1,active
EFLURZPV4C,batch-1,active
PYZGUWXGWC,batch-1,active
KUL9UNXPGR,batch-1,active
2BPTZFREJB,batch-1,active
QZCNH7BCQJ,batch-1,active
KS6Q8V9MUZ,batch-1,active
PHMHDRK4UA,batch-1,active
NWGPTMWLCA,batch-1,active
CTBXVKTEE2,batch-1,active
E4QPUF8CYF,batch-1,active
LXM7CD99F3,batch-1,active
3LCCBKJSVB,batch-1,active
CF5Z5F5DMR,batch-1,active
3GFGN4XKHM,batch-1,active
KD5UJTMXZM,batch-1,active
FSUUB2BJ2G,batch-1,active
GWQHGFZHP7,batch-1,active
QDPJC2MLM2,batch-1,active
MRMWL5D5S7,batch-1,active
4DUUAG7R79,batch-1,active
BJ5ATN2VRP,batch-1,active
VTUGT7TC64,batch-1,active
NAY9N773EP,batch-1,active
UCQUYM5VSV,batch-1,active
XR3D4SXXRS,batch-1,active
8J5DUP6FAR,batch-1,active
CRE4KM9FT8,batch-1,active
KF3ZFQP8ZT,batch-1,active
LGL92RVGGT,batch-1,active
TCQE5L4CH2,batch-1,active
AL3NBUTS4M,batch-1,active
QRQDBC7MG4,batch-1,active
3F46KBSJJT,batch-1,active
JK8RTN3BYH,batch-1,active
HDJYCGZDX3,batch-1,active
7JSMJQ2LDR,batch-1,active
YM5U5UBB8L,batch-1,active
8MXTHQZ58V,batch-1,active
YN249S6XT7,batch-1,active
EZLKGP8CHB,batch-1,active
UZQ9E5E73P,batch-1,active
LWCWG5K2GJ,batch-1,active
FTMWAJW4Z8,batch-1,active
7NADRE2QBJ,batch-1,active
TWABKW923H,batch-1,active
HBJNJZ7C43,batch-1,active
DVTEELCHML,batch-1,active
YJUH5FUC97,batch-1,active
A5QCWLFA54,batch-1,active
U77H8TACBD,batch-1,active
W6D9PJJR4H,batch-1,active
5UT8JZS34S,batch-1,active
GRUWTHF83E,batch-1,active
MCXVJRQWZZ,batch-1,active
7548KYP49F,batch-1,active
V7W3VFT9FT,batch-1,active
4ZWMRRA58X,batch-1,active
MCRPPPGAZG,batch-1,active
U8W4YS9CCK,batch-1,active
CFU3WA88NE,batch-1,active
CHYQZT9X98,batch-1,active
BWGRCPTH87,batch-1,active
JTMMU7PKXX,batch-1,active
GJPYKB6RXM,batch-1,active
W9W9NUV8E5,batch-1,active
DSLPN7Z5KX,batch-1,active
XV8WL9XJ6H,batch-1,active
FPLHYVLGSS,batch-1,active
YDZ2GS72C7,batch-1,active
LJZT4LJQ8M,batch-1,active
9YFY94PCFG,batch-1,active
W3ZVT9PNPR,batch-1,active
8GRARBFC8N,batch-1,active
C8F92NFBBW,batch-1,active
2TVZEVNJK8,batch-1,active
EUBCXU6VNQ,batch-1,active
HGAU2QTY2Y,batch-1,active
CBQEYS2GPK,batch-1,active
ATRCY9Y9PY,batch-1,active
J5WVWVRT7W,batch-1,active
JGKZT92A7U,batch-1,active
E36PNFXPM3,batch-1,active
76GRGT2WV8,batch-1,active
FBJ5RV556S,batch-1,active
D4TWQ7M4CQ,batch-1,active
D5LA36PWPA,batch-1,active
TST9GLM9HT,batch-1,active
7PCL3HU3SZ,batch-1,active
NF4K9ZEATR,batch-1,active
W6TGX5KHM7,batch-1,active
ER6T8C77SM,batch-1,active
ZMSPHRDD6X,batch-1,active
B7MNRBWN54,batch-1,active
C86NN52P6M,batch-1,active
M56FEZMR8Z,batch-1,active
VSEXWZCL9R,batch-1,active
HC42UM73GW,batch-1,active
RDJAE7KG6R,batch-1,active
WW3SDD9FHW,batch-1,active
9TGKU8GB3B,batch-1,active
KKQLLEJWFZ,batch-1,active
4RLMW43KEV,batch-1,active
RLKH2832HM,batch-1,active
9P87ZCSQAP,batch-1,active
FTM84M2T3P,batch-1,active
JKERBXFE4R,batch-1,active
MTR4X6KSQV,batch-1,active
4CHRBY85RK,batch-1,active
XLDYD496BV,batch-1,active
7DQ378C9VY,batch-1,active
LA6D8JQEMC,batch-1,active
TNPKGRX6TV,batch-1,active
AZENVARHSC,batch-1,active
C73A8ZH9SS,batch-1,active
F3NLKDFYAX,batch-1,active
BH75723DQM,batch-1,active
M5LUA7F7HV,batch-1,active
7R2MG7ABCR,batch-1,active
MCDK56TZ4E,batch-1,active
QTC5Q48Y63,batch-1,active
WXKY4KDJPB,batch-1,active
WQJMSRHXUE,batch-1,active
YK9NDQSYD6,batch-1,active
9L92M775A9,batch-1,active
LDUXT3AWHF,batch-1,active
4LRKBMMDE3,batch-1,active
79VQXM4LDV,batch-1,active
9BR82X6TX2,batch-1,active
M833FY2SMU,batch-1,active
465TUSCXXA,batch-1,active
NVAUZET4YL,batch-1,active
ZM96HR7P63,batch-1,active
T9VXQBVW89,batch-1,active
FPA2YQ8Y2Y,batch-1,active
HUXSCP67TP,batch-1,active
76MTKPPPUM,batch-1,active
9ZPYW22PUW,batch-1,active
E7R2D59436,batch-1,active
94UH9A8KMN,batch-1,active
86BHKKKNWB,batch-1,active
F7CCTGVN5T,batch-1,active
X22PZRL9G8,batch-1,active
U8VFVJKYCD,batch-1,active
ELZRHFLZDB,batch-1,active
ZC7WKGAYLR,batch-1,active
YUNFRTBVY3,batch-1,active
FG7S3LZKEF,batch-1,active
KNC8Q9WTJN,batch-1,active
VRL8NX5F53,batch-1,active
VBJSWCMN5S,batch-1,active
QPBVNHU3YH,batch-1,active
Y7KB7BVM9L,batch-1,active
SBXV7XSCZE,batch-1,active
FGJWZL426B,batch-1,active
7UN9GWZRJE,batch-1,active
MPRNKCQDXK,batch-1,active
DEH5ETSVNK,batch-1,active
P9UQ2RFTC6,batch-1,active
FK7GWQ9U4S,batch-1,active
8SMLSPZQ5L,batch-1,active
5S8ZJZ7GS2,batch-1,active
JRKQZ833JT,batch-1,active
9PBJ89H9WH,batch-1,active
NANWYH8DJF,batch-1,active
SHKATLVFRY,batch-1,active
GJ78MCDFHP,batch-1,active
5SFCZ8YWFT,batch-1,active
QGZ4YDL4XM,batch-1,active
D4J3QUE5BA,batch-1,active
CNPJV3W9ME,batch-1,active
X4Q6TVA4PX,batch-1,active
ZFPC6S7LFU,batch-1,active
S9A5MZRPWS,batch-1,active
VNVKGDZQRU,batch-1,active
UXGQ9MWQEE,batch-1,active
CT5PZTJ6MF,batch-1,active
ZXLVZKS624,batch-1,active
BEMPM26KCH,batch-1,active
QH5MVXGHAV,batch-1,active
BUTRVF9992,batch-1,active
2PQMNEULXA,batch-1,active
HXEL3NTRD8,batch-1,active
2MRQUNJ45V,batch-1,active
U585H3BBZG,batch-1,active
XFF2ARHX57,batch-1,active
C6B6P4LPJQ,batch-1,active
RXB2RGBED4,batch-1,active
9WZLGVP2D6,batch-1,active
KZF33BFZB7,batch-1,active
4WNVCTBZCR,batch-1,active
USWADPVSYX,batch-1,active
5MPZNJLA79,batch-1,active
54VZM8BAUC,batch-1,active
RA2B6P3PDS,batch-1,active
W2MG6EA7HA,batch-1,active
6J7KSM3QVZ,batch-1,active
PKT4ECMV9N,batch-1,active
2VRCE87VRG,batch-1,active
YCW9BMN3SE,batch-1,active
X4MC4J4GAN,batch-1,active
E79RC3485W,batch-1,active
ZRCYGM6ZWK,batch-1,active
TN8GHK9EWJ,batch-1,active
ZXR4HUJHRN,batch-1,active
B2B25Y59B4,batch-1,active
VGC9FWGUM5,batch-1,active
EQMZTYYKPE,batch-1,active
Z8YRPUYQWB,batch-1,active
SCS2DFJZ7B,batch-1,active
LZM9KCBBUB,batch-1,active
RV555QVC9D,batch-1,active
YF4X3PK8C3,batch-1,active
XUJMTBGMSG,batch-1,active
D5YNBF855Z,batch-1,active
9NZ8PEPGMA,batch-1,active
JC3KCSEP7W,batch-1,active
E4VFR8MGXT,batch-1,active
8ZW35SV4TL,batch-1,active
Z7AWV2F8CB,batch-1,active
RR4H38BDGF,batch-1,active
TAQXVAZ2HQ,batch-1,active
F4A8577VNT,batch-1,active
5DKHWHJRTD,batch-1,active
XSN2DABKW3,batch-1,active
VJS5NT3CM9,batch-1,active
EMLNXKCNMR,batch-1,active
SQDNSELZDB,batch-1,active
N4J3Z2TQ6W,batch-1,active
S7R68KYD4F,batch-1,active
CXWHBL99D5,batch-1,active
6FHE685HSL,batch-1,active
T8KT69FTFK,batch-1,active
Y9DSZ7TYDF,batch-1,active
Y4N7VB5L7E,batch-1,active
65MSNV2TPL,batch-1,active
E5UFYDB8H9,batch-1,active
4BMVF7KGBK,batch-1,active
PM3HK9KVV7,batch-1,active
AD78DMQQ6J,batch-1,active
V38EA2J9NC,batch-1,active
SGV3FND6V4,batch-1,active
DM6ZX7KVNQ,batch-1,active
CLKQ662QJA,batch-1,active
64DMT6JLFD,batch-1,active
JMVBCHCHSK,batch-1,active
HAEMQC7H7Y,batch-1,active
VGMCRWNSNB,batch-1,active
EZCC3YDN44,batch-1,active
HPN6U9VJ5J,batch-1,active
ZEWZBQQQRP,batch-1,active
G46ETAKQHV,batch-1,active
BJ4DELN9AH,batch-1,active
S3G4PLPN9N,batch-1,active
ACQDVM7XEH,batch-1,active
P586M29CCP,batch-1,active
4UJ2GF28PD,batch-1,active
WKR7NN3N6P,batch-1,active
CQVVG2YU38,batch-1,active
FPVHARS7GT,batch-1,active
6YYDJGXNWZ,batch-1,active
VBZE5GFJ62,batch-1,active
D826B5P294,batch-1,active
9XCGLZLDQT,batch-1,active
CPCMX8E5ZN,batch-1,active
7D9QWHDHBT,batch-1,active
7TXETX9AXT,batch-1,active
KVMQB7FFPY,batch-1,active
UG8JM5KDR2,batch-1,active
3MRB4SXBVN,batch-1,active
K84YPXTPAT,batch-1,active
B4ZTQD9V7N,batch-1,active
NUXDPHWRSP,batch-1,active
7EBW94WG7V,batch-1,active
KYFX9TV7FW,batch-1,active
CC2REPU6PW,batch-1,active
T9ADDR9H4L,batch-1,active
R3PGUVQLWG,batch-1,active
Q58MM3XJG2,batch-1,active
F97EC2E9VG,batch-1,active
BPCQWYWEW7,batch-1,active
2CMZ7U46WQ,batch-1,active
UQNVNTCREA,batch-1,active
MK8R9VVQWV,batch-1,active
JCU2ZYD8L7,batch-1,active
CG5YYZERMW,batch-1,active
BSSBJM2SQE,batch-1,active
Q5WC34QGBD,batch-1,active
EANQQAU9Z9,batch-1,active
GVX4HNJ5PY,batch-1,active
E7RW6M4Y7T,batch-1,active
XWPMXY5K74,batch-1,active
WE5KBB3VHP,batch-1,active
DKD83FY7PH,batch-1,active
PVPYN56FLG,batch-1,active
GQSAGXF5EU,batch-1,active
MYD67V3DN6,batch-1,active
DNUATKLMQN,batch-1,active
CQ7FRNTAQV,batch-1,active
RGYZDGH9P8,batch-1,active
BBYKPKTFCT,batch-1,active
3CK2CS26KD,batch-1,active
DKAR2WU32R,batch-1,active
AEVPS5BK93,batch-1,active
EL5K5LNJTP,batch-1,active
24NHQYRH42,batch-1,active
EZNW7UQLJ9,batch-1,active
G4C62MPQVB,batch-1,active
XUQ5R8683S,batch-1,active
LCWSUTRHAC,batch-1,active
R8LLVVEQE3,batch-1,active
JHNHR2T9XV,batch-1,active
Q4BFNQJCGV,batch-1,active
MT7SPBM578,batch-1,active
KRMQSENQX8,batch-1,active
5PQEMCV2F9,batch-1,active
K68HYYH38T,batch-1,active
6RA25CUVMZ,batch-1,active
3QK3A9HKK4,batch-1,active
YRN9B3V3ZU,batch-1,active
ACUF5VYVSK,batch-1,active
9F4UREKZMF,batch-1,active
7MJCDHGD8T,batch-1,active
KN78CPFREL,batch-1,active
YGADF3CR8E,batch-1,active
U459TABTB3,batch-1,active
YBSM5S5S74,batch-1,active
2VL4HX6UXJ,batch-1,active
VJE44RDMX6,batch-1,active
QLGP9X7LQJ,batch-1,active
L2B3H6JGQU,batch-1,active
8WD644S6YS,batch-1,active
NWYRX8496M,batch-1,active
6TQE29LFYM,batch-1,active
PM6WSQRD8L,batch-1,active
SRCAQNXMCQ,batch-1,active
Y4M7XDSJE6,batch-1,active
3GRQGBKYPP,batch-1,active
QSMWLY8CRJ,batch-1,active
P5B5N36RPC,batch-1,active
3UFD22PD3G,batch-1,active
CGU2HWQ77D,batch-1,active
CTN2VAKY6R,batch-1,active
BEBZP5T7WE,batch-1,active
8D5N78N7BE,batch-1,active
BCWF93CD29,batch-1,active
H6PS5CWPHR,batch-1,active
MVC3PHQ8WJ,batch-1,active
Q59HTXSBYD,batch-1,active
644VXKSUF8,batch-1,active
GUZ3NKGPE5,batch-1,active
7ATYYYW2UP,batch-1,active
93HZVK4E3T,batch-1,active
4YNGKPHQAH,batch-1,active
Z4DTXZY34Q,batch-1,active
3AABRFAN8U,batch-1,active
HYMGX23KPK,batch-1,active
3HBJ7Q45VD,batch-1,active
F22STEHSU4,batch-1,active
NJZ8B36W9R,batch-1,active
LFQD97ZBKR,batch-1,active
SG5SHLY9TD,batch-1,active
W33XB77R65,batch-1,active
NRNUN73URY,batch-1,active
WBN43GGRQZ,batch-1,active
JE3WL9LRFJ,batch-1,active
XCJJG5GC9E,batch-1,active
VEEFLFZ757,batch-1,active
DB45TK4JL5,batch-1,active
P5NVJZYUPM,batch-1,active
K7YQ2L659Y,batch-1,active
ACQ8BDZDSC,batch-1,active
ANEBZC3G2T,batch-1,active
5RQLKDRDBR,batch-1,active
KJA8PA5C4G,batch-1,active
Y44P22ARWG,batch-1,active
5CS2X2MJUZ,batch-1,active
KGKFEDAR5S,batch-1,active
BWKLRFNWKD,batch-1,active
7L3XULD2SN,batch-1,active
59BDH5V2PA,batch-1,active
CCLMSPYMKH,batch-1,active
B5AU4XCS85,batch-1,active
26YAP2QMYY,batch-1,active
YB5HAMYVBX,batch-1,active
M4AJ9URFLA,batch-1,active
SGX57U2KSA,batch-1,active
W7JQ7NL3AB,batch-1,active
YSFL527QC2,batch-1,active
DW25QT5QDY,batch-1,active
965CWCY6K6,batch-1,active
ETH9CA4LVJ,batch-1,active
A89XUG2PKN,batch-1,active
QJ9DSGMTU8,batch-1,active
PUVYZXTMMF,batch-1,active
3M8A85HE6F,batch-1,active
DMKSM2ELQZ,batch-1,active
AHLVK7DAPL,batch-1,active
GU2X855ZMA,batch-1,active
3QWUE4XJS8,batch-1,active
GRRF4QDTTH,batch-1,active
MQZBUREJWS,batch-1,active
8G3936X79N,batch-1,active
B7YCEU36N4,batch-1,active
XDAMYEF4VJ,batch-1,active
TDVKD8VYGJ,batch-1,active
U4BTT3D3YM,batch-1,active
JYKH4MT4PS,batch-1,active
64364NR7MW,batch-1,active
NYVNZAMR7P,batch-1,active
AXWPNWRWDU,batch-1,active
EUKX2X4YKV,batch-1,active
MRW2UC925L,batch-1,active
2LYFUD96MJ,batch-1,active
K2QMSWDWRB,batch-1,active
8JSZSJJ34U,batch-1,active
2VFCLDR666,batch-1,active
MZFMKXLKXV,batch-1,active
2FUUHMFH5S,batch-1,active
985MCKHHCY,batch-1,active
4GVRBNS5FX,batch-1,active
QDL43DHKFL,batch-1,active
ZZZ8AR9A3N,batch-1,active
2WC86V7FWM,batch-1,active
ET6Z7YXPY7,batch-1,active
6F45K789XF,batch-1,active
TURY7E7UL8,batch-1,active
TUFGWDNUV8,batch-1,active
KQYAADEGM4,batch-1,active
JZEUU3XJVB,batch-1,active
AQKYVGDD6L,batch-1,active
TMLALNCY9W,batch-1,active
Z5ZTTQMWB8,batch-1,active
WJ9L3V69NM,batch-1,active
TAFE6A7R8G,batch-1,active
LZA7BWEVWR,batch-1,active
T6296TLXTH,batch-1,active
LA9ZY9GX74,batch-1,active
5H37BD2HYX,batch-1,active
4JZNW6D6ZV,batch-1,active
HSS933282Z,batch-1,active
355XFVLBYM,batch-1,active
W4GA6WMQ47,batch-1,active
UBYJDC4N2W,batch-1,active
U85NXEBTEQ,batch-1,active
RNBNQJRUDA,batch-1,active
V6P5UENJ28,batch-1,active
B3UFL7NJK6,batch-1,active
ARQN6B4FVU,batch-1,active
47TDK3PCTP,batch-1,active
MZYRHDZJA5,batch-1,active
QZNLQKDWD5,batch-1,active
JHGRFQC3N2,batch-1,active
TDTYZZZMJ9,batch-1,active
QQBVU48TKN,batch-1,active
8X2AG9H3D5,batch-1,active
M2T5GFP4E7,batch-1,active
33UW4M5RZC,batch-1,active
XC2R2FZ5WV,batch-1,active
FE4PYNPC5L,batch-1,active
ZTY8JBVV5Y,batch-1,active
CQJJJPFC2E,batch-1,active
5KHLWEUN3V,batch-1,active
SZEACK4QQ5,batch-1,active
YHA7F5JW84,batch-1,active
V7RBNWH7HQ,batch-1,active
LM7NHMVMTW,batch-1,active
VTY5DEUAXR,batch-1,active
MJ3AA5VC38,batch-1,active
AD6JNEQ24F,batch-1,active
6RXDZ6KXKU,batch-1,active
TLF2QGLX7M,batch-1,active
HLEYQZPMCZ,batch-1,active
ZSRZKFTA9J,batch-1,active
UHYBGD7P9Q,batch-1,active
PZWHK2RG37,batch-1,active
S3CHLPEZLC,batch-1,active
2C64NMASKZ,batch-1,active
XXP7AMBAV2,batch-1,active
E45GZ6ZNDA,batch-1,active
P2GS5XSDEH,batch-1,active
3TH99ZS38R,batch-1,active
XRN7FJFBGH,batch-1,active
FNW5QPMW4Q,batch-1,active
P3XWREFDHZ,batch-1,active
YFWF5ZQSUA,batch-1,active
8P5M97KTRP,batch-1,active
Z986YP9U5A,batch-1,active
Q84C7SEV4M,batch-1,active
W8MG8MCUXM,batch-1,active
VLZEMG8333,batch-1,active
S9KDMJTLQK,batch-1,active
LAYKJTLMS6,batch-1,active
WLGQBVC793,batch-1,active
UQ7Y5ZGPBM,batch-1,active
HT639SNMBF,batch-1,active
PMW8T4CPW6,batch-1,active
E4SJG3EC2Z,batch-1,active
Q8EADDPCZU,batch-1,active
5P5WNJWNTX,batch-1,active
3EP3H688NN,batch-1,active
ARVPTNZ7UN,batch-1,active
NAUXAQ8ZCU,batch-1,active
KJBUV5KZMA,batch-1,active
YBJJRWZKAN,batch-1,active
ERPXFNVTGB,batch-1,active
GRWT42Z4LF,batch-1,active
WV737S2MEA,batch-1,active
L8TGUKR22R,batch-1,active
SPUUY5FYQY,batch-1,active
JPNQ3757UP,batch-1,active
BC97U6Y7UU,batch-1,active
5Q9DNE9M3K,batch-1,active
PPG7X6RMS2,batch-1,active
UNZJ2TM66P,batch-1,active
DKX9Q3TQBH,batch-1,active
UKT8H3HSG5,batch-1,active
HTA7YGHGZ2,batch-1,active
WKBRUYFKC6,batch-1,active
A9QCRWP69R,batch-1,active
Z68VUVK5A7,batch-1,active
CEP7S4CZET,batch-1,active
KJ9ZFBCJPS,batch-1,active
97JBK74UCV,batch-1,active
KJ3D8LJ7EA,batch-1,active
UCJANLVFWF,batch-1,active
RC2HNTBXEN,batch-1,active
36T9A5JQEV,batch-1,active
WZ42U5VDTJ,batch-1,active
KD4Q4CWUYZ,batch-1,active
MU2PHJCRN3,batch-1,active
KVR799ACMS,batch-1,active
2LNBGDTC92,batch-1,active
MZ68HFPHGU,batch-1,active
FJCJYY53LD,batch-1,active
H3G8QP9DHJ,batch-1,active
28MFG6YBCY,batch-1,active
QSCW96C8LJ,batch-1,active
MBAB95QLBZ,batch-1,active
C9LJJA4ZGQ,batch-1,active
7GU4QS3XXR,batch-1,active
FTRNZA3ZE7,batch-1,active
KHF423SYFS,batch-1,active
W99RYHVYH2,batch-1,active
FXVM9YHH94,batch-1,active
JZAXM9C52K,batch-1,active
LTZ9SD559R,batch-1,active
HSZMG9G95Q,batch-1,active
TXAVUWBQPV,batch-1,active
BEUSAF2J9H,batch-1,active
XHB62QUUH5,batch-1,active
SC8F8RKAVK,batch-1,active
CBA6MZ3MTV,batch-1,active
EEA6C2FUR2,batch-1,active
WBWT962YYS,batch-1,active
KZ4SS2KU96,batch-1,active
4LF5U4CXLT,batch-1,active
2ETB6EBF2T,batch-1,active
98WX69WADV,batch-1,active
7775JJFTFQ,batch-1,active
ZSEU8WLZMR,batch-1,active
4D4C7MHNYE,batch-1,active
FL7M3CCH4G,batch-1,active
LDWU5WNHRU,batch-1,active
79XY3HKSZB,batch-1,active
4Q3C5H9SWN,batch-1,active
ACLGEQSV3E,batch-1,active
4EXW6HJBGG,batch-1,active
XES2FCWTV5,batch-1,active
TTJHUXKL9H,batch-1,active
JVHN9NQH98,batch-1,active
EHHGKGHPMY,batch-1,active
CNRRLLVAJ8,batch-1,active
5HVHKLWXXU,batch-1,active
A8WCYZJ9MR,batch-1,active
N4M5CCPE39,batch-1,active
8AZ38G74XK,batch-1,active
4C3YJ4WD5A,batch-1,active
CS7KRNTB48,batch-1,active
ZRF752QNJK,batch-1,active
T6QDRBX5TZ,batch-1,active
SEM3M5AARV,batch-1,active
R8BE4AF8Z6,batch-1,active
9KYHPZHR6W,batch-1,active
HRGL8DYLRC,batch-1,active
TZVUH3LXXN,batch-1,active
36UR9RMUH5,batch-1,active
8F9YKVTE4G,batch-1,active
PMFSZJR2RW,batch-1,active
FJYRANZH2L,batch-1,active
2BDRSZHDBX,batch-1,active
BCHRALN8CR,batch-1,active
2EQGVR3QZC,batch-1,active
CCT6DX5E93,batch-1,active
MMMHVK6KZT,batch-1,active
SJEPNGU5M6,batch-1,active
KDCW75A2ZS,batch-1,active
T49NJG6MGV,batch-1,active
PZZ7EGMC5K,batch-1,active
K755ENNHRD,batch-1,active
N74LGPJQ96,batch-1,active
SPQ2NW8W74,batch-1,active
854VUN8L2Q,batch-1,active
8ZRTCGMQCK,batch-1,active
YPYBYVTW4E,batch-1,active
UVAVKTP9SS,batch-1,active
RP4SZVT3RL,batch-1,active
BURYRKV4MV,batch-1,active
ZQYMA2E9VN,batch-1,active
XTJMN6S7N8,batch-1,active
CHNR2B664T,batch-1,active
QTM892Q7H3,batch-1,active
TFVMYPVRJT,batch-1,active
WCH535XRCY,batch-1,active
DTAFAR48TS,batch-1,active
25ETN57T29,batch-1,active
KJ4E3E637X,batch-1,active
BLWTWNJ3CW,batch-1,active
MQRCKN2SBU,batch-1,active
M9KPPK36DS,batch-1,active
D4YST3U3EC,batch-1,active
V88FQ2XULQ,batch-1,active
MUA3LK5NF6,batch-1,active
66A4ALCGSZ,batch-1,active
XSFCGGXS2N,batch-1,active
SAKDY4BHPQ,batch-1,active
9R72T4PSGU,batch-1,active
MG9FHJ7728,batch-1,active
FNS9HB273Y,batch-1,active
GPVKCD7CEQ,batch-1,active
APLGNUZUJ9,batch-1,active
EDN4T4CMGJ,batch-1,active
D7G22JPPU2,batch-1,active
8TNNQVHUS2,batch-1,active
QR3FKDN86B,batch-1,active
M8LSY3YETL,batch-1,active
53S5HQVUKZ,batch-1,active
7UDYLFMXFY,batch-1,active
2NF8QGPTX9,batch-1,active
ZE5RR77AB9,batch-1,active
Z7Q7KBL5DA,batch-1,active
D664RMEST5,batch-1,active
DQLAA5DPD2,batch-1,active
95BUDW2H8R,batch-1,active
3CW9HP8PJ4,batch-1,active
Z95F2MG36K,batch-1,active
E9KAZQZEFD,batch-1,active
NLZL2Z5YM3,batch-1,active
GDV3Z7CKGK,batch-1,active
ADY9K3SRXD,batch-1,active
SU8LU779VB,batch-1,active
BY3KSRNFDU,batch-1,active
SHAKA2SHSP,batch-1,active
QFFMHUQG8Y,batch-1,active
YJR7U7YAYQ,batch-1,active
4G32HEASSQ,batch-1,active
9MAT6SXR2D,batch-1,active
J84JH62CWY,batch-1,active
VH4257SU2K,batch-1,active
2T8223B2PN,batch-1,active
AQER4XYLPA,batch-1,active
TR3DZHH6H8,batch-1,active
D887BMW8QS,batch-1,active
MTUJZTYN6P,batch-1,active
TTBWENDFNR,batch-1,active
57MYY7QDPA,batch-1,active
ATJDJCNVGV,batch-1,active
JTJYEJ3YD6,batch-1,active
BLNK966SUV,batch-1,active
N8M4GYZY4Y,batch-1,active
P8HG26TPJQ,batch-1,active
EPUVBDCWGD,batch-1,active
PRDXAXTSEG,batch-1,active
ZJ2UBNH3RH,batch-1,active
ZDEEMQZDU2,batch-1,active
BAJ3R3NQHX,batch-1,active
LD7LRMKLFE,batch-1,active
NB3NWWC8JC,batch-1,active
BBWKPSCRKG,batch-1,active
MBLT2WTW2Z,batch-1,active
NUB6KQYNZM,batch-1,active
8JQRS9BSQA,batch-1,active
HXT9TADQUL,batch-1,active
DBXEFEL7Z5,batch-1,active
8AAUD8F8ZQ,batch-1,active
M7DJQBAE5F,batch-1,active
LA4X6V6HWW,batch-1,active
KXW6N2GVAN,batch-1,active
3TZH9SCCWQ,batch-1,active
YS3MSZPXS3,batch-1,active
JA56V6PYKA,batch-1,active
KCWK2W2PMD,batch-1,active
AEZG9EKPVP,batch-1,active
7Z95U6W43F,batch-1,active
4E2AJW7Y2J,batch-1,active
Q5JBHKT9SR,batch-1,active
996V35ZL8K,batch-1,active
QTQE2LQYVV,batch-1,active
N2ENDGH93A,batch-1,active
3C43RAHJ6V,batch-1,active
5RUP4NT2S7,batch-1,active
WC7HSTJPQR,batch-1,active
T3R66BZHT6,batch-1,active
SKVYNKE2V6,batch-1,active
9ZAQVGRVSE,batch-1,active
AVMYDTHZ6X,batch-1,active
5KBXRWJBZQ,batch-1,active
G5Y3RZ9VV7,batch-1,active
GJDTDQK6T8,batch-1,active
MY4BTHV7U7,batch-1,active
79AKTHLXZK,batch-1,active
QLDESB7ZB2,batch-1,active
CTRHWV73HY,batch-1,active
GQM7JS5CZT,batch-1,active
RHMH9RHZL8,batch-1,active
CT538H4RJ5,batch-1,active
YLDTQMG7XF,batch-1,active
XU7LZFDA8S,batch-1,active
WQF4V92JL4,batch-1,active
T4XM2Z9CS7,batch-1,active
RC34EC8FAN,batch-1,active
6SARMMU336,batch-1,active
GV2JFJ2JQ6,batch-1,active
LC4MHXYZWQ,batch-1,active
7YVLTQU6A8,batch-1,active
2EHFLLUNFS,batch-1,active
FYNJFQQ9EW,batch-1,active
5WPM7ZKY4F,batch-1,active
ED5P958MEN,batch-1,active
LSRDCWMQEH,batch-1,active
FL29RP73TS,batch-1,active
LLDASP8A33,batch-1,active
F6NSLN97YK,batch-1,active
VYG4EK2SE6,batch-1,active
GU78EU92MV,batch-1,active
DUBQSTGVXU,batch-1,active
4UYAY3KF5F,batch-1,active
JP9MFNNP9W,batch-1,active
CE8E2EQ2VX,batch-1,active
KVA9D3UV39,batch-1,active
BC3KZLEK2T,batch-1,active
423TK5URWY,batch-1,active
N38AZDG7AZ,batch-1,active
BR8J5CAUBA,batch-1,active
FLW5FMJCFN,batch-1,active
UT8BFV85NE,batch-1,active
S9KDC9EXC7,batch-1,active
NN4X59NDCW,batch-1,active
LRT59P52ZY,batch-1,active
37AFJ756QL,batch-1,active
Z2AEHWF382,batch-1,active
5M8P4XY7HQ,batch-1,active
VGC83TGFX6,batch-1,active
CQE9GHMB9F,batch-1,active
LW5RC4FVVN,batch-1,active
V6FKQ7XT2V,batch-1,active
U7L3VE8VG9,batch-1,active
3N46AUYRA7,batch-1,active
Y6CG8ZLRH3,batch-1,active
MDLL4H8UC4,batch-1,active
S4E5XJ86NJ,batch-1,active
FEZAPK33W8,batch-1,active
68XXVQVBLY,batch-1,active
FGV5UYR7P9,batch-1,active
2WLK9LL7SF,batch-1,active
M66ZBZ8LK2,batch-1,active
A5SAHFHH5B,batch-1,active
3BCY7GUT8B,batch-1,active
H92PWFW9KW,batch-1,active
GBPB6EL4Z8,batch-1,active
D4R69NFFBM,batch-1,active
T264T9ZH7Y,batch-1,active
9USE556DA8,batch-1,active
NE2KM8HNJZ,batch-1,active
VXCYNPAJAT,batch-1,active
TURBFE42FG,batch-1,active
UAPC2ZABY5,batch-1,active
M7HXS2JWUS,batch-1,active
DMNM8MGFCC,batch-1,active
YPDQ7N4HWF,batch-1,active
YK68WZ4B2Y,batch-1,active
PBM439XN9E,batch-1,active
V8GUYPDSUJ,batch-1,active
RSL6SYYNFJ,batch-1,active
XFWTCNHWW6,batch-1,active
KFUK7LR6H9,batch-1,active
MSN5KCZK4Q,batch-1,active
7A2HZRYWVW,batch-1,active
TX6V9N4Q9N,batch-1,active
6H33HYTXAX,batch-1,active
787VU839KE,batch-1,active
GSJZC6LWVQ,batch-1,active
M7CEVQH2LS,batch-1,active
DHD3KNVXEC,batch-1,active
K7Y5VW6YMX,batch-1,active
76YMKRUTFD,batch-1,active
UMX4P3YZ67,batch-1,active
35YVLJCTE9,batch-1,active
9PTCHFZ6EM,batch-1,active
K4SZZZF75W,batch-1,active
7CNNWY3648,batch-1,active
CMDD7URWR3,batch-1,active
TXTNEMC526,batch-1,active
YZBMMJVAUD,batch-1,active
83YVVHTPJE,batch-1,active
L58EEJSZVM,batch-1,active
AN7Y9F57LU,batch-1,active
HDPSWSNL8S,batch-1,active
VQDHDU3UT2,batch-1,active
BKVLAHL8H8,batch-1,active
7P4QVV9FBM,batch-1,active
F9TBHHYJ3T,batch-1,active
554KLGMYMS,batch-1,active
VMYA5TVLE4,batch-1,active
XD5RBKEJFJ,batch-1,active
ZKS82Q47DX,batch-1,active
5TZUVQ6AF3,batch-1,active
WMYTBX2LWR,batch-1,active
QT75CGXUZL,batch-1,active
CVYSLQ2VSP,batch-1,active
V5XK4TERAK,batch-1,active
6BUSCAELQ6,batch-1,active
3KP4PZM7JH,batch-1,active
DGTDYZRZ6Y,batch-1,active
LCKRMGFQNW,batch-1,active
RHUC5CJ5JK,batch-1,active
7QGJRBJSN7,batch-1,active
8AATXZLXA4,batch-1,active
E7TLH2KCPV,batch-1,active
FPHWFSAJKF,batch-1,active
9WVERC8CPF,batch-1,active
P5QU7NA782,batch-1,active
FMSLKR6J68,batch-1,active
36VETP3U2K,batch-1,active
C2QA4KF35P,batch-1,active
RPR8GPYXBV,batch-1,active
9PDUGSP5G5,batch-1,active
Y5H7L3X9QG,batch-1,active
PWSUZCPY6U,batch-1,active
E8N7YXXZYZ,batch-1,active
223678NV5V,batch-1,active
E8H5G8WKWL,batch-1,active
3T45Z8UQDF,batch-1,active
EJSTE25NVQ,batch-1,active
6J4B3RD3D8,batch-1,active
L82SHTCCWV,batch-1,active
P4PPG8V87L,batch-1,active
Y8HQ8HZL55,batch-1,active
XH8SRWXTR3,batch-1,active
E53AH769D3,batch-1,active
8D3D2YDE7C,batch-1,active
BPSNKC4X63,batch-1,active
DZFHG98LJM,batch-1,active
7NX33233LJ,batch-1,active
TS4TAHG86Q,batch-1,active
JAV9E4MU8E,batch-1,active
ED9578PW6V,batch-1,active
DWPGL6ADSC,batch-1,active
XJGP4A6UTQ,batch-1,active
B5L42TQ4XU,batch-1,active
UEVWKNDUYB,batch-1,active
MZL6Y3L435,batch-1,active
NP37BRSCV6,batch-1,active
TG8DMQWLKW,batch-1,active
LQUFQP497W,batch-1,active
MCFHQLVBP3,batch-1,active
N3QC3LYQP6,batch-1,active
CL3DD23ZNE,batch-1,active
Z84Q569NPE,batch-1,active
HLZXLAVXWZ,batch-1,active
Q8PSGF839T,batch-1,active
G6DQYPRGPH,batch-1,active
R764J2VKDF,batch-1,active
EPAX75BWJ8,batch-1,active
8ESN99F2XZ,batch-1,active
DMGUVCFVFY,batch-1,active
XC4JZESBNA,batch-1,active
8F9LNCPYPW,batch-1,active
59VVBD4V9X,batch-1,active
FFBU4H6BQY,batch-1,active
XSAWKSLST6,batch-1,active
9SC8F9HFYD,batch-1,active
K7C8ZWJZ34,batch-1,active
A9VBZW7ZD6,batch-1,active
4LXUPWUJ28,batch-1,active
4C5MVDSM2H,batch-1,active
AUSSQW94GL,batch-1,active
KX98NFHTLH,batch-1,active
B2GX6EMV9Y,batch-1,active
CMTMPZEE8X,batch-1,active
PV2YN52SEF,batch-1,active
7EWTTNVPHE,batch-1,active
SUUGJULAHA,batch-1,active
KWRC8UFWAC,batch-1,active
ZDBJFNX93H,batch-1,active
R9STPRLF3R,batch-1,active
WTM3VP9JTH,batch-1,active
29H2WDYXAL,batch-1,active
VUGFQZ5ZZQ,batch-1,active
2U4C6W6PNJ,batch-1,active
UCXHN7YC9A,batch-1,active
99JTXUNQN6,batch-1,active
K944MSMG3S,batch-1,active
J3D55V3R5U,batch-1,active
Z2RLJQP698,batch-1,active
DPHZ83PJDX,batch-1,active
4XYES77ZHC,batch-1,active
WYUFRFZY29,batch-1,active
6TA6LEXUEL,batch-1,active
SFJKVSAJK7,batch-1,active
FYK7BBYK24,batch-1,active
LUJHVZT89R,batch-1,active
85AE3LLJAQ,batch-1,active
QZM5XCHQ6T,batch-1,active
4NQ6LP9Z2D,batch-1,active
7DWFGVZR2N,batch-1,active
APGC2U3BL6,batch-1,active
WUUT6GBR33,batch-1,active
EQUAG256YZ,batch-1,active
NB8CXMZUGL,batch-1,active
GLE2XQ6ZLG,batch-1,active
C4KPP4FALC,batch-1,active
Y3WECME579,batch-1,active
3NXEDCD4V5,batch-1,active
RY8HP8EX4N,batch-1,active
J8LK556KYJ,batch-1,active
9KJ4VWFPWT,batch-1,active
GL4RN2PB6H,batch-1,active
S9JL4FTUR9,batch-1,active
4RVSLKMKCH,batch-1,active
FHCQJLV4M5,batch-1,active
H9WJQZN4KQ,batch-1,active
VCVK329HQ9,batch-1,active
VSD22TKPCU,batch-1,active
Y5D6QQPKTL,batch-1,active
6GHYV7HYCS,batch-1,active
A225YTXU2Q,batch-1,active
KTKAXFB5QY,batch-1,active
KA5NYF4UW7,batch-1,active
DPQW2GRDGA,batch-1,active
HS8LVAAFBH,batch-1,active
HEA3C7HKBE,batch-1,active
RZ59APDYQY,batch-1,active
B4LSKWD7VS,batch-1,active
ZZMWNPC76Y,batch-1,active
3MYMQ5SAM4,batch-1,active
A4R6NAW7M7,batch-1,active
7DG359AAV4,batch-1,active
ZAXAF9G7D5,batch-1,active
EHVCK44L6Q,batch-1,active
N5SULKU7BG,batch-1,active
6V5SRZQHDE,batch-1,active
77WYJ5UTKH,batch-1,active
M9KHPBBB76,batch-1,active
DX6YAKWHAU,batch-1,active
KHYCQG9VKC,batch-1,active
FDYWWR3KYF,batch-1,active
KK3QCBCVH9,batch-1,active
P3N7XBUELS,batch-1,active
XNETLMUVV3,batch-1,active
CNMQM6SCVF,batch-1,active
494JMNZ6CH,batch-1,active
RWWLAU5758,batch-1,active
3G8S675SUY,batch-1,active
GV7SMBJKUH,batch-1,active
JDXKG9NNH5,batch-1,active
V8QAJ854AZ,batch-1,active
NLNQ5A9EU5,batch-1,active
6JSGR75KTT,batch-1,active
Y5RAVPCXGE,batch-1,active
F5H7GBAVRZ,batch-1,active
CZGGCTCQ5A,batch-1,active
769H8QQLCA,batch-1,active
H5AS8XJ3NL,batch-1,active
VCN4H2HJDR,batch-1,active
383VHWGAVH,batch-1,active
TFYXNSX7SA,batch-1,active
NLEQ6RURBG,batch-1,active
V2P85L4E9P,batch-1,active
4HSNFWD428,batch-1,active
VQUDVUAA9A,batch-1,active
76MWHL834K,batch-1,active
WPPZZ3UTSQ,batch-1,active
YJB8WDHHAY,batch-1,active
KH84EGH2MV,batch-1,active
62FC2VN3VN,batch-1,active
6J5TY63WPZ,batch-1,active
A2BTDXKN9M,batch-1,active
QTLJ28JU5G,batch-1,active
RYEEW2CTXR,batch-1,active
8UPJ2L73F7,batch-1,active
HLCPYUWENB,batch-1,active
PHH3EGKV5Q,batch-1,active
QXHFQB35U4,batch-1,active
GGKJLAH7CM,batch-1,active
7AKK6DWJVH,batch-1,active
7H8VXSZ6CW,batch-1,active
L7CAZG3CBR,batch-1,active
KTCDAQA8TG,batch-1,active
LUJGNENJ5P,batch-1,active
8R8EHGD2G5,batch-1,active
4GVKQVMX85,batch-1,active
KRVZDLFQ2V,batch-1,active
ALG3844UC9,batch-1,active
PF5ZMNYY2V,batch-1,active
5H6ZN7SD7J,batch-1,active
8TZXG8KCTP,batch-1,active
57ZWJF7LK3,batch-1,active
PTWKSJH7L2,batch-1,active
BVTFVCSTEJ,batch-1,active
KHPLDJU5E3,batch-1,active
HAWXJZJ659,batch-1,active
MD99SR4455,batch-1,active
EZH375684X,batch-1,active
76F7VX3ENP,batch-1,active
62GHPZ3B7Z,batch-1,active
R55CXTPCB7,batch-1,active
65GWGP6P97,batch-1,active
ZY3SC26V4X,batch-1,active
KQH8L76ZZ9,batch-1,active
NRSXEW8KD5,batch-1,active
782QM3SRJK,batch-1,active
GL5KKSJWHP,batch-1,active
C2BHHJ3RK4,batch-1,active
5JSUVVHBCS,batch-1,active
7W74NA679X,batch-1,active
7CTEAXAX58,batch-1,active
5FELHD6GET,batch-1,active
BEDTAAJLF3,batch-1,active
3665A2GPSY,batch-1,active
4VM3VKLEC5,batch-1,active
66933R9A55,batch-1,active
88UWUDNMGX,batch-1,active
TW25QFZ4QQ,batch-1,active
64SYAFB6BD,batch-1,active
L7DCZ7PWU4,batch-1,active
WH9A3K5388,batch-1,active
MC4PP9CX5H,batch-1,active
6QAE3G5JWY,batch-1,active
3X3RZGGNHK,batch-1,active
SJLWR4LJSZ,batch-1,active
R8V23AEK8M,batch-1,active
G5TZZ8798F,batch-1,active
PXSJEXNMV9,batch-1,active
ZX98XZ2E9T,batch-1,active
ESUSY87S9V,batch-1,active
769EJYQQTK,batch-1,active
62HUQMP3UC,batch-1,active
TJ2RXDHF3S,batch-1,active
G9X4XPPFWZ,batch-1,active
2B3N24JD32,batch-1,active
5M946PZDFK,batch-1,active
58TAHKMG6K,batch-1,active
AD4X6LJRBA,batch-1,active
T5CUCTDYK5,batch-1,active
HUDBT2X2QX,batch-1,active
RSSVVRFWD9,batch-1,active
5KWENG7NVD,batch-1,active
T4G38UCJHK,batch-1,active
2F4ZB533RF,batch-1,active
A3CY9ZFTWB,batch-1,active
6NPNBDLDMD,batch-1,active
9DA4YF6Y78,batch-1,active
5FEW5CMN5R,batch-1,active
4ALNAPZD78,batch-1,active
TY4M9NTJ22,batch-1,active
ETXV77T63K,batch-1,active
UWYVPRMGG8,batch-1,active
D9BHRUVG4M,batch-1,active
WYN3U8W6BX,batch-1,active
ULSW4EW38E,batch-1,active
R4YB5A8P2N,batch-1,active
DSM43EBETB,batch-1,active
LRJH539Y8R,batch-1,active
5Q4GMRAKC3,batch-1,active
GYDGMMLSVJ,batch-1,active
VXGEGZMA6V,batch-1,active
ALCS4V3B57,batch-1,active
RW8GZCJWE7,batch-1,active
6JF7XYR379,batch-1,active
EG67PUPNAB,batch-1,active
767TJGV777,batch-1,active
MVN4ETRD68,batch-1,active
45DAVZCJR3,batch-1,active
UF56EHD8RE,batch-1,active
USFH3CQAUV,batch-1,active
T43RSH8F6P,batch-1,active
SA6FHSJT5D,batch-1,active
QB5M2FUBAW,batch-1,active
NVRS2DPB4B,batch-1,active
MRHMX6YR6U,batch-1,active
WZQVF2DGCX,batch-1,active
B6ESM96UUP,batch-1,active
52XP53UK7B,batch-1,active
ME2CBTFPPU,batch-1,active
GBUMQDRSZT,batch-1,active
3WPQXEQMEP,batch-1,active
YE74AJ548A,batch-1,active
MBPFQ6K8HF,batch-1,active
CQ7EUCSLLA,batch-1,active
DHX9Z27U5Q,batch-1,active
VVZ44CRKB5,batch-1,active
2SUZ6M25AN,batch-1,active
3LU5CAZ3SG,batch-1,active
49PVUM8SGN,batch-1,active
S4A2CLDTAW,batch-1,active
MA4W3E8SPB,batch-1,active
GJTQLAJBXM,batch-1,active
7AKTLKV6SD,batch-1,active
4WAFUU3YDX,batch-1,active
ZAL8N8VENX,batch-1,active
AWHJ9Z2HX4,batch-1,active
4WMMDKGSHE,batch-1,active
GF8NYDDTWE,batch-1,active
QKBV6A8TGA,batch-1,active
A7VWVPHH2Z,batch-1,active
E9GH4SJQXX,batch-1,active
42NP2QY2JT,batch-1,active
CFLE4S3ZK4,batch-1,active
NTA2B6QEBC,batch-1,active
KGMFB3GUJA,batch-1,active
NFFKKHZ3JF,batch-1,active
LU45ARHWYG,batch-1,active
TNS9UNU5DV,batch-1,active
KGPA6AHDC2,batch-1,active
7T89CKEELN,batch-1,active
UA6Q2NTVWM,batch-1,active
FGTKKC26MZ,batch-1,active
XU4R3FYAAP,batch-1,active
CXAYZJY8FQ,batch-1,active
5CXD474L4H,batch-1,active
HZVVSZ4E5J,batch-1,active
8XARCMAQU3,batch-1,active
V2VJYGZPVT,batch-1,active
D2MBE9HEXV,batch-1,active
85Y58FFQ7R,batch-1,active
56DWYLSQKF,batch-1,active
WU72ABSD93,batch-1,active
Q2PY4CSB2C,batch-1,active
HUHG6BLJWC,batch-1,active
V9REXQPEFK,batch-1,active
DXHQ9RTD3Y,batch-1,active
PVSJ8ALEUG,batch-1,active
YAKGY4SGN5,batch-1,active
7EEENSKSGH,batch-1,active
X8ZQLE8NN8,batch-1,active
4UCBM6KYGA,batch-1,active
JMAULP3KFM,batch-1,active
BJ8298KV9Z,batch-1,active
THSJUTP4Z3,batch-1,active
NKU3JJZBZB,batch-1,active
UN6UYPPM36,batch-1,active
LFM3RB4UVH,batch-1,active
2Z7E8F4J35,batch-1,active
8EANQQC4QW,batch-1,active
9YYF22QZBN,batch-1,active
YMFPEDBSCY,batch-1,active
5DWAMETV2D,batch-1,active
TH5BBG72AB,batch-1,active
9NTQUHBRSY,batch-1,active
JBTBAHJ4QL,batch-1,active
32SYDH6AYE,batch-1,active
9UDLPRC9DW,batch-1,active
DSH7TQVPNX,batch-1,active
AWL82FFJ6C,batch-1,active
Y267JQL9LZ,batch-1,active
ULR377WCZF,batch-1,active
KQY25BQ3EG,batch-1,active
LHQQNYUT4S,batch-1,active
HYRBJKTN6J,batch-1,active
66RYB8J7JE,batch-1,active
8K85EDGEK8,batch-1,active
KUJGJV9Z4Q,batch-1,active
RGKX5FQRK7,batch-1,active
98GYXEVWB3,batch-1,active
4E3E24ZSKV,batch-1,active
25VPE62DPY,batch-1,active
85ZQ22ZEUM,batch-1,active
DY6SBNAZBX,batch-1,active
MNMEMJTV7W,batch-1,active
XWTLWM68LU,batch-1,active
B9ZVJJU7UL,batch-1,active
MTABCZQFQT,batch-1,active
T4FBBADJT4,batch-1,active
99G8DV7HR2,batch-1,active
5P2WDYV9KP,batch-1,active
Y8VXWEBQBU,batch-1,active
YKHPAHASRU,batch-1,active
97ZNLPV42F,batch-1,active
2WSWRXPRUZ,batch-1,active
YJPMVAXJLU,batch-1,active
83F9WG5XFU,batch-1,active
NXA9NME2DF,batch-1,active
UEZ8TUAFTM,batch-1,active
6DY63LVHKK,batch-1,active
V88HZPFDCJ,batch-1,active
868MAC47YX,batch-1,active
LQPR4QH8Q9,batch-1,active
WLRYZK2Y7A,batch-1,active
SPVVWLPWQR,batch-1,active
96ELN8F2BE,batch-1,active
REZGQRSRHL,batch-1,active
WGJHYA2U33,batch-1,active
2LQCAN2TSU,batch-1,active
FFGPEJT2LE,batch-1,active
BGDB4TQTYU,batch-1,active
VQMEL7TVWZ,batch-1,active
XVCPEYXW2Y,batch-1,active
96VRYH4PDH,batch-1,active
