code,batch_number,status
AFMU000SZQ,batch-2,active
WPEQFUP8Y8,batch-2,active
1QJMT8TYT3,batch-2,active
HIOXCFGRBN,batch-2,active
G13NCHPZKP,batch-2,active
WHTMRPXK3L,batch-2,active
A9DZ3DH246,batch-2,active
E34QHHGZ71,batch-2,active
1OCEKB30TF,batch-2,active
U46O276D3A,batch-2,active
RQ7TIOMKHA,batch-2,active
L21TM0JQT8,batch-2,active
64Y90Z73A2,batch-2,active
E7ECNTLFM7,batch-2,active
OJOJXBHJ87,batch-2,active
304VZCTV0X,batch-2,active
E3C5CD8SGV,batch-2,active
YEPDY1HP1W,batch-2,active
FAYI0NIJT8,batch-2,active
S2LWO1PLEG,batch-2,active
3HAXUJ4A4B,batch-2,active
3DJXGB6J4Y,batch-2,active
VGJ9LMD9W5,batch-2,active
EMCMZ0VU98,batch-2,active
05BKT8E0DN,batch-2,active
3BKMK22SUH,batch-2,active
MX13Z1BPIF,batch-2,active
PX61WTHZVT,batch-2,active
M6OYXHM3QJ,batch-2,active
PZZSK4K31Y,batch-2,active
923THHN7PK,batch-2,active
1Q8XDLQX9M,batch-2,active
JBT9CT7O3R,batch-2,active
ZI18YNVGDK,batch-2,active
GZBY4AR6YO,batch-2,active
5L2VNBEGC6,batch-2,active
G13583UOMA,batch-2,active
9R0WV0AAF2,batch-2,active
T6XUIINTA9,batch-2,active
1YZCY588FC,batch-2,active
ILXIQ7NIW8,batch-2,active
GUQGRYC2AX,batch-2,active
7RLFXICCL5,batch-2,active
Q1SH0N4RW4,batch-2,active
2WDTSOUCYD,batch-2,active
AOMTGO6HMG,batch-2,active
KHXTER1FOE,batch-2,active
CORYHX4C1G,batch-2,active
YOFKA0TRSC,batch-2,active
INO96QJTNB,batch-2,active
F04QN75GBP,batch-2,active
HNRM2VPWX7,batch-2,active
23AUWEN826,batch-2,active
VHJDGIV9TL,batch-2,active
AHVXI80X45,batch-2,active
H6OAQM8GW0,batch-2,active
ZHQ0E8DX0X,batch-2,active
VCDK59DDFM,batch-2,active
65Z7ECL81H,batch-2,active
Z7684LUHDX,batch-2,active
9C2OB9D63H,batch-2,active
PPPVMAE7HB,batch-2,active
AYIQRXE3L7,batch-2,active
PDIL2XPVI5,batch-2,active
HFNVHST08M,batch-2,active
1NUKZPOHKM,batch-2,active
RLTM9CYJX1,batch-2,active
JOJ0PKJT09,batch-2,active
JSBOUCM1IC,batch-2,active
8IRCUDOGEE,batch-2,active
B0QNRBDZCF,batch-2,active
EWRUC66NUP,batch-2,active
FDVJLF10D1,batch-2,active
HORP7JG2XP,batch-2,active
9YTL8R1BFX,batch-2,active
NDOA2FTTS9,batch-2,active
ARISUAJFP7,batch-2,active
QGHD4YUO6X,batch-2,active
G1Q71ORWD8,batch-2,active
J20L0F9NPC,batch-2,active
QJO7ESEJ51,batch-2,active
HSMKHTMFV8,batch-2,active
66GDE8C3DK,batch-2,active
LJM8MERHGW,batch-2,active
3FN6CU8M1S,batch-2,active
Z1E45DP7OT,batch-2,active
N7MYIKK7K1,batch-2,active
IGIOF6IH73,batch-2,active
K4ICANR73A,batch-2,active
S9U64YEXB4,batch-2,active
BXFVLY3IJT,batch-2,active
7FZI4HTY9M,batch-2,active
N9NBM4ZEO3,batch-2,active
H02K9010PH,batch-2,active
SJM49V6Y0I,batch-2,active
OHB4PRMGUX,batch-2,active
2VS9JTP46O,batch-2,active
2BDIKMFX3D,batch-2,active
LXT7VC611J,batch-2,active
NOO341G7XN,batch-2,active
ADVGLYSOPU,batch-2,active
QDNGM1YFGG,batch-2,active
BYVZXH1B1D,batch-2,active
BLBPMF40XZ,batch-2,active
RA2MIZMW5H,batch-2,active
MNTXK9X35U,batch-2,active
8J6YC7KPZ6,batch-2,active
EBDIQ6AV01,batch-2,active
TQQE2ZXXSL,batch-2,active
JF0UUA4LX9,batch-2,active
G2NX790DST,batch-2,active
U1BVA8JLZX,batch-2,active
68O25YP8JF,batch-2,active
Y0ZY5QXVZG,batch-2,active
PUP5VA5P1D,batch-2,active
7QQXO3TJT7,batch-2,active
M68DBYL0NB,batch-2,active
DEXJ4LFB5A,batch-2,active
I0VTY2D69K,batch-2,active
OL8J1YUYIR,batch-2,active
85D4TX5JC7,batch-2,active
Q4DBGV7M3P,batch-2,active
KKBAE5K2T9,batch-2,active
TIMVJPVKJ3,batch-2,active
NXGUVB1FKD,batch-2,active
ETDPBCP7R6,batch-2,active
643BW62BNU,batch-2,active
KA9LQ829MA,batch-2,active
BN3E03BKXP,batch-2,active
2UK35HTHVS,batch-2,active
677JX9S63S,batch-2,active
066V2M3Q44,batch-2,active
UH07NCDVA1,batch-2,active
W1K7IAK62O,batch-2,active
ONXDH8PZS8,batch-2,active
IAC18VAQ7Q,batch-2,active
PELF0FSKF1,batch-2,active
CY98HGSEH9,batch-2,active
KHAQ76NCW9,batch-2,active
7TIEYSLA4Z,batch-2,active
ZE4RA78XBJ,batch-2,active
IVNBTT8UXI,batch-2,active
0MD445ITG1,batch-2,active
5J32UT28B9,batch-2,active
YYKFXIDXXD,batch-2,active
D6TXGOQHD0,batch-2,active
AH5FDFZVSE,batch-2,active
PHXNVJJB68,batch-2,active
YWN7TTMC8F,batch-2,active
P201BD92Y6,batch-2,active
CULG584OVX,batch-2,active
RMRIF5HKHE,batch-2,active
PI8VL590E1,batch-2,active
NOY9G9JK09,batch-2,active
OBQPEKAI3K,batch-2,active
XXTDL8RSRT,batch-2,active
JFLTO7T99T,batch-2,active
444S9UL8DJ,batch-2,active
RLYJA6EDVL,batch-2,active
LJS1LX53MM,batch-2,active
YWIUG72XG9,batch-2,active
OMYIL6GU36,batch-2,active
93WI7RZ8P6,batch-2,active
FRQWH6VNAC,batch-2,active
PYW2P6ZM4W,batch-2,active
V75MXUAJLA,batch-2,active
PNN1C6NOOW,batch-2,active
01G9BXCG04,batch-2,active
EYB3HPZRZB,batch-2,active
OL61EA58RS,batch-2,active
3C4EK065OS,batch-2,active
QHH68F1L96,batch-2,active
RBF4GGJZNV,batch-2,active
LW28N16UME,batch-2,active
KXCKXFS88V,batch-2,active
OM2DUZB2J5,batch-2,active
ZA1RPWNG7E,batch-2,active
5MHCBD0TR4,batch-2,active
Q54WA64RFW,batch-2,active
DE9GGCX3BT,batch-2,active
ZHO4MAVRWX,batch-2,active
4MLXLB3CAU,batch-2,active
XV2UOOYC4X,batch-2,active
6K7QBAPFY6,batch-2,active
M78F1UNT1N,batch-2,active
YG10DP2TW2,batch-2,active
J7A96D5IAC,batch-2,active
DJC8RDLZC0,batch-2,active
6QN3F7P8CC,batch-2,active
A7L121LS43,batch-2,active
RBOOJUPU7P,batch-2,active
JASYX0M330,batch-2,active
TZRLD50FCN,batch-2,active
XQ609O7ZHK,batch-2,active
1SP7SBF07G,batch-2,active
OWHZRC9HLV,batch-2,active
Q1CLQ9L07P,batch-2,active
D2JP27GDFI,batch-2,active
AFOEYSSS7H,batch-2,active
6FR3RM0IAD,batch-2,active
X6RCCR6PK6,batch-2,active
O9YX8UJJWZ,batch-2,active
B2ZN12SJZZ,batch-2,active
Y9Z02539B3,batch-2,active
LCGKOUT45X,batch-2,active
D4HEA4HPGU,batch-2,active
Z3LYTAKI2R,batch-2,active
3ZACEP9GEL,batch-2,active
4UHSROBY6W,batch-2,active
AC2P9W9P9B,batch-2,active
Q2DHDIYJ8N,batch-2,active
ZHW3V79MLD,batch-2,active
53WFB38AQ3,batch-2,active
KFHDTD2Z1N,batch-2,active
5EIAZ6AYXI,batch-2,active
GDCX92NPQI,batch-2,active
ZAE3Y0LAJF,batch-2,active
6DACCW7OKD,batch-2,active
KJPOD4DVJC,batch-2,active
3F2Y0WI30K,batch-2,active
WVQ2XCXK3Z,batch-2,active
5X00EOS8Z4,batch-2,active
FM541Z3SHB,batch-2,active
3ZZ94ZV9JB,batch-2,active
EKND4OTRQB,batch-2,active
DXYOHYD6BF,batch-2,active
AZV5YR5OP4,batch-2,active
I6TJ0102DD,batch-2,active
D03E2XDC9Y,batch-2,active
TJ5GHZ4TLV,batch-2,active
14AXIBKM62,batch-2,active
DZHB0JGADJ,batch-2,active
7DFPLZ9R1Y,batch-2,active
XCT2MBV9HW,batch-2,active
RV01IUL3W3,batch-2,active
708O1EVI7V,batch-2,active
TLCE1ENOZT,batch-2,active
NE3G3CHITG,batch-2,active
K79DNG328T,batch-2,active
K0SRB3NEI6,batch-2,active
MVKNN09W0X,batch-2,active
HTXV4FCK05,batch-2,active
YNKSDHAX6J,batch-2,active
DPEOSYPIIJ,batch-2,active
P9X6UBB5Y3,batch-2,active
54W7ZJBW9K,batch-2,active
3WAIKDURTI,batch-2,active
1Q9BW71FAN,batch-2,active
Q5I435L71N,batch-2,active
7MC1IE8YQC,batch-2,active
7HFPR6DTI8,batch-2,active
GBKFQ69A2U,batch-2,active
AEAE51WHX6,batch-2,active
U04XDXUHG3,batch-2,active
3OFJ8TTQX7,batch-2,active
K0PEZXF0EF,batch-2,active
I53DU04VGC,batch-2,active
408S13ZXVH,batch-2,active
NQ17YYRT81,batch-2,active
1G396I1CQ9,batch-2,active
ZPZUBFZ8PU,batch-2,active
UNT6RK3BEZ,batch-2,active
7J8EBHKFD3,batch-2,active
R0ZC5DGFCP,batch-2,active
SJO9VY0CSS,batch-2,active
1RGIVV2SNC,batch-2,active
GH40O6IJL2,batch-2,active
J6HRNFLLQV,batch-2,active
O1JMJV7U3Q,batch-2,active
J0U5D23A5O,batch-2,active
YOWBALZKSX,batch-2,active
9UB3X9J9CZ,batch-2,active
3A2VW8W365,batch-2,active
1463CEAI04,batch-2,active
Z2P4TZC8B1,batch-2,active
B5JXPCZVB3,batch-2,active
EI43OTT7EV,batch-2,active
98M1TH7LY4,batch-2,active
KTCENS8QJ3,batch-2,active
86V75CU84T,batch-2,active
Z85CWN1ITC,batch-2,active
ID4SBAQT6X,batch-2,active
5KAFOLHTFH,batch-2,active
Y82GLVBPDH,batch-2,active
G3D8FOPZYP,batch-2,active
4LQCVR3G49,batch-2,active
9WDGCV5JF0,batch-2,active
MUB0AZ77YM,batch-2,active
FUNLU148HK,batch-2,active
X3GC6CXM42,batch-2,active
WVB6ZYDH1C,batch-2,active
NR3QGNF7TF,batch-2,active
IMELHR7X9C,batch-2,active
Z2YQB7JMCA,batch-2,active
R3M8D8TCUA,batch-2,active
NF1XF1869N,batch-2,active
0MKEVIEXC6,batch-2,active
FM35SM3HBX,batch-2,active
4L6UK68JCV,batch-2,active
HEV7GMC8EE,batch-2,active
7F998CO2HF,batch-2,active
146L4S3I1R,batch-2,active
2SIJ92V2WD,batch-2,active
PN8NMA5OU5,batch-2,active
T4Q4UXVBWG,batch-2,active
FT0H31PHZL,batch-2,active
QF8NQE4ZA7,batch-2,active
311D26883M,batch-2,active
XAH6RQAP26,batch-2,active
N94WLXUNG9,batch-2,active
2GJMUI2ND9,batch-2,active
2BASSX82G1,batch-2,active
L6V926H829,batch-2,active
311HBXP3FH,batch-2,active
YBCTBVKVTW,batch-2,active
G1AL2RQQN1,batch-2,active
K90VSSG4MH,batch-2,active
HP5GF5J9E0,batch-2,active
VPEXUIKFX4,batch-2,active
4RAP4MQNWO,batch-2,active
E9E4N3EGCN,batch-2,active
Y8SFH0F9V2,batch-2,active
7W7XKHVE27,batch-2,active
63I49ADH7V,batch-2,active
CY2NTRNU9C,batch-2,active
W9YOJYSFIJ,batch-2,active
X3U8LTQW3S,batch-2,active
PWLCJ30161,batch-2,active
BV1CZRDGR7,batch-2,active
ANQVO48B6Z,batch-2,active
6GDZAO34U5,batch-2,active
4V63M2JRWO,batch-2,active
B29004VTLV,batch-2,active
THK5BZL3IM,batch-2,active
1BJ7ULSI7J,batch-2,active
NGMNHBUGUH,batch-2,active
XCJJK9VDWN,batch-2,active
WDGBLBBPGM,batch-2,active
BB3K7T6Q6B,batch-2,active
9SPA0F2E0M,batch-2,active
ZTYJWPCS0T,batch-2,active
RDQ8MXU248,batch-2,active
0XM7JRHRP3,batch-2,active
MYREVT02E6,batch-2,active
HI8A4UCQNH,batch-2,active
QWE8LL16SK,batch-2,active
7G1A953VRQ,batch-2,active
00CXE1F6MU,batch-2,active
PG7LGW6PNT,batch-2,active
9NJDEXCBW0,batch-2,active
0L2CW4MBEO,batch-2,active
9EOR30HDC3,batch-2,active
Y8BOY4A4W5,batch-2,active
C0ZZ4DYDP3,batch-2,active
HW4ET4B9S3,batch-2,active
7KYKAPAFSZ,batch-2,active
YDQ8VMP6IT,batch-2,active
T8BA6J5UB2,batch-2,active
JN0OE7KZZD,batch-2,active
HCVZW4MCN6,batch-2,active
TYV7KYAI5M,batch-2,active
MDWH72IQTS,batch-2,active
PMFOIZCTFZ,batch-2,active
J4HRRLUV3J,batch-2,active
N2KNW2212G,batch-2,active
YXSIJTVYEU,batch-2,active
8EK6HL1XRI,batch-2,active
62BA2CJV58,batch-2,active
S8DYAVOENP,batch-2,active
A4573EOU5G,batch-2,active
LRM1XT000H,batch-2,active
IB4Z28YLB6,batch-2,active
FZYDENPU1K,batch-2,active
5EMD80NPS4,batch-2,active
3V0DP50UXE,batch-2,active
TR2TN3CZEG,batch-2,active
94QMF9TTA3,batch-2,active
TN0TNCXOGB,batch-2,active
7YRXKOK322,batch-2,active
WO8HSWCRWP,batch-2,active
EH586S61YY,batch-2,active
OOFR85OE3G,batch-2,active
JEQ6QNC89V,batch-2,active
8FJVL5HJVI,batch-2,active
1HXG6DRXJI,batch-2,active
AGFZ57MEQU,batch-2,active
08X5BCR1L3,batch-2,active
GW6JM52IHX,batch-2,active
5YTOETIVA1,batch-2,active
F7Y25F1DVA,batch-2,active
C3J7P7D4TR,batch-2,active
3P99IJUWZ3,batch-2,active
ST9N6NB59H,batch-2,active
IX0RZOCZZT,batch-2,active
D25W55GGN4,batch-2,active
21TQT13KNX,batch-2,active
B9M2T6OGXR,batch-2,active
16EX74D7V4,batch-2,active
M3DUDPHGFQ,batch-2,active
JILP91HKUE,batch-2,active
BP6CGRLY1C,batch-2,active
71UK50LN2O,batch-2,active
KETA7R2MZC,batch-2,active
XTLDB7OHD3,batch-2,active
SGWNB6S6CE,batch-2,active
1NIJH7JEZ7,batch-2,active
H5TIHX49UC,batch-2,active
0IPMWBELFC,batch-2,active
YOXERJHDLW,batch-2,active
T6P5MBNAMH,batch-2,active
VGYNZ9R3T4,batch-2,active
MSOQ68HRA8,batch-2,active
0OB0IDSADP,batch-2,active
KZV2T74DLA,batch-2,active
ZQA3GH2KVC,batch-2,active
FZ3Y26S9QR,batch-2,active
SWBRRGOK3H,batch-2,active
0ZKQ2L4GRK,batch-2,active
Z26FOSMNJU,batch-2,active
86MBFTTVAU,batch-2,active
NFKX3HEF79,batch-2,active
Z6KRZ84O9J,batch-2,active
VBD113AIIY,batch-2,active
8Y450WUGEL,batch-2,active
5LTDDBP2L2,batch-2,active
QQO4BLX7KN,batch-2,active
ZTXVANB5W8,batch-2,active
YEXNDUZTI7,batch-2,active
E1TQ1N2FHP,batch-2,active
7OHRFNY88M,batch-2,active
17FCOLSPWU,batch-2,active
YX0NEPORVJ,batch-2,active
YEFT8J9KNL,batch-2,active
39LJB90H7C,batch-2,active
4UEXAX1MX2,batch-2,active
H2F7YK29Q8,batch-2,active
43L44HOI84,batch-2,active
PMESQ2SSR5,batch-2,active
262V994BN3,batch-2,active
676FRQ63FD,batch-2,active
5IWNVSB9X4,batch-2,active
98TCLEXQUY,batch-2,active
YBF61Z2HPI,batch-2,active
KGK1NMXSXL,batch-2,active
EATUO52D8B,batch-2,active
GJYS13N916,batch-2,active
9HZG2ZRLKY,batch-2,active
13PYTBKFXV,batch-2,active
AAJK3P7XCM,batch-2,active
JX6MHO2TRN,batch-2,active
WAL5P1XU02,batch-2,active
6GCNRB1GU3,batch-2,active
XF420KNC4L,batch-2,active
0WMMBSP8JT,batch-2,active
I23X5VYOL4,batch-2,active
CHYDCD6B4D,batch-2,active
JPE96VBKN1,batch-2,active
4KHJZCR6U7,batch-2,active
TDB7AWTIBU,batch-2,active
D8OO2U5SGL,batch-2,active
IGBUJL5VCO,batch-2,active
8A99OJNMMK,batch-2,active
8IZA2QMWX9,batch-2,active
RED9NRJ85Y,batch-2,active
2HYDLP48MX,batch-2,active
CHMJVHZ3NY,batch-2,active
DSCLDC2IW3,batch-2,active
QV3WZ92JTO,batch-2,active
S7DJ1KQRPS,batch-2,active
8ZSKAUMODT,batch-2,active
FN60G6RZGA,batch-2,active
22AW2E8V97,batch-2,active
25YEJDMNN2,batch-2,active
QYSIN6XLMI,batch-2,active
S6YJ9Y1FDU,batch-2,active
L9HDEX34G8,batch-2,active
1RLX61SII6,batch-2,active
RUTEONNFNI,batch-2,active
6CMDCCXNAL,batch-2,active
6P316BLFOU,batch-2,active
JM27NMIPZ1,batch-2,active
FHYY0A2WI7,batch-2,active
IT0Y9Q4DME,batch-2,active
50O04ONO7H,batch-2,active
B1RDSHY1KH,batch-2,active
E1JS9ABTSQ,batch-2,active
48J1BCEPA4,batch-2,active
5S6C4VW5QC,batch-2,active
ZF5IPMNAED,batch-2,active
PT0BF33RKV,batch-2,active
M4RS5SFVZI,batch-2,active
NDL6JISKJ7,batch-2,active
2SL33GT1XR,batch-2,active
7VP3QDYHAE,batch-2,active
93DN8644D0,batch-2,active
8XS6JC4LN3,batch-2,active
VBL908DH29,batch-2,active
1J1TBQERT4,batch-2,active
3VBHJAT9FG,batch-2,active
MLMZE22P58,batch-2,active
7OOBY75PF9,batch-2,active
0NO11BJ80F,batch-2,active
7XH2W7KRXA,batch-2,active
Z4G5H50H8S,batch-2,active
5EIP6OZVLH,batch-2,active
QZWCEVFHWN,batch-2,active
6ESKURRMQO,batch-2,active
D1F510SWTA,batch-2,active
0REL49HJT3,batch-2,active
K4T2BXKMAD,batch-2,active
BJFS2P4DPK,batch-2,active
PW4DYEXCJF,batch-2,active
6UW6GH3MK8,batch-2,active
LGJP895HNH,batch-2,active
F8IJKVK4GK,batch-2,active
1IQELRNVHS,batch-2,active
VWNKXI5ROR,batch-2,active
ATRA30LDZQ,batch-2,active
GFNJHI38A3,batch-2,active
PJ25402YDQ,batch-2,active
405MUHON82,batch-2,active
8YC5PMDPNY,batch-2,active
N7AO0YO823,batch-2,active
FY9BKGR5Z6,batch-2,active
RBWTKTLM11,batch-2,active
NNUETHYWWP,batch-2,active
J2VU9BDZXH,batch-2,active
B6PX3IHYL2,batch-2,active
3RNNY9J3O4,batch-2,active
6E46QH9X4C,batch-2,active
8KH8WU4T3M,batch-2,active
KUU6J9VSKA,batch-2,active
WN3C0AXRD6,batch-2,active
Q8Y1IJFBUZ,batch-2,active
AX3IKLXQR9,batch-2,active
LUQ2P4V4UZ,batch-2,active
VVYK2JRKQM,batch-2,active
6W9BN4HICJ,batch-2,active
TQT4X9XTKU,batch-2,active
LK5ZR7UWJ5,batch-2,active
671ZU3HJIN,batch-2,active
Q4CWV25X0T,batch-2,active
4MN4V77B66,batch-2,active
FUM7JGUZGV,batch-2,active
FWG7241LIC,batch-2,active
2L5HN7MKYN,batch-2,active
B07DOHMOOH,batch-2,active
W39X0L500B,batch-2,active
DVCLFTH0YX,batch-2,active
F62INT7HRM,batch-2,active
5C9K8AUISD,batch-2,active
BMGPDRXJPX,batch-2,active
2RIFS17ND9,batch-2,active
P2PE4HPRCI,batch-2,active
AQS6RZMDDE,batch-2,active
J11VX1CN4L,batch-2,active
F00RRYZDUK,batch-2,active
M1FYYCUSHM,batch-2,active
IT8NWWB86D,batch-2,active
NVM3KXDYO0,batch-2,active
NFJNLTO3D8,batch-2,active
I9T12VGXHY,batch-2,active
OEKUB8EI6X,batch-2,active
69WBGAXRZV,batch-2,active
TA9QHNAAHL,batch-2,active
NK5F0HNP6D,batch-2,active
CDCVFBXJWU,batch-2,active
QXRPD5PUVQ,batch-2,active
MX2P0D84JP,batch-2,active
1FM1Y63L5H,batch-2,active
IAKOX14XXB,batch-2,active
AK3CKRAAJB,batch-2,active
MT8AXXGTPC,batch-2,active
VSOLSO7CIJ,batch-2,active
UUZTTA4OEX,batch-2,active
8IL9AXE25U,batch-2,active
DAH1ATBEY0,batch-2,active
FXVBMSZHTP,batch-2,active
1JSN6C1P28,batch-2,active
RS96KI88O7,batch-2,active
E016SHHUSV,batch-2,active
5I5TSSR0N7,batch-2,active
ASC6S6ALF6,batch-2,active
DSR5YYGGFZ,batch-2,active
VNEG0J46UV,batch-2,active
TUPC2DZPDW,batch-2,active
J7L4USMUD1,batch-2,active
EE90ATDSRA,batch-2,active
ID7PWXUM0Y,batch-2,active
TQMIHXHOR2,batch-2,active
FK2OQSDW1U,batch-2,active
DFOFTMHP6T,batch-2,active
QRWWXVQR6N,batch-2,active
YSERSG7WN1,batch-2,active
HMJ5WVQJE3,batch-2,active
S2ZF4C0WHL,batch-2,active
LG1WSBQHH4,batch-2,active
2COO3IF97H,batch-2,active
7S06SQD4XX,batch-2,active
HWDBN88EC2,batch-2,active
VXSUVIYO3T,batch-2,active
R4OQJBA32C,batch-2,active
9NFTT44YPN,batch-2,active
RR9MADAWJ8,batch-2,active
3UR6B2UY31,batch-2,active
APVK6RLWP5,batch-2,active
BINBF56TDX,batch-2,active
4JBBDBOJXK,batch-2,active
Q8DRJM6UDJ,batch-2,active
KHPWIX69ND,batch-2,active
WTSF6MRM5O,batch-2,active
6T57MCKEE1,batch-2,active
QBNQVVTKRK,batch-2,active
GZQQMMWOG7,batch-2,active
GZ7WSGM8Q5,batch-2,active
6YB3DIS2MO,batch-2,active
W5UDRR0XVF,batch-2,active
03VPPCU3XX,batch-2,active
QS75RDE697,batch-2,active
Y73FRCE4C3,batch-2,active
XEQYG0P5FD,batch-2,active
SVGXZ11F8O,batch-2,active
9EW5BMM2U9,batch-2,active
PLY5DB0R7P,batch-2,active
B6YW48T778,batch-2,active
JA6LROPKFV,batch-2,active
LI1LCPAOGM,batch-2,active
IF40I7X5E0,batch-2,active
PKPB1B2UJZ,batch-2,active
DGLS08F4UD,batch-2,active
0CEN6VI8IV,batch-2,active
R617PB3O6S,batch-2,active
0DYI04KYM5,batch-2,active
ANTY0ZV96S,batch-2,active
TUIZDFP9BS,batch-2,active
7JZEO3CBXH,batch-2,active
XCYBZQVZKB,batch-2,active
IMNM05VL2O,batch-2,active
U3V0K1P9U7,batch-2,active
DUSQYKAUCH,batch-2,active
83515RS9H1,batch-2,active
98B8M3739T,batch-2,active
BNPFAHW1YJ,batch-2,active
FYA8P3W8MJ,batch-2,active
NC60V9FYUA,batch-2,active
Y393M7IA3B,batch-2,active
A5GOG9MK1R,batch-2,active
UNT1XVBRMD,batch-2,active
3WLXX5042B,batch-2,active
URBKR3U1TF,batch-2,active
XSVIXRQG3U,batch-2,active
CWHWTJS2HE,batch-2,active
IKMOD6ZQV6,batch-2,active
ONPVEKKWNN,batch-2,active
1TPM4FMSWK,batch-2,active
CALH4ABDG8,batch-2,active
E66OQ8X5DM,batch-2,active
V90I21W0JJ,batch-2,active
UI9UK4RMNB,batch-2,active
3MRDJB3VZ4,batch-2,active
QWQFDYPA4J,batch-2,active
6ZPC8ACDU5,batch-2,active
5DVARTHZ9O,batch-2,active
4Z1X4B91BA,batch-2,active
CA6AQMIPMO,batch-2,active
HS20NLKPFN,batch-2,active
X5UH99W61C,batch-2,active
IV3ACDACWE,batch-2,active
6QKURLETW3,batch-2,active
5KOLYITJTX,batch-2,active
1PX36T5VWW,batch-2,active
V1GF3E2L2J,batch-2,active
TFXONG2U31,batch-2,active
CZVDEOMWYP,batch-2,active
RPWY6SV3JQ,batch-2,active
LOL4I2Y2PY,batch-2,active
0WLMW9WEIT,batch-2,active
EVKUV9TK2C,batch-2,active
ZJW0DZES75,batch-2,active
IY0F1W01DQ,batch-2,active
HF99IROPD3,batch-2,active
NLJQHV58BF,batch-2,active
TK7A1995QP,batch-2,active
MWW0WK8XQI,batch-2,active
C1MWT9YTXH,batch-2,active
9MBGOF59PA,batch-2,active
CRI17KPOQZ,batch-2,active
AX81IHCMHO,batch-2,active
0CBA2B1V1I,batch-2,active
XOIFDMJM99,batch-2,active
WQLYHD7U2J,batch-2,active
A3B5G4HVER,batch-2,active
XY7ZLSUF9D,batch-2,active
PVXJNRACSH,batch-2,active
49H493TZL0,batch-2,active
FFX6SXL1UG,batch-2,active
2K73TJW12W,batch-2,active
RBQGMR5SBW,batch-2,active
8X90V5NMRO,batch-2,active
FBY5LV5FWY,batch-2,active
R4I653GI8A,batch-2,active
T1QD5KSP44,batch-2,active
LQ8T86NK31,batch-2,active
676QQRH1P8,batch-2,active
5079UQ0WPD,batch-2,active
PJA57HNWMA,batch-2,active
4YG4ZTX1MX,batch-2,active
RW08QP1I9W,batch-2,active
R9DLDM2JM1,batch-2,active
3XIVQQ18CP,batch-2,active
T9NE6N8PG1,batch-2,active
ZT7MW7JPIX,batch-2,active
IHJ73071QK,batch-2,active
TAQ9Y0FA1O,batch-2,active
P9M9T2KUW5,batch-2,active
MV0U4IX9S9,batch-2,active
87AXJQOQK2,batch-2,active
NPMQH60SD1,batch-2,active
AOZ2LPEB5V,batch-2,active
NX1QDDDXMQ,batch-2,active
IIYVM1SBD9,batch-2,active
HHUWN0D0VQ,batch-2,active
KGOSJKDPE0,batch-2,active
JD8DHFI6TK,batch-2,active
EY2RDBELGS,batch-2,active
AOC5KE2603,batch-2,active
SCRZR5M4NF,batch-2,active
POB38K0NO8,batch-2,active
KIMSKR6X0I,batch-2,active
8L8FAAGTXL,batch-2,active
OVEOZZZJO5,batch-2,active
RUHTIN120W,batch-2,active
N966GG96WF,batch-2,active
8FX8HBV3H3,batch-2,active
OUZFYXN0KE,batch-2,active
KSHGSH7WHR,batch-2,active
U2ORO2FUT4,batch-2,active
NGAK90GHDV,batch-2,active
YAJE5LJ2QM,batch-2,active
3Z28NLZKQX,batch-2,active
8EDP0LWGPK,batch-2,active
5DRQ3IFCKV,batch-2,active
8D7BEQUPJQ,batch-2,active
NWTABNKGR9,batch-2,active
5PJPMACA5J,batch-2,active
2H0OVCL6YF,batch-2,active
KDOZDO7IB2,batch-2,active
OPYRD6J5S5,batch-2,active
JK39DW5D0X,batch-2,active
0V319S1UWX,batch-2,active
UX9YHK1WDT,batch-2,active
7ATQK2D9F0,batch-2,active
HUI8HLCF8C,batch-2,active
C9I7D8NZCY,batch-2,active
7377NNK8QS,batch-2,active
93D5RMK2VU,batch-2,active
TZDM4YGM36,batch-2,active
1M7BVE5ZDE,batch-2,active
3U1WS3MQD3,batch-2,active
Z6PGTLHDCY,batch-2,active
51VFENJK4P,batch-2,active
0IQE1ONZ6P,batch-2,active
CUTZNTUUZT,batch-2,active
XUZOAOXMDD,batch-2,active
84PWSH7C12,batch-2,active
TQ69MVSV57,batch-2,active
KM8VW53MWP,batch-2,active
9YAIYM0ZJD,batch-2,active
ITIG4J4CPT,batch-2,active
G9UZNMJMJR,batch-2,active
LD2JMY4Q49,batch-2,active
KZ3948CLVB,batch-2,active
IM2Y7U1W07,batch-2,active
0NLO55VHRC,batch-2,active
U3PMO143PL,batch-2,active
JLS51XN355,batch-2,active
Y7W3RRE1UG,batch-2,active
KHRM5R6W6A,batch-2,active
7JZ0G9OP8J,batch-2,active
1QCWSHF1J3,batch-2,active
BMWGTNG826,batch-2,active
DFUF79EK0D,batch-2,active
OPP72T0T6R,batch-2,active
RPQ65DSNB6,batch-2,active
X9WZ0KQ71J,batch-2,active
PXZESDCISB,batch-2,active
M4KLQ5X5AL,batch-2,active
EDS6VERK4A,batch-2,active
7Y1BN2S4OA,batch-2,active
JXBPSLP1G6,batch-2,active
KDJVSLX04W,batch-2,active
1SA8P63KX5,batch-2,active
KSQO6V4FDQ,batch-2,active
J8AXPLFC84,batch-2,active
HLKB6H2YXI,batch-2,active
BXJA3YBYK5,batch-2,active
DH6E76RJ8F,batch-2,active
8N314TKSCD,batch-2,active
KHU76KCT21,batch-2,active
01W3KIO0F6,batch-2,active
33XHFM0Y9R,batch-2,active
W5X4ZVUETW,batch-2,active
0QDGKS337F,batch-2,active
Z997KFDQ37,batch-2,active
4IMG1HD333,batch-2,active
17E48434O8,batch-2,active
RMMLQV8M67,batch-2,active
WU5VSGCSO5,batch-2,active
V9RWK6AR8T,batch-2,active
WHX7YT3EQ2,batch-2,active
UPB6ELQ75Q,batch-2,active
AVY3QF6FK0,batch-2,active
K0HB8HBEJ7,batch-2,active
C2ULUZDBAM,batch-2,active
QUI1FKYW3F,batch-2,active
7OK65TWYNG,batch-2,active
VXQN1KCN01,batch-2,active
TREJLW2XFH,batch-2,active
NOYWWSY8EM,batch-2,active
OYSYB8BRBM,batch-2,active
VDTWYSSDTJ,batch-2,active
EX8RWHT7A5,batch-2,active
E349OWWIUX,batch-2,active
MECUHI61RX,batch-2,active
P2X9ZC0I0S,batch-2,active
X7JI6MIP45,batch-2,active
MSC60QQ3XR,batch-2,active
DLNSLH2UI4,batch-2,active
FAMFIPW7LY,batch-2,active
SOXH4EGR6U,batch-2,active
TA118I4LJR,batch-2,active
TO73DQS97L,batch-2,active
M9ZPP0VTK5,batch-2,active
TPCVW3NE62,batch-2,active
IE1CTW0KII,batch-2,active
7EVIERE2QF,batch-2,active
K22MDCFJ70,batch-2,active
X857RG3S1R,batch-2,active
0VEJDKB3QP,batch-2,active
JH69H7RB5F,batch-2,active
Q7ZBFOCSHV,batch-2,active
KXDINPFWUG,batch-2,active
Q1CW44NHJ0,batch-2,active
P27NUV9OVN,batch-2,active
7DH5TYI73H,batch-2,active
OWM1EPSXPW,batch-2,active
SQQZ6D65NG,batch-2,active
6UHY7ZGQSK,batch-2,active
XCDYUL8JR1,batch-2,active
0LIG8VEN4S,batch-2,active
9IH4YC1OL8,batch-2,active
INBK9Z2FZ9,batch-2,active
UM1BY9IYZF,batch-2,active
Z6HT956JQB,batch-2,active
EO9VPBURSZ,batch-2,active
GV07SCMY71,batch-2,active
9RC40MABPW,batch-2,active
L38MYHSXOJ,batch-2,active
YV8QYRBHEP,batch-2,active
GIMNGNBOGG,batch-2,active
1RNI9O8T1K,batch-2,active
60NQBU37MS,batch-2,active
TL5LA7G3MD,batch-2,active
MTGU7Y7S46,batch-2,active
R6ZSXY0RHV,batch-2,active
1D03AVP437,batch-2,active
1U8B03YSV6,batch-2,active
IJHX9RKL9H,batch-2,active
HTAI7OIIT2,batch-2,active
NOCS2VDN93,batch-2,active
4LKKXRBYDF,batch-2,active
CO6KBJLUCE,batch-2,active
A9YINV79SC,batch-2,active
Z5SDY8MPE6,batch-2,active
QD7K09UMKY,batch-2,active
NXX30G5KEX,batch-2,active
GSSXKGNS2W,batch-2,active
F3D7GZ1H05,batch-2,active
FNKP1H93T4,batch-2,active
85DLZTXM98,batch-2,active
RVLJQ068M2,batch-2,active
DP2S5H8ZJR,batch-2,active
2NHTY6H4YK,batch-2,active
IMY1DTCAHL,batch-2,active
98ZZMC8DH3,batch-2,active
DL2MVQAB0F,batch-2,active
DPK5IPBAUK,batch-2,active
MT517ZLSIA,batch-2,active
82KFKRK9WU,batch-2,active
XGV3IRMNDX,batch-2,active
SCEH8I3OOV,batch-2,active
D4I7K8P098,batch-2,active
FLV1HERP95,batch-2,active
MSTCRJG9LZ,batch-2,active
26IQPIOUOC,batch-2,active
221TST34XE,batch-2,active
JY5FLT66X5,batch-2,active
BH3B100VBB,batch-2,active
PDO9471QV5,batch-2,active
1O1GDP8HFC,batch-2,active
GN4E1EYYQ0,batch-2,active
AVXA5M84FD,batch-2,active
2CPSCXUMGC,batch-2,active
GIB2XVENVA,batch-2,active
HAKEXKVZZ4,batch-2,active
J7JPOTIDA0,batch-2,active
HY74WE0YFH,batch-2,active
GEQ63UFYLA,batch-2,active
RUZ51KMOSM,batch-2,active
XJR088L647,batch-2,active
Z3M9H92DJA,batch-2,active
C0JT70GUZM,batch-2,active
AZR02TYANU,batch-2,active
55PIE0BTUV,batch-2,active
3SF6V0FNSB,batch-2,active
IU0J4W5JUG,batch-2,active
ZCZF73OSJ9,batch-2,active
6P15JYWKYI,batch-2,active
NC8UJ76CJH,batch-2,active
70SD111XLN,batch-2,active
8KQ6NPF6W2,batch-2,active
BMMDC0T4VK,batch-2,active
W2W1W16I3P,batch-2,active
L3UDBFBVC1,batch-2,active
AQ9CEIFIIG,batch-2,active
XC2AGXB290,batch-2,active
FXKMN160AQ,batch-2,active
54YUYCL4TW,batch-2,active
0F6GOQXU59,batch-2,active
9H91L5MOQA,batch-2,active
1UCDNRMBYM,batch-2,active
DG3KPEPMV7,batch-2,active
FEQ6BTBSID,batch-2,active
0N5T7RR83D,batch-2,active
EHKP6J82HW,batch-2,active
65JB6OXB9E,batch-2,active
EKWN1DC7GV,batch-2,active
XKEGDJ5LUY,batch-2,active
Q6EVICK8IF,batch-2,active
FSBC9HV84V,batch-2,active
C7FNDYZB2E,batch-2,active
LM6BP1YE16,batch-2,active
IUQV0OWC24,batch-2,active
MCZ6HPO5ES,batch-2,active
N3NRDNKUFV,batch-2,active
7IXKZNP82P,batch-2,active
CQ3CA98GUI,batch-2,active
NYUDMZQUIB,batch-2,active
04756U843F,batch-2,active
CTJDPHXPY6,batch-2,active
3SJELT7PB3,batch-2,active
C7IFBW7WV1,batch-2,active
SIVLFRJFV5,batch-2,active
6DL2CQZMW6,batch-2,active
59M6OXU3QC,batch-2,active
UZJT6MMMML,batch-2,active
XDSFQ2R2NF,batch-2,active
CR7D77V7IN,batch-2,active
5SRQOP58E5,batch-2,active
0J0EXD3K6V,batch-2,active
X8A0NOGLDR,batch-2,active
YYR5B8WO1C,batch-2,active
Z2D4M4TSZH,batch-2,active
HN92YAEFKX,batch-2,active
7IYTVOXMOR,batch-2,active
XPDUGGO750,batch-2,active
GYL6UMA3DA,batch-2,active
RYR49TIED7,batch-2,active
8ACR0JP4RX,batch-2,active
DBG5WM8WAY,batch-2,active
IJOTULJUN1,batch-2,active
64HKNB2PVO,batch-2,active
XLH4BDMEUH,batch-2,active
8PLRV91EB6,batch-2,active
P8RHVZIHCV,batch-2,active
P8IN1R2S5K,batch-2,active
OF1S29IHPT,batch-2,active
LWFGJTCJUI,batch-2,active
4INOYMKVRH,batch-2,active
5S135ETASI,batch-2,active
SFKX6JNPH8,batch-2,active
6RMZFFA1WP,batch-2,active
LULI4SPQ5W,batch-2,active
3ZR30SNOMM,batch-2,active
TETH3WTOBP,batch-2,active
CX4BBLSKO0,batch-2,active
6S046GSZT6,batch-2,active
2WQ4E2FGRL,batch-2,active
JBJLETZHIZ,batch-2,active
35TNE00D9U,batch-2,active
64T68V5QMT,batch-2,active
VYB0D63GFR,batch-2,active
8L6CXHMEN0,batch-2,active
P7YBLMMBJ9,batch-2,active
377AFGD6KZ,batch-2,active
SB381D4YCN,batch-2,active
AE4ABCKSGX,batch-2,active
7H51OG5Y5U,batch-2,active
2TNB8G0YU4,batch-2,active
ZA5AIECIUD,batch-2,active
T8TKIGKJVK,batch-2,active
PJ16OFQHYM,batch-2,active
M48RRNTRGA,batch-2,active
EEFS08HUMU,batch-2,active
FA3O4OR2JR,batch-2,active
8ZPRNA3L2L,batch-2,active
489P7P9RJF,batch-2,active
UKHH2K1POJ,batch-2,active
LP61USDMXQ,batch-2,active
CPUV3XLEGK,batch-2,active
6CHPXE254G,batch-2,active
8WJZBMMTV6,batch-2,active
ZARNXTTPIC,batch-2,active
DLCB7L5O8M,batch-2,active
U4ITLLNFX2,batch-2,active
U6JRM3XJUP,batch-2,active
MMNZ677FVZ,batch-2,active
HHC1VO8P5R,batch-2,active
8WCFUT94XL,batch-2,active
0QJ6AD2RWK,batch-2,active
8A5D4MUB52,batch-2,active
1R089Y33J5,batch-2,active
O7XJ9DG4CN,batch-2,active
SQASXK6VKU,batch-2,active
NQH0G05V4O,batch-2,active
834VMRTC3D,batch-2,active
8N2WSQT9RE,batch-2,active
R0VQYUS2JX,batch-2,active
LJAOEW3UVE,batch-2,active
I9LQ4UMONE,batch-2,active
QK2T46YCP5,batch-2,active
W9RUIY9YMC,batch-2,active
82EHR9F9ZM,batch-2,active
FZIAUK1HG3,batch-2,active
OY1AEHWMF4,batch-2,active
RELK7SHIF7,batch-2,active
RXENY9X7DH,batch-2,active
42TOBS2VOA,batch-2,active
ALO10MP7QJ,batch-2,active
YIL8S0CMVA,batch-2,active
Z9MIVLQ2P0,batch-2,active
XGWXPCMRPX,batch-2,active
ZNP2J9WZZB,batch-2,active
SCTZ8ORWD9,batch-2,active
BC0AONYZG5,batch-2,active
ORLSNGXYWL,batch-2,active
K9S94YLG46,batch-2,active
XR1L1PBKIT,batch-2,active
4AC6SJFVSI,batch-2,active
R6R23JHYBB,batch-2,active
2EANAS78G4,batch-2,active
STXMLFJM6N,batch-2,active
YI5VN007S6,batch-2,active
FR8P4YXBR9,batch-2,active
B8T2B9QTTW,batch-2,active
DSP50ZVCYT,batch-2,active
14216NHP9A,batch-2,active
0OO8I6911Q,batch-2,active
RFYD6Z5ILT,batch-2,active
HTJHLAPGU1,batch-2,active
9Z538LOESI,batch-2,active
2YVJLOUKS1,batch-2,active
5ZV3VL4VK2,batch-2,active
Q4352W4AVB,batch-2,active
SP0DHILHWO,batch-2,active
D2A8CN4BBT,batch-2,active
ZGY39MO5PU,batch-2,active
ND69Z12MI7,batch-2,active
L33KPPDLR8,batch-2,active
0PIE7MC6EQ,batch-2,active
SELFL71CDE,batch-2,active
7TNZMX02QK,batch-2,active
8K2RB1BLSX,batch-2,active
HUHNY9BI1J,batch-2,active
8YQI6DIT8R,batch-2,active
1EW15Y1MPE,batch-2,active
MDYC25T9ZW,batch-2,active
26IVFSD6ND,batch-2,active
RBM2IQDBOW,batch-2,active
782PLG4KYH,batch-2,active
KG1RHTCAGW,batch-2,active
WPRPWHKSRM,batch-2,active
67OVJGZLSJ,batch-2,active
0FGHOE0JU2,batch-2,active
TDA4NX8Y1M,batch-2,active
Q2JOJYRKZ1,batch-2,active
N5FH3NHHQT,batch-2,active
DT3NHYZ3WF,batch-2,active
0QYZ7VRBSV,batch-2,active
12SZQSCILK,batch-2,active
SUBBJONSLT,batch-2,active
N9AOXHFX8X,batch-2,active
69LKLRA41C,batch-2,active
709S6OICKX,batch-2,active
4CRMR93TYG,batch-2,active
D3GHTDEOIY,batch-2,active
YUX6ZK6BYT,batch-2,active
903FERAISG,batch-2,active
J99TV1EYH4,batch-2,active
HECWEIIUBV,batch-2,active
KZNHHYK2HG,batch-2,active
2F9ZAEPMYP,batch-2,active
L2LRTAV8DX,batch-2,active
0KA4JX9SDP,batch-2,active
AOF9BL00ME,batch-2,active
0UATJNO4B1,batch-2,active
ZNJYU0YFMP,batch-2,active
1GZP0I3BX9,batch-2,active
55HIPA2WVW,batch-2,active
0E68IU4V08,batch-2,active
QV9FGMJQ42,batch-2,active
BNFJQP87C4,batch-2,active
XPPW8NY3HW,batch-2,active
SWC7OY6CA0,batch-2,active
Q86SQTH728,batch-2,active
C1KW1SVFIQ,batch-2,active
7QX3083N22,batch-2,active
Q1UJXUG1IS,batch-2,active
5UQYOJ8FIY,batch-2,active
BIN2LULBU9,batch-2,active
GDJWYNH584,batch-2,active
A1J66TDA6O,batch-2,active
19JJ66LAOE,batch-2,active
JXFBJ4EXF3,batch-2,active
8QN3IMCK1O,batch-2,active
2IDYB4JUZ4,batch-2,active
12M5ODTW9F,batch-2,active
Q3GY5ESZSL,batch-2,active
BUPKZN375C,batch-2,active
GI19AB52KA,batch-2,active
MQDDPK1AYP,batch-2,active
QKEALBP5A8,batch-2,active
8DRI39R29U,batch-2,active
V57BVPO3H2,batch-2,active
BPSQNCNW9O,batch-2,active
AD5T4L45CA,batch-2,active
EVMVWVNQI1,batch-2,active
97BVGH4575,batch-2,active
4O9W9I2N5U,batch-2,active
I38TLGHVVM,batch-2,active
Q9XMPDEOXD,batch-2,active
A7IFL8EHLW,batch-2,active
93YDXGSTED,batch-2,active
5E56AFAUN9,batch-2,active
L4YEJWXRE3,batch-2,active
5XIDF1WYGA,batch-2,active
MS8K1YRW1X,batch-2,active
J8TXEILH4U,batch-2,active
YN1A5S4B3D,batch-2,active
9OHELZI3ZR,batch-2,active
I0VVAK0UJ7,batch-2,active
3DJCBO26W2,batch-2,active
I1HTFE9MO6,batch-2,active
ZGRYG5ZP4P,batch-2,active
HDSQ6XU1G6,batch-2,active
97AR4NZPZG,batch-2,active
12GUI3NSJT,batch-2,active
OWO6OKUZ9B,batch-2,active
GYRFCF280P,batch-2,active
PLHDPSN0J0,batch-2,active
V27Y1NPIE1,batch-2,active
XF6M5T2C85,batch-2,active
UUZHTGNKCH,batch-2,active
19L32O0G75,batch-2,active
O4QGONDKYS,batch-2,active
EBDMQU4ZB1,batch-2,active
GRXMYSME5T,batch-2,active
K5C0WTLC4E,batch-2,active
JN14QNB8U7,batch-2,active
UCJVIWMXC9,batch-2,active
B85M0MIQPT,batch-2,active
G1HV5KXCIP,batch-2,active
FWG4GNE8F2,batch-2,active
SBKN9QN0YR,batch-2,active
DK5C239QBR,batch-2,active
SWIHEW2HL0,batch-2,active
CYRSQGDNPU,batch-2,active
AVAI675NT9,batch-2,active
EC3RFEIMWH,batch-2,active
5GKA8QWBBO,batch-2,active
U94ETQPACB,batch-2,active
S4IF6BLW88,batch-2,active
0O3C4DQXTM,batch-2,active
WJPF06RJJQ,batch-2,active
KBI3JA0A8W,batch-2,active
IQ6R00UYJ6,batch-2,active
T9XIXAZ5MV,batch-2,active
HT4O5F5BED,batch-2,active
E9VO43RXGM,batch-2,active
PP9O16VLS2,batch-2,active
ER81ID8ORZ,batch-2,active
9A96P8MI0W,batch-2,active
TKGPEQG6SE,batch-2,active
50L8ULCBU7,batch-2,active
FN5LVHOZOP,batch-2,active
HJ74CXWA6V,batch-2,active
5ZAMOD32Q5,batch-2,active
G1F5FEW2AP,batch-2,active
W6JRVWHK9S,batch-2,active
G8F5MGDMJA,batch-2,active
QDDCOH1QCD,batch-2,active
1G1QZ6SN9G,batch-2,active
O7IWZPVNAV,batch-2,active
XNDQET6IO7,batch-2,active
QX59IJS9LC,batch-2,active
ZVUMJYTT2U,batch-2,active
432BUX43ZK,batch-2,active
DESZQD941Y,batch-2,active
XKQC8SRGCD,batch-2,active
ABEOW4TAV4,batch-2,active
XBTETNEAY7,batch-2,active
Q50GDHF1DS,batch-2,active
682YFUDHA4,batch-2,active
JCK92S03BK,batch-2,active
09HA6TYK0L,batch-2,active
FQHOJF60D5,batch-2,active
NS0J6FP5FG,batch-2,active
YOQ50U56J5,batch-2,active
KDYO266YRK,batch-2,active
X2UASYC6EY,batch-2,active
J4N7BBFALT,batch-2,active
13JHZSAU5O,batch-2,active
0IE8IIWN5Q,batch-2,active
KQBJRCZYM4,batch-2,active
V8VSTY4D9O,batch-2,active
TI8F2RFF20,batch-2,active
TYE9M5WDNH,batch-2,active
4RVGNJ9UNK,batch-2,active
EK4SAQ2C7M,batch-2,active
DNJDYN8S55,batch-2,active
8FVF1L4GFO,batch-2,active
2LVNEWXVCX,batch-2,active
F3XCLETYJR,batch-2,active
8Y2ZZT5KZN,batch-2,active
PBCY9N136P,batch-2,active
G4QNT13KR1,batch-2,active
KTJ6CMQQEG,batch-2,active
3Y76TNXMJK,batch-2,active
YKVMMZGPH8,batch-2,active
QVFDE2ALG2,batch-2,active
I5HB7LCFZE,batch-2,active
SV5BU46JFT,batch-2,active
9QGKZS5NVA,batch-2,active
G2ETE5S63L,batch-2,active
A80WRZZ9VB,batch-2,active
LJJDFA4RX3,batch-2,active
UZ06JTILVM,batch-2,active
QZ596F4UYX,batch-2,active
7XNVN7POWH,batch-2,active
AVQ2C6OWB7,batch-2,active
VWGFHSI5U2,batch-2,active
Y7WSKMITFA,batch-2,active
Z94D3VFTH8,batch-2,active
E8AWFJZAUI,batch-2,active
8LL82E4QJ2,batch-2,active
C4QG7QS8JD,batch-2,active
PIGCSZDECN,batch-2,active
HVJC5F6XZ2,batch-2,active
W82A1TXFNV,batch-2,active
7KI4JOU4SM,batch-2,active
7TNNEEQODX,batch-2,active
K9SG1XHMU4,batch-2,active
Y0N8DM77LO,batch-2,active
O3M03KVAMR,batch-2,active
25U3TWTG6Y,batch-2,active
LJJ8NJVC8C,batch-2,active
OIMY94OW2Y,batch-2,active
0DYDD5FUSO,batch-2,active
OO2ZEP2OSZ,batch-2,active
VAGDA8WRYN,batch-2,active
VE7NKS6EML,batch-2,active
QFVP0V3VRR,batch-2,active
PKXPDCDRMO,batch-2,active
ID28MW39Z9,batch-2,active
RHH1AHRGYT,batch-2,active
40CN1C5RML,batch-2,active
FAMVQYGSF7,batch-2,active
SWF7KFXTD0,batch-2,active
9BRI0L8XU6,batch-2,active
V89R8RHI0E,batch-2,active
BUPDJZZGXL,batch-2,active
WNDCVJ7H3P,batch-2,active
3OZTH4A5MH,batch-2,active
6ESMNJ3PNQ,batch-2,active
TXQ326DS3D,batch-2,active
AVGG69B1TD,batch-2,active
IIS9B9H3DI,batch-2,active
MLHVELBPDF,batch-2,active
50KZXW5SIS,batch-2,active
7AVHS91F1U,batch-2,active
7Y1D6MQJBC,batch-2,active
HJIHZLA6AH,batch-2,active
I41Q05YNGM,batch-2,active
BWAAHEMFWA,batch-2,active
X2JQ6DR1KJ,batch-2,active
F8SYL6USR3,batch-2,active
2ELSVXXXBV,batch-2,active
2YL9I5MM52,batch-2,active
A2J82L01EG,batch-2,active
FWNRHD36XT,batch-2,active
325HIL9IYE,batch-2,active
7XA6M8JBCM,batch-2,active
GBGFOVPQQ6,batch-2,active
QTL299KQ1X,batch-2,active
WR9NFA0AZM,batch-2,active
MK6RDPA3OA,batch-2,active
59WU7XG1FF,batch-2,active
MMWKPACUZX,batch-2,active
8334XFRMQ3,batch-2,active
CSV4I7KCEN,batch-2,active
3G3MSY34DE,batch-2,active
3J17T1WNM3,batch-2,active
266EBAFIOW,batch-2,active
CG8ZBGHEP1,batch-2,active
MLSZ01NJTD,batch-2,active
I8R2BZ5HJC,batch-2,active
HNRRP2NMSP,batch-2,active
UHUJ25G4SR,batch-2,active
PZOZGT1AWV,batch-2,active
KFCN4ZE81Q,batch-2,active
A6XZ0AOVT2,batch-2,active
N7DUA0E8OO,batch-2,active
WM8T240S1W,batch-2,active
FP89HWETVW,batch-2,active
GN1HIIG0FK,batch-2,active
2PKZURDADJ,batch-2,active
YBBC7VOGC9,batch-2,active
7DCMMW86U5,batch-2,active
SQ735WMDQE,batch-2,active
141D0NCGWQ,batch-2,active
TJO2V0TQ9F,batch-2,active
313MGE5WR4,batch-2,active
IQGY5MRUMW,batch-2,active
RR53813YLU,batch-2,active
YKUCVJYITE,batch-2,active
SXZH8JNUFJ,batch-2,active
BGITNFFHRH,batch-2,active
3XLXIWV255,batch-2,active
XBGJF4LGF3,batch-2,active
NIZ83KZNK5,batch-2,active
TJT7ZOLEC6,batch-2,active
5VCPIKWWVK,batch-2,active
7Y54G5QN7L,batch-2,active
LGSLBKUYFT,batch-2,active
NNA65QDK0J,batch-2,active
47BOV2LYJR,batch-2,active
B0HLQILQ27,batch-2,active
73MX9YTWI0,batch-2,active
72WPYKORGN,batch-2,active
DZNK8IJBLN,batch-2,active
YE77567XU2,batch-2,active
6BCU7TOGC8,batch-2,active
EO5XFN41QV,batch-2,active
XFDUM4KCSP,batch-2,active
B7GDE2Y1Z8,batch-2,active
Q7CLZI8AF7,batch-2,active
P0WDGSPO0K,batch-2,active
1RSWSNN1EU,batch-2,active
8CO13QL2NB,batch-2,active
7VOIMQ8EX9,batch-2,active
M64A0FYSOD,batch-2,active
CKLFOP7FUY,batch-2,active
B15QLKARKO,batch-2,active
SWWCF5BOXJ,batch-2,active
ZE2B5K87ZO,batch-2,active
4805NVFOSY,batch-2,active
ZLEFLP08CG,batch-2,active
JM6NGBCLAI,batch-2,active
4WRI4NUF84,batch-2,active
54UNXQ20A2,batch-2,active
4URJVNWIC6,batch-2,active
N4Z0PFC1OQ,batch-2,active
7B56E4LDDF,batch-2,active
9AHOSEEYUE,batch-2,active
UBOK3HDSCM,batch-2,active
9KYAI3OWJK,batch-2,active
YUQ8AJ7OIB,batch-2,active
KQVMLGFKSB,batch-2,active
5P2CH8FXN2,batch-2,active
X4I64NMJPH,batch-2,active
MXCMUCZ1EM,batch-2,active
MJPC4VFZ2H,batch-2,active
2KJ3ZRRQT7,batch-2,active
UM4R0P9RGF,batch-2,active
29QLECP10S,batch-2,active
57K0B56XUB,batch-2,active
4LN921WRHJ,batch-2,active
V8WG90NH9Z,batch-2,active
6PUPXUYC1I,batch-2,active
DQEDRPXRCN,batch-2,active
YCP6KXQ1M7,batch-2,active
0WAB9F6WB8,batch-2,active
K9U12C5743,batch-2,active
4QFYKLZEZ2,batch-2,active
F8UR5TJTOP,batch-2,active
QXNR6FIM3Q,batch-2,active
DN081VZ1IR,batch-2,active
IP0LEZ2PIZ,batch-2,active
04R0VAHIKP,batch-2,active
95S29JISRQ,batch-2,active
X8S1APMDFF,batch-2,active
AQH29Z4D4P,batch-2,active
P6UNSILSRC,batch-2,active
LMB9DXGHXW,batch-2,active
JT18IKH9UP,batch-2,active
NTPC9KY72E,batch-2,active
IK4ZTCZND7,batch-2,active
5EDHJ5LD52,batch-2,active
M56Y4O7A5K,batch-2,active
7PJ5IAI8ZH,batch-2,active
D32FDUWTO2,batch-2,active
05BINNA968,batch-2,active
JIN3X9TVE0,batch-2,active
V8U3A9EYIO,batch-2,active
P81U6LODJ6,batch-2,active
XK3XT0CABA,batch-2,active
NFQPPX91QM,batch-2,active
EQZPGMPQ45,batch-2,active
UTK86F826L,batch-2,active
8Q526MJNQ6,batch-2,active
IOZRCLXX76,batch-2,active
507U1EO5GX,batch-2,active
5JJD4I4ARD,batch-2,active
7RN0PYO85Y,batch-2,active
4YCYB03UOW,batch-2,active
7RL5OK9D7P,batch-2,active
F36QKEAIP1,batch-2,active
MATUU6WBO9,batch-2,active
BGET0F7LO3,batch-2,active
T491GFN75P,batch-2,active
FWG35NNZ69,batch-2,active
XPVESS7NXO,batch-2,active
Z5BVL8VUMF,batch-2,active
ASIB611BQJ,batch-2,active
S3GJQVAJRB,batch-2,active
7FP85AS74M,batch-2,active
ZYXYMRMZZI,batch-2,active
KPG8M97J0W,batch-2,active
SSCHKOF4KT,batch-2,active
KX7CNDNA66,batch-2,active
TH06SXERW1,batch-2,active
NBUQK9364D,batch-2,active
RMT7GTVK2I,batch-2,active
U8MMFB474E,batch-2,active
07X5ZQTST1,batch-2,active
GHU69QL32K,batch-2,active
V048VBUZ09,batch-2,active
BTOZRAJ4M3,batch-2,active
FPBRE2L14M,batch-2,active
FS6N5G9IG0,batch-2,active
61FTSTTRGJ,batch-2,active
1MW03YTCLZ,batch-2,active
SNRO35CV95,batch-2,active
P90NNNUQDQ,batch-2,active
RTJUV88IDA,batch-2,active
1P6OCFTUJJ,batch-2,active
CSCMAD4J7M,batch-2,active
5Y94N0SZC2,batch-2,active
5BJ4S6VRGH,batch-2,active
893653CC12,batch-2,active
A90IA9QPX7,batch-2,active
YRNAIDRZ5H,batch-2,active
XAM6PKT1GO,batch-2,active
W4NW75T8FK,batch-2,active
7DX35K8USP,batch-2,active
OIMQR7KUY9,batch-2,active
FM9E8FFR0H,batch-2,active
T4FZGTQ80K,batch-2,active
P5HENGQ912,batch-2,active
SEUPENF5FA,batch-2,active
JUXDAVFDML,batch-2,active
VEEH5F7JY2,batch-2,active
3K5RP18G2G,batch-2,active
WUJWV2E4E7,batch-2,active
AJ38M3IE5K,batch-2,active
1605IXTO8J,batch-2,active
6XIDY4QMHR,batch-2,active
TBVTPAS6VA,batch-2,active
GCGA68TSPV,batch-2,active
C8LDMYM1RN,batch-2,active
8ZDRGJTHFW,batch-2,active
SOVF6U377M,batch-2,active
BBCJ5JMBEB,batch-2,active
0NJVM0443J,batch-2,active
KWGX62J061,batch-2,active
JTKCHAJOY5,batch-2,active
9FNH0EFGQ7,batch-2,active
6Y16GA2LCQ,batch-2,active
WGO119AGJ0,batch-2,active
FEYC9KL1E3,batch-2,active
T1CV5DWKMW,batch-2,active
2RKQVZPYHP,batch-2,active
546YRPB0JW,batch-2,active
TXCNV1VOVO,batch-2,active
GV3IM7AFFQ,batch-2,active
6HPL8KIQ9A,batch-2,active
4BM4LFBDUR,batch-2,active
UFVNSI2UZ9,batch-2,active
NFASV8C7QX,batch-2,active
BN8PPWZ4PP,batch-2,active
MBUGZXCG8H,batch-2,active
AVOHIQNYBH,batch-2,active
KIORQ0JPJN,batch-2,active
J0XM8VBHTR,batch-2,active
M3EGUBWNVQ,batch-2,active
RZ1JZPMVNX,batch-2,active
4Q5M8D51JR,batch-2,active
FMW2XM1C2J,batch-2,active
W38UPFVGGE,batch-2,active
RSQUTZRS9M,batch-2,active
DHR7ZV6DTC,batch-2,active
98M3PZ7X5C,batch-2,active
X6IE07CPB2,batch-2,active
0GGODVYCP1,batch-2,active
4TCXKBL8Q0,batch-2,active
748MAHN1HK,batch-2,active
IRHJBIN7KA,batch-2,active
WJUCH0EYBJ,batch-2,active
U3LAUZV9EU,batch-2,active
S4SC6UGQWF,batch-2,active
OP65PUVFN2,batch-2,active
9NEXMR3O2L,batch-2,active
TUS8KTWUKY,batch-2,active
39WMFV56NW,batch-2,active
8F9PO6GQKR,batch-2,active
6MEUQ3JXB0,batch-2,active
D1OUXZPO6C,batch-2,active
YPTS4JMEMU,batch-2,active
PLF4972B4Q,batch-2,active
9GJ6ZZAOJ0,batch-2,active
8B613VVEOT,batch-2,active
C2LS7LXXMA,batch-2,active
UZW2VRFK5R,batch-2,active
R4TX30IZL4,batch-2,active
X48R98Q94K,batch-2,active
DM6J3WVF0X,batch-2,active
FZM4LPWS78,batch-2,active
YHHSTUJ7I4,batch-2,active
P1Y7S3OW9C,batch-2,active
DDZAN3S6LQ,batch-2,active
USNCYG5Q96,batch-2,active
AWSPMI24EF,batch-2,active
KL0M5HGQHZ,batch-2,active
3CZ6J5PRLK,batch-2,active
Y4Y5UH2TO0,batch-2,active
VNXUCWMSCP,batch-2,active
ABBPUTG7BK,batch-2,active
2HX6ZB7U1Z,batch-2,active
IE3DDA40RZ,batch-2,active
IARIG21KXZ,batch-2,active
01CUF2I431,batch-2,active
KP7WEOPJNE,batch-2,active
NA9XXH6KID,batch-2,active
AV37QUKFTQ,batch-2,active
H0BPHUHEBG,batch-2,active
XD5NL5DFMU,batch-2,active
5V4AUJTNPY,batch-2,active
17NRT0VW8X,batch-2,active
P9KRHJCGT6,batch-2,active
6U377VFRAW,batch-2,active
D9DF2DU53F,batch-2,active
V0KTH4C9Z9,batch-2,active
HQEUQVC2CC,batch-2,active
V1NG2LL1MV,batch-2,active
RU0J85DAKM,batch-2,active
DL33NZDM3W,batch-2,active
F3DYSS0X16,batch-2,active
0TP4MRMSIT,batch-2,active
EMRCKJRUZ2,batch-2,active
CQF8O27NYM,batch-2,active
6BC10APO2O,batch-2,active
52DA8TQ7H7,batch-2,active
S85964O2XU,batch-2,active
OQS4O8DCNA,batch-2,active
FT1W5FIMCY,batch-2,active
ZYPMWE7OPQ,batch-2,active
9E5A8WOYJO,batch-2,active
HF97PPQZ7Z,batch-2,active
5VZTTP3FPL,batch-2,active
6HH9CS8WSP,batch-2,active
2B1JGIUKYC,batch-2,active
Q2YXUR2UZE,batch-2,active
3B41F2YPA5,batch-2,active
OB4979W4VT,batch-2,active
YR9X4BOYQL,batch-2,active
T60FXKEFG7,batch-2,active
J6Z656RGWZ,batch-2,active
B0IPEFH23R,batch-2,active
TF3TAAGWCZ,batch-2,active
I0NYE9I146,batch-2,active
3KS40B1X71,batch-2,active
ECU6VXGVNP,batch-2,active
XWX7CQLPHK,batch-2,active
WJLYJ23Z42,batch-2,active
1NW358J4NK,batch-2,active
KBBB6XIS99,batch-2,active
YFIDXVS3XX,batch-2,active
NHTW1QEZ8K,batch-2,active
QX8FKWAKLF,batch-2,active
O66A5FCBIB,batch-2,active
GG0IFJNAQH,batch-2,active
IR0JCP3020,batch-2,active
K01P83GA3T,batch-2,active
LR1W2P7OQC,batch-2,active
L25BD745NY,batch-2,active
DATYN7D7NY,batch-2,active
JXGSDA0ZCL,batch-2,active
YTTPR8XY0R,batch-2,active
NQWE8E5NGZ,batch-2,active
SU84CCM9DS,batch-2,active
1UNJUJQXT2,batch-2,active
AC0Q7WJNLD,batch-2,active
T9J5S64W1W,batch-2,active
AP5J2JVXYC,batch-2,active
J38VGRXB4J,batch-2,active
T9GVHSN91V,batch-2,active
VWI0AO01NK,batch-2,active
N4GVHCX1PU,batch-2,active
NPKG6T0ZT9,batch-2,active
AX8YT21BFS,batch-2,active
GRCW2XKXYS,batch-2,active
2EK8PKPEL4,batch-2,active
NZ7WOTO018,batch-2,active
3XOT6GZKA3,batch-2,active
XZUQY34FTG,batch-2,active
J81N01OUBF,batch-2,active
ZNS7MARN7V,batch-2,active
H0C9EVUP48,batch-2,active
7Y4G868Q7G,batch-2,active
GEALLADHE1,batch-2,active
1RFYWE2AHJ,batch-2,active
21L86MCBMN,batch-2,active
5WT335WPBE,batch-2,active
NC9YK2IO0M,batch-2,active
IJTZWDSFZR,batch-2,active
XUR96JP1H9,batch-2,active
Z7J1PM2K6G,batch-2,active
P04F55CPWN,batch-2,active
IH9FGM7FZ3,batch-2,active
B1AU3NWJ3P,batch-2,active
K636F9NQW7,batch-2,active
9EQ51W4ZGJ,batch-2,active
I1DL4J47QV,batch-2,active
5OOV8QP9WQ,batch-2,active
U1VGPOPY67,batch-2,active
F0ZFRKV1V2,batch-2,active
3O2DHBV9RS,batch-2,active
2FMHO561VP,batch-2,active
QUKCGK5QN3,batch-2,active
68DUI0WWCW,batch-2,active
A2KGEW0L6N,batch-2,active
S0NTEV0XH0,batch-2,active
MI3NW6DJYN,batch-2,active
ISEJLD99ZM,batch-2,active
GA6PKRDCRG,batch-2,active
YEK8GCLN2P,batch-2,active
ADKD4DIQQY,batch-2,active
3IU8XA17IK,batch-2,active
G224AWPOD9,batch-2,active
U72UAA2Q0I,batch-2,active
77S5VWVGMR,batch-2,active
X9J4ETRF4P,batch-2,active
8SV3FYMST9,batch-2,active
AJ0ZVPU0RV,batch-2,active
DLF8K71UA3,batch-2,active
VWENPXKXOZ,batch-2,active
G1Z7S976XR,batch-2,active
P81QVS1OPV,batch-2,active
HET1EFOJ82,batch-2,active
QZVUBH54B1,batch-2,active
EJCVP98JO7,batch-2,active
YTE5R05RR3,batch-2,active
YQKVYA3RNR,batch-2,active
B0ENSXF4P4,batch-2,active
6DL6HFMG24,batch-2,active
9QYDIYYYG9,batch-2,active
ZYPP2H449G,batch-2,active
HT0NEIWLNA,batch-2,active
JQ1QQEGM5T,batch-2,active
H7EC22L2DG,batch-2,active
GJZQRQHBT7,batch-2,active
3WVYGWAOON,batch-2,active
JKKNE0DC83,batch-2,active
IRLW79FY9N,batch-2,active
5BPIBY4WDB,batch-2,active
G34HDWIAP5,batch-2,active
FHY43HN12S,batch-2,active
YFZHLL4HZ7,batch-2,active
VWPI5FBR05,batch-2,active
SNWH50YH9S,batch-2,active
C30HCVAHNM,batch-2,active
FAT9S09G7Z,batch-2,active
UX9M82K1SR,batch-2,active
Q14Q1Y73H1,batch-2,active
ZQHDEVURK6,batch-2,active
ZH5C8I405T,batch-2,active
4TTLX54FZG,batch-2,active
ITK7HNE9JX,batch-2,active
MRB7BMXDKL,batch-2,active
AISKFSQGB4,batch-2,active
41W7BD3YN2,batch-2,active
LA5DMZU60G,batch-2,active
JB9ONBQRVS,batch-2,active
9JFWE8R94E,batch-2,active
LO6U7CGGHJ,batch-2,active
RMO5TSKTKS,batch-2,active
7ZNIDG5N7Y,batch-2,active
62UXW0I5H7,batch-2,active
UX5J2MUH1U,batch-2,active
L6SMO6WWHW,batch-2,active
AOMBXGQN9W,batch-2,active
6LDWP9W0HK,batch-2,active
BRDQVAVYI0,batch-2,active
R0N2RI7KR2,batch-2,active
AJ45Y6ZX7L,batch-2,active
QZF6YDUJBO,batch-2,active
TQQ6XC6UJT,batch-2,active
YN7JCNY5CR,batch-2,active
8AU6L834ZM,batch-2,active
YMXREV1R1V,batch-2,active
IUZNUKC2PS,batch-2,active
CR158KTS6X,batch-2,active
ZR5VFC57YR,batch-2,active
KM0SQHKGO3,batch-2,active
VBY8HXOE4K,batch-2,active
MGRJBC461J,batch-2,active
QKP8W0VX9M,batch-2,active
IT596T0WW9,batch-2,active
ECBLH9F7DH,batch-2,active
G91ZL9M0JE,batch-2,active
HNRFEC12N7,batch-2,active
BUOHHYE3RX,batch-2,active
M4V4W0IJ57,batch-2,active
F9UYCACN6Y,batch-2,active
ZV6Z7DYW5N,batch-2,active
QB3OOFAXVW,batch-2,active
T5GKGUDP3M,batch-2,active
LMORSPPV9B,batch-2,active
LFNJ0VQJ0S,batch-2,active
ZCM0J6L8AG,batch-2,active
O3ISXGISO1,batch-2,active
1381TRTRDM,batch-2,active
IFROCN4BWY,batch-2,active
DG1JVTCJR2,batch-2,active
NIXLZ0NMSO,batch-2,active
3PMJT0R9WJ,batch-2,active
YTRUNIIMQX,batch-2,active
5NOVKS32RX,batch-2,active
CEUFA1VQ09,batch-2,active
88A8KW70VE,batch-2,active
EY8N6GM4DT,batch-2,active
TL3PWHBEHW,batch-2,active
CWFBR3UNQ6,batch-2,active
JYSZ5ZSNKL,batch-2,active
T5DT5YK1WZ,batch-2,active
RDQVC1HSF4,batch-2,active
CS03APYCHW,batch-2,active
2VC912PIKX,batch-2,active
IGOCBOX5AK,batch-2,active
58JLAZ23KK,batch-2,active
09TK7646UV,batch-2,active
P673RPGV5G,batch-2,active
H1JRWS91WS,batch-2,active
AUDJDIO3F4,batch-2,active
UOCGNRZE87,batch-2,active
FSVW5QGWZQ,batch-2,active
3QWPP4R5IR,batch-2,active
XBHBTGGU4D,batch-2,active
M5F1RMMU78,batch-2,active
2798YJT7HF,batch-2,active
Q2NG2VZWBV,batch-2,active
IBMMTUCZ8S,batch-2,active
WYN3N86JZY,batch-2,active
XXB9HAIG0D,batch-2,active
J4THS285J3,batch-2,active
9OQX3EYP5K,batch-2,active
MHPW65R8F1,batch-2,active
AHAC5I4M5V,batch-2,active
R5BSFSAKBH,batch-2,active
5KJPM2FWVY,batch-2,active
9AL6RAJH84,batch-2,active
ZMUIMDD72P,batch-2,active
F08WNV30EL,batch-2,active
667QDH3A6X,batch-2,active
2G6J5UDJBG,batch-2,active
AD2R2S03EQ,batch-2,active
4ZSJZV61EW,batch-2,active
SV4KNXY39Y,batch-2,active
4I218WLZ9U,batch-2,active
OEV0Z3Y4CY,batch-2,active
OKGXLTGHX8,batch-2,active
LGZLZ71IK6,batch-2,active
CH6HYQOFMM,batch-2,active
T50YRU21YF,batch-2,active
7NNOUZUN3B,batch-2,active
O9T8C19XUZ,batch-2,active
MAZ9KA76WM,batch-2,active
RP7DF6YRU4,batch-2,active
DEJ3IAS4FU,batch-2,active
4UQH8TDEEY,batch-2,active
JB0LFT7Y11,batch-2,active
12ST4HEA1Q,batch-2,active
BX6QECZNR5,batch-2,active
EHS88XNDEH,batch-2,active
5G53U7RVSN,batch-2,active
ZR427VQ863,batch-2,active
KK3VTJMY78,batch-2,active
YX4TILWNE3,batch-2,active
TQYU2NJWZ1,batch-2,active
PFYQGO3QYX,batch-2,active
ZVRB4SSVJK,batch-2,active
552TVEC4OV,batch-2,active
MMGEMPSW8W,batch-2,active
4TBN1F1OYP,batch-2,active
37SRX5NAZE,batch-2,active
A58EMH74UJ,batch-2,active
ZN7S1GIATA,batch-2,active
L3OL1TH7LE,batch-2,active
PNYBOS3KOJ,batch-2,active
PTF7RVMVX4,batch-2,active
B2YSBMQBBF,batch-2,active
O46H7G0H7S,batch-2,active
H15HLYUDGD,batch-2,active
Y1QVAMNIDB,batch-2,active
BTIRGGC39M,batch-2,active
WAPHWDM45Y,batch-2,active
JBCDOFT22F,batch-2,active
NAY8FAMN2E,batch-2,active
BFG0MNHFME,batch-2,active
2BVOEPFX1V,batch-2,active
6KE5I4V0TV,batch-2,active
KJ0NBVWWEW,batch-2,active
RCTW9MU35H,batch-2,active
WJTR54YH7E,batch-2,active
Q8I2Z6CID8,batch-2,active
9JDK7N5W58,batch-2,active
MA524YAADA,batch-2,active
3Y7UVL14I4,batch-2,active
4NQGJJKNLO,batch-2,active
PF12A127CA,batch-2,active
0K3FF1BU63,batch-2,active
M2QG8Y35OZ,batch-2,active
0P2I5APCZ5,batch-2,active
O1E95ZK0DZ,batch-2,active
PTN7ZDC9AC,batch-2,active
OVF64VL6TF,batch-2,active
85HBFOUY12,batch-2,active
7GY0N5RPNH,batch-2,active
08X8VL4U0Z,batch-2,active
V4MI5AV618,batch-2,active
CQCSJQ4FZQ,batch-2,active
KFE86UTB7T,batch-2,active
O0LQZGLA3W,batch-2,active
059KQANYPA,batch-2,active
C52CJ20MQ0,batch-2,active
ZNVL234KTK,batch-2,active
DX90F25ZLB,batch-2,active
U77V21XWJS,batch-2,active
LCWLC9Q0TG,batch-2,active
QP7QQOXDT7,batch-2,active
F3YF2HOPSM,batch-2,active
THPP0LZHTL,batch-2,active
3Z3K1T5LD0,batch-2,active
Z9I5DIPF8X,batch-2,active
IEFJO11L25,batch-2,active
PE8U0N53IZ,batch-2,active
B8RPJ5CAOY,batch-2,active
R6SXUV8Z9J,batch-2,active
4680AKF6M1,batch-2,active
7EY0WEU9QP,batch-2,active
EVA7K3ISH0,batch-2,active
YA0WLOHGZS,batch-2,active
K5UCVQM6J4,batch-2,active
SXNBSG4SXL,batch-2,active
RK0L646ATR,batch-2,active
EUF5FYU3W5,batch-2,active
XM7CE06QUU,batch-2,active
A1WUHSIB0P,batch-2,active
9G1MPJMYWO,batch-2,active
R907LBUJEM,batch-2,active
32JSUPB1VK,batch-2,active
2M0CJO2WW9,batch-2,active
SET5MQOCT5,batch-2,active
ORFJQWDLGE,batch-2,active
1R9CORADS6,batch-2,active
QSK2E4CHG5,batch-2,active
A896AVA8KP,batch-2,active
RQPFJJR1ZB,batch-2,active
N1KROBZH7T,batch-2,active
54O5O3ZT32,batch-2,active
ILTX698RAF,batch-2,active
9O1XSR4ZX3,batch-2,active
EMRER32ECW,batch-2,active
MVL2261JSM,batch-2,active
25JB2QE1LP,batch-2,active
WPP3K1G8IX,batch-2,active
EHWFXZE6DA,batch-2,active
U8SWUTWJQI,batch-2,active
CVNMQ315VD,batch-2,active
JGEF4FUMWJ,batch-2,active
0Q7G8N8BLR,batch-2,active
FSJDHBAG9D,batch-2,active
5MAU3YBCBU,batch-2,active
H0GFUJYVBV,batch-2,active
0G2CPPKR1K,batch-2,active
HLJCYNQXEJ,batch-2,active
OP49KKHU94,batch-2,active
J2NKFP7BT5,batch-2,active
OMTUZK50DO,batch-2,active
2XNZVPXWDY,batch-2,active
UZX3KEK3US,batch-2,active
IS0QGPCPPS,batch-2,active
GYANY5LUOK,batch-2,active
TYYDQO245M,batch-2,active
PTVWUIOZLE,batch-2,active
ASD1E6RJQP,batch-2,active
50DNMDU0VU,batch-2,active
Y3R5EYN4EJ,batch-2,active
Q2KNKFK5Z6,batch-2,active
5DVIIVP1OV,batch-2,active
LMTQZLEIEU,batch-2,active
7H9SMTHXRY,batch-2,active
4LFA1M8HQ1,batch-2,active
PMJRVYSCXX,batch-2,active
XF709VHAUB,batch-2,active
PRJBUAMTMR,batch-2,active
8IXL51L2FJ,batch-2,active
K28990UB4L,batch-2,active
6NDNKPACNV,batch-2,active
2FBBDF4IBH,batch-2,active
5RR007Z4Z7,batch-2,active
NCM8BYBI7G,batch-2,active
FDX617OLR2,batch-2,active
OY7B4BFJJ4,batch-2,active
DX82YJFT27,batch-2,active
DA2ZY42CUD,batch-2,active
MENI6G8VH3,batch-2,active
2ZR2QJDO7M,batch-2,active
VFHS81KDI3,batch-2,active
LYYBAL173W,batch-2,active
VKCA9R9A9C,batch-2,active
7SQRRGK9DE,batch-2,active
FLN65DVDA4,batch-2,active
XYU6WMOAHZ,batch-2,active
XSYHIK9HZ2,batch-2,active
I9BBI0QXE9,batch-2,active
VGAFNB1B0W,batch-2,active
JW5YUNLWYU,batch-2,active
TVNLXGZMYN,batch-2,active
Q2WCWM3XK0,batch-2,active
OMMYEKMVYX,batch-2,active
H1OJFOKLBT,batch-2,active
Z7GE430KM1,batch-2,active
NCKTQ8NJR8,batch-2,active
M2CP0B2E3U,batch-2,active
H8RA31F53O,batch-2,active
DXV9FTCFIZ,batch-2,active
S104TQIAMD,batch-2,active
V9WNCWJOU3,batch-2,active
SO00EIME3D,batch-2,active
EVCO5BKTXC,batch-2,active
SN6YLJ4LS4,batch-2,active
19P5HWCV6E,batch-2,active
9UD7AFYPVR,batch-2,active
OMGDHL8SXU,batch-2,active
I4K26GMVHY,batch-2,active
I8GGMAE9XZ,batch-2,active
FOP0ZY6QFW,batch-2,active
P2EJSAX5LH,batch-2,active
V16ZTRQLQF,batch-2,active
OND8H02BB3,batch-2,active
9B3G4C2X50,batch-2,active
L4JB0A2EGT,batch-2,active
XKFMM2CRFH,batch-2,active
Q4G2CCULPE,batch-2,active
VNGUZMYUBT,batch-2,active
CCXVMEX7H6,batch-2,active
7J6IAOYO39,batch-2,active
ZFK4OAK9T7,batch-2,active
ORHD82S2V5,batch-2,active
HN4FQYHC10,batch-2,active
SSBOGZKLYX,batch-2,active
BX4HAXKTVA,batch-2,active
26QTTZ49HD,batch-2,active
FZUIPSZASA,batch-2,active
FYKETSOYFX,batch-2,active
NRNKEQQ88G,batch-2,active
BUY4L1ING1,batch-2,active
UXABZA4E3W,batch-2,active
PLG72KKF01,batch-2,active
WKS8H7WX6V,batch-2,active
7IYKY9YSNW,batch-2,active
TZ800PR9KD,batch-2,active
5CS6J0F0FO,batch-2,active
NUJTWEK1UK,batch-2,active
M2VNT61MUF,batch-2,active
AGAOROVDT9,batch-2,active
5X19PKMU1Z,batch-2,active
LXW2FR2T5N,batch-2,active
79GFJX81XT,batch-2,active
88IWKAP8TD,batch-2,active
H6PEB222QJ,batch-2,active
LKFV3MHGO5,batch-2,active
HPHOB72YMM,batch-2,active
2QX9C9XUJ4,batch-2,active
GYYLBW1Z2Q,batch-2,active
S7AIC9D4KN,batch-2,active
VHKD3EUX7S,batch-2,active
ZMMR49H367,batch-2,active
RT5KD9V5Q8,batch-2,active
OT62QFG5AJ,batch-2,active
ZVX8IYGDUU,batch-2,active
WRRJGB7PY5,batch-2,active
4AXFSJTL2L,batch-2,active
OTXBBN6787,batch-2,active
D0EYOU92CV,batch-2,active
L95QNEZA1Q,batch-2,active
LD5Y3E499H,batch-2,active
SVSSRDS8WV,batch-2,active
FYWAS1SC0J,batch-2,active
CDMJJY8X73,batch-2,active
ICNZGFNBPU,batch-2,active
1BFOVO9BDT,batch-2,active
HYFM2G0MWN,batch-2,active
7GVA5ECCFA,batch-2,active
FC6QPUDHNW,batch-2,active
TOGLVZFYFM,batch-2,active
5W43NVJUJT,batch-2,active
1E555M0GKJ,batch-2,active
JBUAN7Y8RJ,batch-2,active
WGMA5T6LXM,batch-2,active
80CG4IM9ND,batch-2,active
023YZI420R,batch-2,active
OIY00009QK,batch-2,active
DN3EQYRRFQ,batch-2,active
H6029JTAND,batch-2,active
28FTHP70QA,batch-2,active
6T7WIKH4SQ,batch-2,active
9O1QPJJN1D,batch-2,active
9AFZQXHSFP,batch-2,active
XF1TRII7QI,batch-2,active
SIEKR9V7IU,batch-2,active
OKE308MBQF,batch-2,active
C86OEDC6EO,batch-2,active
BJ58Q5K3F0,batch-2,active
SWHQYR04AR,batch-2,active
CIVY3QXS6V,batch-2,active
OL0U734AHA,batch-2,active
UOFG8HBJEO,batch-2,active
5KC7TK4QGQ,batch-2,active
7VBUCTLVTZ,batch-2,active
UV9QDLN897,batch-2,active
IF6U72WQQH,batch-2,active
O65B3R41IU,batch-2,active
WN62ZT32CU,batch-2,active
J4ZS50ENGV,batch-2,active
98DC8LVBMO,batch-2,active
A89OV59MJW,batch-2,active
LB0PPWFCOE,batch-2,active
AHUW31QANB,batch-2,active
QP3JHNNB4P,batch-2,active
WNH11HA6GK,batch-2,active
H4GQWUIYWV,batch-2,active
AQ8EVD053K,batch-2,active
3L06FZ1TVT,batch-2,active
5OPEQSEOXP,batch-2,active
F6LDIAPMQ0,batch-2,active
WAELUO9YUA,batch-2,active
Y9EP9WRXQ5,batch-2,active
DCBLC69C10,batch-2,active
LKO2WPL477,batch-2,active
LVR22GMEYK,batch-2,active
OVXZGGNHFX,batch-2,active
1YGKHE9PUW,batch-2,active
7GMMRO4NIE,batch-2,active
IM2ZHLUG2B,batch-2,active
M1BOPBAJVL,batch-2,active
OCXMYDIKBD,batch-2,active
T0VN84H4XK,batch-2,active
BLOYMA6B6Z,batch-2,active
HLK8FWS4T4,batch-2,active
M14CJ3LLVY,batch-2,active
2DL5HD2K5Z,batch-2,active
IASC7CNE6R,batch-2,active
WI52CWJFO4,batch-2,active
VZ48AUJSN6,batch-2,active
FX09OHR7MC,batch-2,active
B3ISLI7G0W,batch-2,active
S54PON5RHG,batch-2,active
QA6CQIKQXD,batch-2,active
3FIYG5U6II,batch-2,active
F12PKACJXA,batch-2,active
1NBY7CLJWG,batch-2,active
ZAJLPAIJJV,batch-2,active
HEMWOOX51P,batch-2,active
7IC79LOW06,batch-2,active
OPGJTAF70N,batch-2,active
KS1WXFAO86,batch-2,active
XEP0LB8UUX,batch-2,active
A0BJJI74F0,batch-2,active
0YY5MVYJJT,batch-2,active
KH4SA062IR,batch-2,active
TG88L0779Q,batch-2,active
00Y8J7PQMU,batch-2,active
UODETRE0EG,batch-2,active
4OP0UF6DH2,batch-2,active
COPJQ4EIP6,batch-2,active
P1VF4SLUMM,batch-2,active
RB3ZJWAUXR,batch-2,active
9GPF6MQNSP,batch-2,active
QF8XDB1LDY,batch-2,active
N8W8C6CMHD,batch-2,active
55RFSJ5GES,batch-2,active
I12IGK74ZP,batch-2,active
7AXRIQB6AV,batch-2,active
J4UUDNMZ9Q,batch-2,active
NZTSAW4HXC,batch-2,active
9QQA0KRKVL,batch-2,active
8614ALM2BP,batch-2,active
HSNQL2PIW1,batch-2,active
9H14Z6UJCW,batch-2,active
15QOB2EZ9F,batch-2,active
UY2ISPPXXV,batch-2,active
LJ3RAB8K47,batch-2,active
96E7R99UN1,batch-2,active
9R3JRLVSDP,batch-2,active
JYMK78T6WS,batch-2,active
7LJ0L2O7OF,batch-2,active
7OA3HMRTLP,batch-2,active
UG9FAD4EVU,batch-2,active
VZD1MQPQO4,batch-2,active
RSJ1CRVGKZ,batch-2,active
7FH8J6DIBJ,batch-2,active
WQ895TA8PF,batch-2,active
TBV8Y1AIAM,batch-2,active
5VVT7A4B2D,batch-2,active
E75XZQAPV3,batch-2,active
AS25CX4WQL,batch-2,active
2LDKV5OA83,batch-2,active
KI62WG2I69,batch-2,active
P0OR018Y76,batch-2,active
ETVIJWCFDM,batch-2,active
J5OVMQPB7D,batch-2,active
R6IQHTDS4K,batch-2,active
5SKE6N3968,batch-2,active
KKPZF6DBPJ,batch-2,active
G2DWN4DJR7,batch-2,active
2UQJ629XJX,batch-2,active
QTOF5NCYOW,batch-2,active
FQBSEXJHSW,batch-2,active
40Z7IS32Y5,batch-2,active
FMIEQGZXUU,batch-2,active
72BD7YJ2LG,batch-2,active
OQ17J9UQG4,batch-2,active
NL0CZKNLS8,batch-2,active
XS0DLXZ6XE,batch-2,active
DVEYBVKNV9,batch-2,active
3IBA59VNGF,batch-2,active
3V7W8OR4BB,batch-2,active
L3NWTY0OL0,batch-2,active
O0WM017SBO,batch-2,active
KZQY6ACK47,batch-2,active
NP591TSALC,batch-2,active
LGWCN8OJA0,batch-2,active
5PY1RJE5WY,batch-2,active
OX3USUA5N1,batch-2,active
FUBNL1PY9Q,batch-2,active
FBBDJG1RRG,batch-2,active
9CA1HCCSHP,batch-2,active
R3K8AY1OVD,batch-2,active
75D784MCHJ,batch-2,active
COB8ZXJ1JQ,batch-2,active
4XVHU1VFO0,batch-2,active
NFB18C5PIH,batch-2,active
U65PGIHB7P,batch-2,active
2VJZGMNT1K,batch-2,active
6WI21SRRBM,batch-2,active
D1QW4GUPU0,batch-2,active
65C69Q01CT,batch-2,active
3KN8J8JSCQ,batch-2,active
VX5331J8PG,batch-2,active
ZY4GT92F6E,batch-2,active
RBEPTT3JNQ,batch-2,active
MVJ3TMM6DE,batch-2,active
GGFIHK99MH,batch-2,active
INRSNJX4C7,batch-2,active
XG76VHY3N0,batch-2,active
10A0PI1WNS,batch-2,active
E4JHUZLWTJ,batch-2,active
R2OYKGW5YH,batch-2,active
ECLUVY0MW4,batch-2,active
33L2QLD2SB,batch-2,active
AA5W95OSV8,batch-2,active
DPFE279SWT,batch-2,active
SZMZ5SPPJB,batch-2,active
1PQSG2OG1H,batch-2,active
8IQ2W3RPIQ,batch-2,active
TVOZO3XCG9,batch-2,active
TZIKXU1OSW,batch-2,active
D37F4MV51B,batch-2,active
RAEK1MPRQY,batch-2,active
WGS54GS349,batch-2,active
BJUD48C89T,batch-2,active
4FA3ZQXYX8,batch-2,active
PPOV2WQROS,batch-2,active
2GX0HEV7LB,batch-2,active
9IU9ZPOJR3,batch-2,active
6D8A977IKO,batch-2,active
2Y01VC5NKX,batch-2,active
WFVI5H19PJ,batch-2,active
PZCIM8W6NX,batch-2,active
C2IB0Z7H24,batch-2,active
WG15E40V6L,batch-2,active
ZOXVPCCJL8,batch-2,active
E0V3ASMB06,batch-2,active
7N8CQ6UOYO,batch-2,active
0RQZ437MJ3,batch-2,active
BMQT6AGLNN,batch-2,active
82QWVCMVAZ,batch-2,active
EJODBLWCET,batch-2,active
0UDTUZB19N,batch-2,active
H1KNDW9FV4,batch-2,active
KBQFQXZFN2,batch-2,active
WAESNLAYDJ,batch-2,active
IW7DCYOT4V,batch-2,active
XHL6I4YN5T,batch-2,active
3J3AA7BSE6,batch-2,active
ZD5A5RYA58,batch-2,active
TJ8MAXBODN,batch-2,active
NHFX4DMQGA,batch-2,active
MGH1BP2NY0,batch-2,active
R3XQMVH94E,batch-2,active
H1ZO4E8T49,batch-2,active
Q8COPK2ZQ7,batch-2,active
RJQC7WEARH,batch-2,active
1GGR78U2RU,batch-2,active
8R82SDXHQW,batch-2,active
917P0VRISN,batch-2,active
SIC1T0ULZ1,batch-2,active
SF2CJ0P10M,batch-2,active
VJ95GA3NCW,batch-2,active
N0NEKFQP9Z,batch-2,active
FOCZ5334FX,batch-2,active
NC9MTTV5YE,batch-2,active
WGOCJVPK33,batch-2,active
QPBM76JBYP,batch-2,active
8DTYTOG3RP,batch-2,active
AONK1J9WGM,batch-2,active
IOPWTQWQRW,batch-2,active
PAZI31S2D6,batch-2,active
MSJ3LZ6M6S,batch-2,active
UMRBZ871YB,batch-2,active
G3QH7AFMHF,batch-2,active
69YYX39IW4,batch-2,active
9PJLY9GFLH,batch-2,active
OWY0YD7V59,batch-2,active
1JTXW06TYU,batch-2,active
BEFLSC6R1M,batch-2,active
2JD0029YBW,batch-2,active
A1CSKOPRMC,batch-2,active
3629E1OK3O,batch-2,active
VCK6KEC4VW,batch-2,active
OOEUW8042N,batch-2,active
IGNILHGXYB,batch-2,active
84LKS2S9QL,batch-2,active
CACRO1B69Z,batch-2,active
TNZC8V7AH3,batch-2,active
T5ALU7OZNC,batch-2,active
XKNYL2BR5P,batch-2,active
ZYUFPGC5OY,batch-2,active
GC0KXG909S,batch-2,active
BYM1BSDJS0,batch-2,active
KQFA5QLC4B,batch-2,active
GF73XTG7DN,batch-2,active
LCIM8PWL18,batch-2,active
3XOGWEU2NQ,batch-2,active
XKR5D2BL7X,batch-2,active
WGHZKU34SE,batch-2,active
WKYK25Y9YO,batch-2,active
6AGA4NL8UU,batch-2,active
IFCIF938XA,batch-2,active
QI53J4NG6Y,batch-2,active
IZSVKUWC8P,batch-2,active
3H9XKDO3X8,batch-2,active
XNPF5WE97O,batch-2,active
EAZ4UL7X5O,batch-2,active
VLC80TYE0D,batch-2,active
L8UO13Y701,batch-2,active
WS3ZN2LEPN,batch-2,active
C1QAW3ZLW5,batch-2,active
WIZOZ4CN1L,batch-2,active
EOLA334R9X,batch-2,active
2VRKQ3OSX0,batch-2,active
QUY8LJG1NH,batch-2,active
8WJS3QA0GD,batch-2,active
M6A9BHM2B9,batch-2,active
J7OIICSM9V,batch-2,active
KYB4AY3H2V,batch-2,active
X0ER99AKRV,batch-2,active
9WNITNYUKO,batch-2,active
VLZI9NMJ7C,batch-2,active
O2CVD7SCJ5,batch-2,active
6XRIQ9GPSM,batch-2,active
2OZAPYG6UE,batch-2,active
F2F0AQ19T4,batch-2,active
3E2RZP79F4,batch-2,active
GGLIHZ85UY,batch-2,active
C54N42T5WO,batch-2,active
LCJF1V19DM,batch-2,active
FPISYQWZZK,batch-2,active
9QY05PJV94,batch-2,active
Z7HI2FD7SH,batch-2,active
PH9OOAESRB,batch-2,active
HBLRWM7T3A,batch-2,active
DLO2KZPTC0,batch-2,active
U6RGYWKWQX,batch-2,active
PET2ODP604,batch-2,active
FD40C4U23N,batch-2,active
MQT40YUDE3,batch-2,active
2NP1CK6G7F,batch-2,active
78SZ0M1ZR1,batch-2,active
ET3KW12SSX,batch-2,active
W20H9JGP2M,batch-2,active
BQN4F3SZLZ,batch-2,active
MBK20H43JD,batch-2,active
LCM1CTJRKZ,batch-2,active
UVATNID9MH,batch-2,active
U8EPZ2J19A,batch-2,active
PRO4Y9UUBB,batch-2,active
3QMB3RAHKN,batch-2,active
0T51WJOLPC,batch-2,active
DBCRSF1ELX,batch-2,active
LHWI3VC9JM,batch-2,active
C2K06QP9TP,batch-2,active
C7CV17BIJ6,batch-2,active
JR7LONMQ3Z,batch-2,active
F1YUN2IGFC,batch-2,active
7UO02YGTYU,batch-2,active
LIA9Z0KXGL,batch-2,active
05NGAGE6WK,batch-2,active
PGI00NGZVY,batch-2,active
8Z7Q2I8Q2Y,batch-2,active
FPP63X1OJH,batch-2,active
O4VXNSPSRO,batch-2,active
N7I72LTOK0,batch-2,active
FCHBH49WCZ,batch-2,active
BDCLH9OI37,batch-2,active
IERORJ2A0L,batch-2,active
R1U3AVCQ9A,batch-2,active
A1D6R0N2Z7,batch-2,active
TPP7BRO87F,batch-2,active
RUKS62VCXE,batch-2,active
J8CQDAL9KG,batch-2,active
ZTG4UEF5KN,batch-2,active
P8BARBRXAW,batch-2,active
AIYX5L1QZ5,batch-2,active
2VCFW2DREF,batch-2,active
I3DSGXX4ZU,batch-2,active
898429CMAI,batch-2,active
3827NSYBNN,batch-2,active
YF8TU3DB8O,batch-2,active
0JQXRFBTS7,batch-2,active
2AFBLI5FQ8,batch-2,active
MG4C3L851Z,batch-2,active
6V3EO489YG,batch-2,active
2HDBIWAXO1,batch-2,active
QU5CANCE1Q,batch-2,active
PMYVW8B0CI,batch-2,active
Y22SQNES4G,batch-2,active
AGHIB837TY,batch-2,active
DAUGIZQ88R,batch-2,active
KALP55IJH5,batch-2,active
IDET7TPHNH,batch-2,active
4AFCS65HRK,batch-2,active
VJCOGHE1Q2,batch-2,active
SERV64JDT8,batch-2,active
MSGPYZ3BDT,batch-2,active
GLCK7EAWYM,batch-2,active
5TI0YS7T5Z,batch-2,active
MYU6K7O1WB,batch-2,active
JXPHR5B6Y9,batch-2,active
ZHRA1TMFS7,batch-2,active
VMWYLC8HO7,batch-2,active
7S9WVDQ6IR,batch-2,active
LJHWYIBSVX,batch-2,active
83KKY7K2ZL,batch-2,active
X3E0JFSP66,batch-2,active
0YOLNNXRDJ,batch-2,active
6D4ICAEZ0F,batch-2,active
CVCU0848HJ,batch-2,active
MDT773UJNC,batch-2,active
C9A74FTGG1,batch-2,active
3HDRY7UXX8,batch-2,active
MPYY94UHXB,batch-2,active
QSA2TJL2IG,batch-2,active
A02AH18WM6,batch-2,active
K6GNH293CK,batch-2,active
SOWP7Z1CI8,batch-2,active
N0MMOK8QF7,batch-2,active
TN8LOT875K,batch-2,active
9NCHT6PR7E,batch-2,active
PT69DI3IF7,batch-2,active
1FFJHLNY21,batch-2,active
F71KBIXPQH,batch-2,active
ARYIF1P0S2,batch-2,active
57ZP6GFSC6,batch-2,active
IRMEFS3ZF9,batch-2,active
D9SFM0P7M7,batch-2,active
O31HQ4L1LS,batch-2,active
K65D57SB3Y,batch-2,active
HGXBOH1MRP,batch-2,active
O9AHA2Y9HV,batch-2,active
DNDCQNUDCQ,batch-2,active
IJQHP0I7WX,batch-2,active
DY200PHBPC,batch-2,active
7IPWIVGO9I,batch-2,active
ML170SOKFC,batch-2,active
2J7DE1BND0,batch-2,active
6VFELTBK5O,batch-2,active
FEWDQYETD4,batch-2,active
466WGCJKED,batch-2,active
097ERGQ1Y9,batch-2,active
0B9FU8JDY5,batch-2,active
2WH4UZUZNA,batch-2,active
UOW0IHEMK5,batch-2,active
PV8XGIC7R0,batch-2,active
P625XMVSL1,batch-2,active
KYS9YX96HB,batch-2,active
GJTGRRIDKB,batch-2,active
CTB23JOJBG,batch-2,active
9ICQD7TEHN,batch-2,active
CHAW1GF0QF,batch-2,active
7JUM8Z5I6E,batch-2,active
6QIXEHRD8V,batch-2,active
UO0UP5MYCP,batch-2,active
X0EOC66WP5,batch-2,active
EHX0K466GR,batch-2,active
MM4IERN8SX,batch-2,active
YA2F8A4M5H,batch-2,active
ORM7MQZDUG,batch-2,active
AF089GR9T9,batch-2,active
S813GNKNSW,batch-2,active
PK9XTIZT7R,batch-2,active
4JMPPAO5XJ,batch-2,active
1ACYY0YLSN,batch-2,active
GR6SGYU0JO,batch-2,active
OYE5J6ZENQ,batch-2,active
PKC9ULKNO8,batch-2,active
BAYGQCM95J,batch-2,active
MZ6GJH4Q2H,batch-2,active
QTFVVZQ760,batch-2,active
O1Y3CDFVKR,batch-2,active
IHSPXJHDZ3,batch-2,active
9XFTO0UXPL,batch-2,active
YD0E8A1FZ3,batch-2,active
IXIMWHIXPL,batch-2,active
XFOLR3V8JH,batch-2,active
AGU9SY71Z0,batch-2,active
MIQICI55RB,batch-2,active
3W87H9ASPB,batch-2,active
2DM4W6QSCV,batch-2,active
SKHECFMP96,batch-2,active
AE77N3WXTL,batch-2,active
YHC5GGV7H8,batch-2,active
IZ1TGZLUMH,batch-2,active
PAWTBI7NJI,batch-2,active
27MQH2E1YT,batch-2,active
RSKUXW19WS,batch-2,active
2HTHMV4JD5,batch-2,active
RGGCPYBYAL,batch-2,active
Q2E9NSMG4Q,batch-2,active
MU6A8RO9WS,batch-2,active
1X031LF5K2,batch-2,active
AU6ITJLKTO,batch-2,active
FPTTB8DL0E,batch-2,active
20DS8X0VXY,batch-2,active
H31U0NN0A8,batch-2,active
34MRFD1DTE,batch-2,active
ZDZ5VWB54T,batch-2,active
YZXXQWM5G9,batch-2,active
XRK6LI2M9Y,batch-2,active
WKH6P6MR7E,batch-2,active
W1ZV26WAWT,batch-2,active
RDQ5M8DB8Z,batch-2,active
SPLHHFRL5S,batch-2,active
EYRJD392H1,batch-2,active
HP87RAQ93J,batch-2,active
FPPZX0H4QW,batch-2,active
EUR1T73V7I,batch-2,active
DC17I7E0BU,batch-2,active
VAVSJCLIJA,batch-2,active
WGPTY7K3KT,batch-2,active
QJMTGAEO0P,batch-2,active
9KZTR5D7KC,batch-2,active
IPR9CR7M4F,batch-2,active
AUEVQ8IPH1,batch-2,active
4U4RDIOHO2,batch-2,active
4KFK8S2ADL,batch-2,active
F0DVO0SFUG,batch-2,active
R494OXNJB8,batch-2,active
KFAVVFWKSV,batch-2,active
TXBJH3VG9Z,batch-2,active
7D49Z7NPZV,batch-2,active
Y8WQZ3A57D,batch-2,active
9EO8K4W2XP,batch-2,active
8HVSRO0732,batch-2,active
L72GYYNFM1,batch-2,active
18PSR5ENR3,batch-2,active
ZV7HIFVH5T,batch-2,active
5Q9AD1G6O8,batch-2,active
ZM2RS0NFCE,batch-2,active
RYLUBWWA18,batch-2,active
RHADGTKVWE,batch-2,active
U4NCIGSUC4,batch-2,active
FDOJH7TUMZ,batch-2,active
C5OUM33LLD,batch-2,active
7I2T0GI5IY,batch-2,active
412O9AMUVX,batch-2,active
762KXLT35P,batch-2,active
OXI103H3U3,batch-2,active
B7Z9KW4UI6,batch-2,active
ULCG8NW0B7,batch-2,active
LB0FX2V8MP,batch-2,active
DE9G9A6FP4,batch-2,active
139P4OIZMS,batch-2,active
XHIJHMMBLE,batch-2,active
IZGWDG8HVN,batch-2,active
HGNJ2CGAJV,batch-2,active
ACNTUT1OCP,batch-2,active
N3VE1N3RM2,batch-2,active
F579XYPFLW,batch-2,active
89K9WJPY0S,batch-2,active
H4HDBXL373,batch-2,active
E9A36Z79CI,batch-2,active
S06NLNPUA8,batch-2,active
MNN69R5IIR,batch-2,active
HJQM2W8CXV,batch-2,active
6PJJ47MGVQ,batch-2,active
IOZHO68C8N,batch-2,active
TMVKLTHO30,batch-2,active
BKSR6003C6,batch-2,active
OA9UK69LVX,batch-2,active
MO9PDKSY6C,batch-2,active
OIEYCRMECI,batch-2,active
P2STU2U2M9,batch-2,active
C7WPF5A0LM,batch-2,active
EO9EMP6QGA,batch-2,active
QSUBDUMHL4,batch-2,active
AHCMWLH4HQ,batch-2,active
TSBATRBTK0,batch-2,active
LL3BHHUA82,batch-2,active
0LD739JB5R,batch-2,active
UN3INPKYAV,batch-2,active
JSZ9Y2FZF6,batch-2,active
0B3RGIPR46,batch-2,active
BMTFLAR6JX,batch-2,active
60NZEUHUCY,batch-2,active
FL50M88C8G,batch-2,active
YXCZTO7361,batch-2,active
0BUDOXE6VP,batch-2,active
7JXY7X0E7B,batch-2,active
XGZ62IYYZJ,batch-2,active
QCLLG5P0OQ,batch-2,active
M1FG1A36O0,batch-2,active
K0K0TB5QCO,batch-2,active
M70SSX5899,batch-2,active
X9W22BJUWJ,batch-2,active
GS0JNPFW2A,batch-2,active
TKCNVXQVV4,batch-2,active
PW239K2QTZ,batch-2,active
RN3WYE1733,batch-2,active
TD0WKBK5NK,batch-2,active
B52KI4IDD1,batch-2,active
JG30NYA4N5,batch-2,active
ENRZFX85QP,batch-2,active
SKWZGX7LTW,batch-2,active
NLYPW5347A,batch-2,active
S4SU2MUCIX,batch-2,active
HEHD4X5M94,batch-2,active
SSJI9XU9M8,batch-2,active
6LFTZ9XXEV,batch-2,active
V5XFK78QXM,batch-2,active
K9H98XZ4EP,batch-2,active
BACFKHHS8U,batch-2,active
DJUND88W6Z,batch-2,active
LZMDXI7P20,batch-2,active
J8W4ZRR6GX,batch-2,active
A2ZWV6EZ73,batch-2,active
2QX0ORBOE8,batch-2,active
SZI9JMWWDS,batch-2,active
4OJMC1SIO6,batch-2,active
ZIUPI092MA,batch-2,active
TNNHXM3HUQ,batch-2,active
2S7AQVC65Q,batch-2,active
E70526TBQA,batch-2,active
FBB4PIFW9F,batch-2,active
G5A7NBA0IK,batch-2,active
55J1XSYCDR,batch-2,active
LICWCPJYA4,batch-2,active
L4T2WF1CRY,batch-2,active
CAEQG7FXWO,batch-2,active
DIIRWOLASU,batch-2,active
ZCRZRDKKLJ,batch-2,active
1V01JJ10L7,batch-2,active
J3UYX8G2NO,batch-2,active
3JALO8WJD3,batch-2,active
UVA738LBFE,batch-2,active
QJWKBU4ZZC,batch-2,active
EORRAVQ5KJ,batch-2,active
FYGE9A5YLZ,batch-2,active
PHBL5SEADJ,batch-2,active
6EZ0XOUU4J,batch-2,active
P28C3DZVLD,batch-2,active
KZIW5FX2U1,batch-2,active
B005YJ9UEK,batch-2,active
CR9ST5OEJX,batch-2,active
N1PJ2E1BUH,batch-2,active
SN9UC9ER7I,batch-2,active
B1WHYFUTW9,batch-2,active
4Y9QYPENLX,batch-2,active
11FOR4A740,batch-2,active
M0UDHK6T45,batch-2,active
094J0221KD,batch-2,active
FAY1JOQFPT,batch-2,active
P6AU7K1CO5,batch-2,active
FO6F0JLRDN,batch-2,active
UUDNHQY940,batch-2,active
8DYBNGRZZW,batch-2,active
JFC2JEBMXZ,batch-2,active
LKYQYJZC2E,batch-2,active
6CLNLJHLZL,batch-2,active
YMKK3DYM4V,batch-2,active
JMEBGBVAMH,batch-2,active
S0R1LTRSG9,batch-2,active
ZN7UTTRZ0T,batch-2,active
5A9HDECXT9,batch-2,active
E02S6MYMIA,batch-2,active
FVU88UK1JL,batch-2,active
R75FB56SMK,batch-2,active
H71BGGC9L7,batch-2,active
SOIWQ04F8P,batch-2,active
HSTSYMIVUP,batch-2,active
OS9ELHX92I,batch-2,active
UVPR4P2R0M,batch-2,active
YIUEMW6I6G,batch-2,active
0NNF9YYUX3,batch-2,active
D0XOIUS2DX,batch-2,active
W9PTSHTD76,batch-2,active
MEHC70DH3H,batch-2,active
6QZ837RLJL,batch-2,active
NTVKBI12FE,batch-2,active
FZ4FYNM3BG,batch-2,active
948JO6SRLL,batch-2,active
X6CQZDES4H,batch-2,active
BM8AN6AENO,batch-2,active
G9F1HVFKT7,batch-2,active
7U559RDVAX,batch-2,active
FPTSMSDD2O,batch-2,active
12MGA0P8HR,batch-2,active
R0BPS1Z69R,batch-2,active
I62VHJSE74,batch-2,active
VQAJO53R2F,batch-2,active
V7LB9O1E0E,batch-2,active
P68NW6LKYM,batch-2,active
R0M82QSL91,batch-2,active
DTRNW3P5PY,batch-2,active
DT6O8DDEB3,batch-2,active
WPP18J92RL,batch-2,active
YU4QFY3G31,batch-2,active
HQ0ZZLM4NN,batch-2,active
5NTJYD0FI9,batch-2,active
EGIJTPS3JA,batch-2,active
T1F9SMI8DS,batch-2,active
80QPUFNTVU,batch-2,active
1YWPGW5MQC,batch-2,active
I4GFDK7KSA,batch-2,active
BB21XEY2QJ,batch-2,active
YX39TEBEY6,batch-2,active
59IOJBN53J,batch-2,active
C8BA9YCTCR,batch-2,active
52AOUS3ZNT,batch-2,active
A5DDJD2WZF,batch-2,active
4CDWDR72UN,batch-2,active
K8NNAOC4O2,batch-2,active
3W6R4IKEDQ,batch-2,active
3ZGCBE3AZI,batch-2,active
F8TMQ4IFFI,batch-2,active
9B4W00RNRG,batch-2,active
Z8Y8JPIT0E,batch-2,active
YDL3R9YS71,batch-2,active
KRJCF51F74,batch-2,active
KZHCZ6YB0Z,batch-2,active
A5BIIRVP3E,batch-2,active
GA084SLOC6,batch-2,active
SX7I2NR8QC,batch-2,active
I3HR2D9M28,batch-2,active
0245DC0SX7,batch-2,active
27PKELY7RX,batch-2,active
DAKLB6G22P,batch-2,active
6DV31I8RVO,batch-2,active
2QAI0363OJ,batch-2,active
RWB6JEXQLP,batch-2,active
MGNJXH6NWI,batch-2,active
1D7SVWJUZH,batch-2,active
UFG93WZ6VF,batch-2,active
MST8NVUOY4,batch-2,active
6QA1MIDLHF,batch-2,active
YVFSEK6U2W,batch-2,active
6AITE35XBD,batch-2,active
TQM045FVQO,batch-2,active
Q1J0HDJ3CB,batch-2,active
GI7B9R06OS,batch-2,active
GH1JW9BZ2D,batch-2,active
8MW2DXRCPM,batch-2,active
ZL83SZF65O,batch-2,active
JC3NOALGAG,batch-2,active
RI7QG2I6YI,batch-2,active
SLWSGOSERM,batch-2,active
UMJWRT6KHP,batch-2,active
YVENS2D2VH,batch-2,active
YAM28M7O19,batch-2,active
M9E5ZR3A3L,batch-2,active
NQ3U7X7PSY,batch-2,active
6SJYHNXGRM,batch-2,active
QIW5N8DNN6,batch-2,active
482CKPN4Q2,batch-2,active
OG5QVUESYH,batch-2,active
VHI1M9VFRX,batch-2,active
ME4KUIDMXW,batch-2,active
KSQ8U5ES1R,batch-2,active
LNBD55YEXO,batch-2,active
QS4EC13WQQ,batch-2,active
SQ5MEB79E2,batch-2,active
QBJKI925PY,batch-2,active
3UGY1W7Q5H,batch-2,active
R9WIV9AD0Y,batch-2,active
BXF0NIUPU5,batch-2,active
2LYGRAH786,batch-2,active
H78SOKV20J,batch-2,active
QYM0C9KSRV,batch-2,active
IBNUV8GUP0,batch-2,active
3DJCIRGU0E,batch-2,active
5WC4XTFFMQ,batch-2,active
NSKD3CVC7X,batch-2,active
G1HNHDP1DL,batch-2,active
T7MBDX0ZUR,batch-2,active
OQ5I4D7SDH,batch-2,active
EEXBZ10FFZ,batch-2,active
X8B6KPB6P9,batch-2,active
5XUZHKKA3T,batch-2,active
0DXFB4DVE2,batch-2,active
T9ZS8BLCG8,batch-2,active
X3P9RAF4YR,batch-2,active
2HCDLNZO2O,batch-2,active
NIJH6TMYAW,batch-2,active
5FDKQ6ND5G,batch-2,active
F6X097LK46,batch-2,active
9LUBQXA0S2,batch-2,active
FNGTL965U6,batch-2,active
OG6AYQLI27,batch-2,active
HY8T1W8NV7,batch-2,active
0AT68DJV4I,batch-2,active
Q7RHGHBDDV,batch-2,active
VH3W64U2XD,batch-2,active
5SJS82HU5P,batch-2,active
6768R8Z39A,batch-2,active
3SCXAJU5JX,batch-2,active
OZPI2GZMD5,batch-2,active
XWWHZ8HSP8,batch-2,active
VME48XR5UJ,batch-2,active
2H4CD79XK1,batch-2,active
Z8GN67M8QC,batch-2,active
ZJEY076HQN,batch-2,active
4AMJB3YSJC,batch-2,active
U5SUXOHA4V,batch-2,active
38R2742T8H,batch-2,active
10Y34E6KVT,batch-2,active
FYLBRUWCPV,batch-2,active
89AEXYTHJV,batch-2,active
VBM5ITWV0N,batch-2,active
Z4LQLNFCFG,batch-2,active
C8KXRFT3OA,batch-2,active
0MBS4CHKPX,batch-2,active
TT5QOJMBYY,batch-2,active
M8GJHUSLI1,batch-2,active
2BNOF2MM4W,batch-2,active
JBWVXRV9YE,batch-2,active
6J2BMPXOXG,batch-2,active
6DPGUEGF8Q,batch-2,active
3LDJNIELWF,batch-2,active
BU0123UE9R,batch-2,active
UC7YQ5IP22,batch-2,active
CPVD9YM378,batch-2,active
K4JXCTJS4K,batch-2,active
2UWM5ELEHV,batch-2,active
B96O9ON41X,batch-2,active
3MWQJ9WEUS,batch-2,active
L73CSBB786,batch-2,active
X6QUP6H5HQ,batch-2,active
8S05UBREQW,batch-2,active
I3KLTHW9XM,batch-2,active
WU9P0QDWKG,batch-2,active
WAR9E12FGG,batch-2,active
O4QPE3L9YA,batch-2,active
BPZNEY70M1,batch-2,active
QKRUQ880RU,batch-2,active
MW7KDLDDKV,batch-2,active
MDQPBRAWWH,batch-2,active
7SGBNU4SMP,batch-2,active
SDHH1QIA5I,batch-2,active
8KLGNF3KVO,batch-2,active
B1Y7LCKJEH,batch-2,active
LTT4UVYROT,batch-2,active
S0ADEZ9VZ8,batch-2,active
1TGGQNWFYA,batch-2,active
75YGHV76G0,batch-2,active
W5V01U6ZYV,batch-2,active
02QNYEDJWI,batch-2,active
A08FS7HFCS,batch-2,active
KZUHBK57FO,batch-2,active
DWTMGH3JR1,batch-2,active
OJW2OYT7PL,batch-2,active
NU4VQVPGX6,batch-2,active
RQZYPVPOUS,batch-2,active
TWSK2AN0EM,batch-2,active
EP2DGLC1UH,batch-2,active
4ML88G6OLO,batch-2,active
D7LNYV83UY,batch-2,active
Y4E98BSTHF,batch-2,active
TZBPBYI7H3,batch-2,active
B26KKVZ5DB,batch-2,active
RQTU9UG9VV,batch-2,active
X36OUP5W7L,batch-2,active
YVPYBJUX2C,batch-2,active
7LJOWVO3B2,batch-2,active
3MIJLZXSAL,batch-2,active
R0ZSGYW33A,batch-2,active
UFNF822AML,batch-2,active
UMVV9N5D6V,batch-2,active
G06SRS35LW,batch-2,active
9745584CGM,batch-2,active
UTBA5CVH44,batch-2,active
LAKK0B2PLH,batch-2,active
W35NQO5EXU,batch-2,active
8R0815OW99,batch-2,active
4FWQ9SO41P,batch-2,active
PFQ32P1FE3,batch-2,active
VD1GCA058K,batch-2,active
W4P2DVUQQ5,batch-2,active
3IPK0HY37C,batch-2,active
I04MZUEFMA,batch-2,active
2SGHRAW9A0,batch-2,active
TB8WO3JYC8,batch-2,active
S38K98NOH5,batch-2,active
4HOVYUODYC,batch-2,active
Z84O5ZISYB,batch-2,active
BF4U16H61M,batch-2,active
XZKHWE7ZDS,batch-2,active
HRIYQYRNJU,batch-2,active
7BU9EVJ2G8,batch-2,active
S835YZ2V3B,batch-2,active
0EO6ZT0ATD,batch-2,active
NJCKXZ9N83,batch-2,active
OTB9Z2QFLG,batch-2,active
Z6Q5W9ON8F,batch-2,active
VD4PDY4OUK,batch-2,active
YHHINMTARI,batch-2,active
PZGJXDWEYW,batch-2,active
5YZQMC04LM,batch-2,active
LDELPBLKCL,batch-2,active
LQIQYPNLEY,batch-2,active
3638EFE2JC,batch-2,active
I30VMVGLCZ,batch-2,active
R1HI6LZR0F,batch-2,active
X0APSBMKA8,batch-2,active
LK9RGDAEEL,batch-2,active
QE1QJGZGGK,batch-2,active
I39A9PNLWW,batch-2,active
6X3B2MLTXD,batch-2,active
X95SJDRGSJ,batch-2,active
TLSQCIE8V2,batch-2,active
FAFMLLHASJ,batch-2,active
RKKN87OCAX,batch-2,active
BPT4KWME6G,batch-2,active
TJAD3VUJT9,batch-2,active
FMJS354TWT,batch-2,active
LYW4QXDDXS,batch-2,active
WZ0TZZGC9O,batch-2,active
AVELTRZF34,batch-2,active
L4IUCF22B7,batch-2,active
R941WLOMBW,batch-2,active
Q6UCKMTHQL,batch-2,active
JX2V1ID5UV,batch-2,active
X9SORQTKBF,batch-2,active
F5AXB8NPFZ,batch-2,active
M59C5QQRTN,batch-2,active
Q91H550UPN,batch-2,active
QLQLZD2B6G,batch-2,active
1SAP5HL6N6,batch-2,active
N3NVYAW4BJ,batch-2,active
J3VCRK9MX9,batch-2,active
VB2EX97Q34,batch-2,active
SFN9DE8FSZ,batch-2,active
EYYI6AHXVG,batch-2,active
2NXSEAWS2B,batch-2,active
81JSM1P1RF,batch-2,active
H77NLDW9KT,batch-2,active
U9MCT3WVNU,batch-2,active
AXITO8PVYO,batch-2,active
O07FZTYQRV,batch-2,active
0713OBUK8F,batch-2,active
D7ZEU6XC6C,batch-2,active
1HO4097L48,batch-2,active
0Z8CGRHJLP,batch-2,active
JB7WWCGL2L,batch-2,active
XOFNM8N3KU,batch-2,active
XJQXE5X3NL,batch-2,active
7UY99PHQ1S,batch-2,active
9PYZC217VK,batch-2,active
XO5DP3TC1B,batch-2,active
VD1Y0GEQTU,batch-2,active
OLCQLQQZZO,batch-2,active
7GOPP05DW6,batch-2,active
9XLNG4X87X,batch-2,active
YCW5B5EG5C,batch-2,active
EVN3IU13C1,batch-2,active
2R4GX43ID8,batch-2,active
QVB2TAFW5D,batch-2,active
G8QF2F3OKE,batch-2,active
7D4EFEHC2E,batch-2,active
V8VXCJRI7D,batch-2,active
4LILMNCC6W,batch-2,active
QFJRES6A53,batch-2,active
TBNMYBD1ZT,batch-2,active
ZLRPQ7P4QM,batch-2,active
7Q9QS42620,batch-2,active
8YHBXBMOUU,batch-2,active
MNNJRWQPKC,batch-2,active
ZFTVLG1W91,batch-2,active
7NH7ITCDB3,batch-2,active
RRZ1804KLL,batch-2,active
NPLWP03VME,batch-2,active
VLWDN5O59L,batch-2,active
ZD2AFC1UH1,batch-2,active
CV5O0X8O79,batch-2,active
DZ5UB26D83,batch-2,active
JDUUBS3R8S,batch-2,active
44KRPO9HNX,batch-2,active
OB06U9OJBY,batch-2,active
3QDZFMVES4,batch-2,active
U2H9H98ST9,batch-2,active
N4SAR2LFFG,batch-2,active
YNWYZQP550,batch-2,active
P1J6H0X4Q5,batch-2,active
0UDR37KKRO,batch-2,active
RWD66OU9YD,batch-2,active
Q28BDF8C6N,batch-2,active
ZGE2LIOB8B,batch-2,active
XRV3BT99XO,batch-2,active
AWFKKDTZAK,batch-2,active
OU14BB8ZCX,batch-2,active
J2KNAQBDEX,batch-2,active
W2ZMTN4DLM,batch-2,active
8YEI3N27EQ,batch-2,active
N02L153LPF,batch-2,active
FYPHJD3EUG,batch-2,active
L7P2VM65NU,batch-2,active
0JN211YV3D,batch-2,active
CR1VHM3DMY,batch-2,active
TSX5AAHD04,batch-2,active
VOJVPDGZCE,batch-2,active
PQK1X2MC4T,batch-2,active
D81HEHIMSN,batch-2,active
KGBZJCZI3L,batch-2,active
W08VMX7LV0,batch-2,active
E4JQLZXEVN,batch-2,active
YU3REUXCI1,batch-2,active
NS3HJNDUMO,batch-2,active
TIHL3P8UIV,batch-2,active
AQFAD1X9RX,batch-2,active
UF2DNDQ2W1,batch-2,active
YEP9SD5KYZ,batch-2,active
QKJYEBIC39,batch-2,active
2F5RXCVMOB,batch-2,active
K9XAMZBH7M,batch-2,active
FJZDIJ0EN0,batch-2,active
TLQDGJJALF,batch-2,active
7I1SUKMX55,batch-2,active
SDP3N01ZQJ,batch-2,active
6FAV5DJ4OC,batch-2,active
RKZ1Q51MHY,batch-2,active
IATJ46QOFN,batch-2,active
LEXRZOMJ2U,batch-2,active
6HNGXYSLWR,batch-2,active
402VV4ZSE1,batch-2,active
9TIQ5J5Q5F,batch-2,active
4QM7FLPTS5,batch-2,active
E2LFEEA20J,batch-2,active
76XXZQB7WA,batch-2,active
FANEK73116,batch-2,active
UNRVFL1VO1,batch-2,active
WHGBKBNNP3,batch-2,active
4H2RAMRZHJ,batch-2,active
BAFJTXJ21H,batch-2,active
PH0IPZBC1M,batch-2,active
XGDJO7B760,batch-2,active
KX8AFJ0OJ5,batch-2,active
S6R84F4FOL,batch-2,active
F692YRQQW4,batch-2,active
QJOHUVXZLB,batch-2,active
7FFHB2DJFI,batch-2,active
SHF1757PJW,batch-2,active
P978Q72VE6,batch-2,active
LZP7UKR0UU,batch-2,active
PY2YP2YFMJ,batch-2,active
92ZAETMKHE,batch-2,active
0YPZ7Q85AD,batch-2,active
E3KMKP00OZ,batch-2,active
1CIA73H8CN,batch-2,active
ILNNVP6DDI,batch-2,active
SRNHXUE1UZ,batch-2,active
35SKLKED7O,batch-2,active
M29EVIB3D4,batch-2,active
26044226VM,batch-2,active
OFQREJ0B1G,batch-2,active
LRYU2UO12Y,batch-2,active
M321GWCN2X,batch-2,active
TLRKKXR44B,batch-2,active
UWFUQ7ML7Q,batch-2,active
QQQO0LOKAU,batch-2,active
RMJGDUPCMA,batch-2,active
5VCRFH37DI,batch-2,active
GURWT5JH60,batch-2,active
W1ZA3M3D88,batch-2,active
GVIYFJPJ38,batch-2,active
6EBXPZBVDA,batch-2,active
ZETABCNCVA,batch-2,active
S3IM9QXOC8,batch-2,active
OXT3SETOWL,batch-2,active
E15Q70YMY3,batch-2,active
4IFU9N5OLC,batch-2,active
W34129B7OX,batch-2,active
GCU7FEL0PT,batch-2,active
CC38VKZZTN,batch-2,active
N7NHYPOALB,batch-2,active
57W89IEXOF,batch-2,active
7RHTIRTIZ2,batch-2,active
MXS0JWLE8G,batch-2,active
EO3JEK8O84,batch-2,active
07TJN03KDC,batch-2,active
P1CUYIBS3P,batch-2,active
P5581JDAFG,batch-2,active
V9YU0DMS8Q,batch-2,active
6FXBSY0R45,batch-2,active
ZKBEGNVRE4,batch-2,active
PK6O2VCAGE,batch-2,active
06TOOQ3OM1,batch-2,active
W028DQ9IOO,batch-2,active
UAZ0E07OHO,batch-2,active
WDNT7N117F,batch-2,active
A13RJ4FYZ0,batch-2,active
O7KBFCWB5Q,batch-2,active
7XK4QFQ54E,batch-2,active
YRR9VX9GLE,batch-2,active
TV2CWJSPXL,batch-2,active
0QJMTL39S0,batch-2,active
VUJS2XDKTM,batch-2,active
PL4WZR1JAS,batch-2,active
JF12WYPU06,batch-2,active
F4FBQHGLGW,batch-2,active
UB4U0RFIY1,batch-2,active
4LDEWJ4SQX,batch-2,active
EMWFSZULQB,batch-2,active
4HM1GNQ5K0,batch-2,active
AYRYTBS1WO,batch-2,active
SR9TAQ1FOG,batch-2,active
36SA7S0G77,batch-2,active
Q9LSD5KTEN,batch-2,active
L325J8GLHJ,batch-2,active
DMM2JC5JL1,batch-2,active
LVJYKKITVC,batch-2,active
1Q6KG3Q43Q,batch-2,active
26VJ5EOGDT,batch-2,active
KNCDUYMCGM,batch-2,active
KMYMKGMNIU,batch-2,active
TZ48Q82YYW,batch-2,active
ZTZQSAEKJD,batch-2,active
0SUQY8VI7X,batch-2,active
7PEXOVHNWJ,batch-2,active
59HYHBNSMS,batch-2,active
UOC2TJ7RBS,batch-2,active
NIZFK6PZZB,batch-2,active
OPBVZ28G8G,batch-2,active
K4V7EYD8M3,batch-2,active
THCOO09ARG,batch-2,active
JSOQ246MSL,batch-2,active
EYTOU6FCRC,batch-2,active
290UDG7UGV,batch-2,active
XPZMJF1SA7,batch-2,active
6RYEGS05PB,batch-2,active
ZRCF73IZHT,batch-2,active
8XFCAI0ZU4,batch-2,active
RWMM5QSGBV,batch-2,active
2QMBY48X6Q,batch-2,active
XREJJXDTBC,batch-2,active
X8FK3QZYSC,batch-2,active
YV6APCXVTY,batch-2,active
1DJRY6ITEA,batch-2,active
KEM0ARCN9T,batch-2,active
9XEKP1MNAT,batch-2,active
JQC3NYGQEI,batch-2,active
OX34Y7BDDV,batch-2,active
TK9O9RHWBC,batch-2,active
4KLFHCUQGG,batch-2,active
C3PKW09VBC,batch-2,active
N5P8RCWGKH,batch-2,active
P7V76C4QPI,batch-2,active
9EB4IM8MD0,batch-2,active
71EUDELZPT,batch-2,active
3PB8BL6COZ,batch-2,active
QRRIV61J9C,batch-2,active
QWJVUKELFZ,batch-2,active
TXUWSI99DM,batch-2,active
U4AM5FUFUV,batch-2,active
API5WV2DHM,batch-2,active
32XWF4AE5U,batch-2,active
YLLC708XIH,batch-2,active
MSBYF2V7RG,batch-2,active
R7DLIDWJQD,batch-2,active
BXT9HVYYUK,batch-2,active
93D8SD36RX,batch-2,active
QRYS8Q475G,batch-2,active
2OALUALHTP,batch-2,active
J6KLTVL54D,batch-2,active
W3F9BIJH4Q,batch-2,active
HI6537WX53,batch-2,active
4M0CLOY7SW,batch-2,active
617L9YQY69,batch-2,active
8HA9KJ7NHV,batch-2,active
DH3LHACKJH,batch-2,active
XYS6VT0BBR,batch-2,active
RKRS1M9YDA,batch-2,active
GIXENKQY63,batch-2,active
POYK5JU6HH,batch-2,active
CLPYOJU3TP,batch-2,active
Q264TY0CSR,batch-2,active
0BJL52C10T,batch-2,active
F98DOFXJLN,batch-2,active
7CH7US95Z0,batch-2,active
85SEPKA6XN,batch-2,active
C5XLQJCA0A,batch-2,active
2SPH6LQ9B2,batch-2,active
WA2CFM7RS9,batch-2,active
512QVR8QNW,batch-2,active
NXXA31PD5N,batch-2,active
O24W86RB10,batch-2,active
Q5DIRX8U95,batch-2,active
FQPUC0HWLX,batch-2,active
T218QY7JCC,batch-2,active
IRZYU9V1H2,batch-2,active
TS6CP61EH5,batch-2,active
20I9K3ZAET,batch-2,active
PD7DNO08FB,batch-2,active
IWFGMRKISS,batch-2,active
E7ZKU6BBKV,batch-2,active
F9FGRYGC6R,batch-2,active
HVX50FEPC7,batch-2,active
HB28F3VFMG,batch-2,active
RUOIS5K9WG,batch-2,active
1O8LUC6ZT0,batch-2,active
V2U8KU1CMN,batch-2,active
K49ILR08CC,batch-2,active
ZCJ0VJUZB8,batch-2,active
DNZHYFHTCM,batch-2,active
L7XIZY5V63,batch-2,active
7136OTQM8V,batch-2,active
WKO2G4R1E4,batch-2,active
0VTQUK4D4Q,batch-2,active
6FV7SCP6BW,batch-2,active
SS0I99LJ4F,batch-2,active
1YFRLNJJ7C,batch-2,active
J4XSUTZUVX,batch-2,active
7NW3J87HE2,batch-2,active
IH8Q5VQNVI,batch-2,active
STI34B907C,batch-2,active
3OPMOWOEFX,batch-2,active
BYZXJRONOV,batch-2,active
L50Q8FG56H,batch-2,active
G3XK3C40BV,batch-2,active
QOOKW78X05,batch-2,active
P7PYN54132,batch-2,active
CGMNLI8AGN,batch-2,active
DATS0NXQPX,batch-2,active
ZHAGS35TLR,batch-2,active
5Z9IHL666W,batch-2,active
LQ7NX1P4H2,batch-2,active
RZYUK92T0R,batch-2,active
U27VF18IOV,batch-2,active
PZ9V8PDTYL,batch-2,active
9LM0MAER8G,batch-2,active
QB9H7YGSYG,batch-2,active
GEYXP9VTYJ,batch-2,active
WH7V55TKZZ,batch-2,active
YV8GSY26AA,batch-2,active
FHOGHBTMHO,batch-2,active
KQGU6MHRQH,batch-2,active
YQ6WPK9XBM,batch-2,active
6EMUCSYSAG,batch-2,active
BF6ILZ61OY,batch-2,active
3K42HVLDZM,batch-2,active
JCM6SW8TJE,batch-2,active
E7LCNN2LO7,batch-2,active
WTHYSGXHRE,batch-2,active
QJRRDTSHQA,batch-2,active
K4L1BEWIGL,batch-2,active
JLBHNR4DDF,batch-2,active
IM9MP6GHL6,batch-2,active
EAY5WFLSNJ,batch-2,active
3JYI3A3QPP,batch-2,active
7YL9UKJTV2,batch-2,active
4F67Q664FU,batch-2,active
QHEJDP9HGD,batch-2,active
ZM1D1VE7UK,batch-2,active
QWTUGDTA5J,batch-2,active
OR1TEIKV7C,batch-2,active
5VVL7YBE70,batch-2,active
RHGJHP7BTF,batch-2,active
QYSCWIYY9P,batch-2,active
E3IX1JOAEH,batch-2,active
IAMNIV8MM8,batch-2,active
5EJ27FMTCK,batch-2,active
KFG746F8Y7,batch-2,active
SXCD122TW4,batch-2,active
E0WL0QT9QK,batch-2,active
7VJTOBR8Y8,batch-2,active
EI6T5VQRU0,batch-2,active
3CB7GL75K7,batch-2,active
50TE94F0JB,batch-2,active
2077MGKPLV,batch-2,active
0BIJ9LA0U7,batch-2,active
J6GXXZE8MD,batch-2,active
Y3NEL4MYA6,batch-2,active
1LZXKHJE14,batch-2,active
YK8ICXAMDX,batch-2,active
8LC48WR0JK,batch-2,active
VWTQGBMSKB,batch-2,active
28I3UEU5M0,batch-2,active
16LLEATUNN,batch-2,active
RHOZJZDNGB,batch-2,active
REYO6VQ6NA,batch-2,active
HPYREFIPW7,batch-2,active
SZMCWGJJVW,batch-2,active
3T01X4C9PZ,batch-2,active
B1M01VTQG1,batch-2,active
JJ6PZFW5SR,batch-2,active
JKJOGSGFRA,batch-2,active
M34TW9LGRV,batch-2,active
E2TIAEKRK5,batch-2,active
MILP1Y122C,batch-2,active
ZF1OQRLKOZ,batch-2,active
8OQYMCLP0W,batch-2,active
W3ZD291N6C,batch-2,active
84H3WG0OYB,batch-2,active
DX3NGV6QGF,batch-2,active
Y9HJEUVIVD,batch-2,active
07FRX3QZAP,batch-2,active
KA7ZEKHEEA,batch-2,active
NDVKZKRO3D,batch-2,active
9ET5HGNXAC,batch-2,active
8K7E6Z5885,batch-2,active
XGKVXRVCZE,batch-2,active
TNH7WQWDW3,batch-2,active
2Y8ZDC1S9L,batch-2,active
2EGKBVYK94,batch-2,active
7TG40BTVDA,batch-2,active
G8CGLBEKL1,batch-2,active
Z1DKJRVB9X,batch-2,active
LOM6IJZP8J,batch-2,active
6JADYL7OVB,batch-2,active
9M9ZOHRAOV,batch-2,active
DQVUBXL9X3,batch-2,active
LMOXV0G8OR,batch-2,active
3RD4993JGD,batch-2,active
IDLASEZUIV,batch-2,active
GCI2KSLTY7,batch-2,active
B9VZULKNSA,batch-2,active
H54E4NJZ6Q,batch-2,active
G5LH810LO0,batch-2,active
U9DL9YRCZV,batch-2,active
17YZMHCRFR,batch-2,active
0OZ8OD3J9H,batch-2,active
9EIZUCBXWB,batch-2,active
YME97V1EAB,batch-2,active
3LNSZPNHYR,batch-2,active
MUNJ1N54NZ,batch-2,active
6XW0Y1JZ99,batch-2,active
M4GNBKP3YS,batch-2,active
KP12DLV4RE,batch-2,active
CZPH2JNGIS,batch-2,active
K7E02GIH20,batch-2,active
H65ZH80TQE,batch-2,active
W5JWKTMIOP,batch-2,active
JI2WR4H0VX,batch-2,active
YRCDWVKFJD,batch-2,active
RFWUSXTDYE,batch-2,active
JFHRT77629,batch-2,active
H4EYRUZEBS,batch-2,active
P4CS3QVFWG,batch-2,active
ZBT1G4L63B,batch-2,active
BYTALJPY4Y,batch-2,active
2OUYR5BMGT,batch-2,active
OTM502MCEA,batch-2,active
08K7YCFTXC,batch-2,active
134Y9NR1W8,batch-2,active
FHYXH1WN1E,batch-2,active
UAPKS1SWPQ,batch-2,active
2NIFDLAY7E,batch-2,active
Q2XUALPWK3,batch-2,active
HVEEGFM1NZ,batch-2,active
DQZFIPQMJE,batch-2,active
XC25PDK1R7,batch-2,active
HVDUOIWIA7,batch-2,active
XBG9X0KPWW,batch-2,active
AUEEHBTOA4,batch-2,active
8OUSYR43C6,batch-2,active
WN9OU8PDER,batch-2,active
LNUWWZON2E,batch-2,active
8YBP45OO8F,batch-2,active
Q6CCG4OMGE,batch-2,active
WN96LAY7IG,batch-2,active
JKU2GLJCOQ,batch-2,active
KQAZOZRPX3,batch-2,active
5V6X86IFEJ,batch-2,active
YQRBFIJMGH,batch-2,active
PJRAEDQY5B,batch-2,active
V4NFT6UP71,batch-2,active
C714BK7IQS,batch-2,active
AWAG4ARYBA,batch-2,active
HXYELWHHX0,batch-2,active
I6EFDPU4EK,batch-2,active
QDVKBK9CT3,batch-2,active
HPXH2XLF9H,batch-2,active
319CIWAM4E,batch-2,active
BT5C74LE7V,batch-2,active
IOP8WA9G7Q,batch-2,active
FJPJ1SW19R,batch-2,active
O4XQH4N7NL,batch-2,active
SG3E61UIHK,batch-2,active
FEU0UF1WL1,batch-2,active
PRRX98MVJH,batch-2,active
HC4WOOH2H6,batch-2,active
76CUR5SX9P,batch-2,active
48YLSLW4RC,batch-2,active
JUT151ZCUG,batch-2,active
6K4IM360T6,batch-2,active
F2CH4SIYZZ,batch-2,active
3188I5ZTKG,batch-2,active
5YZTZT3JGG,batch-2,active
AQ3VVYGOT4,batch-2,active
WJYC5LBB4U,batch-2,active
J5DNF5FOY6,batch-2,active
E9P9VM0WZD,batch-2,active
GMM4KHG4LO,batch-2,active
RJLYWQ1QM4,batch-2,active
U6EL11M060,batch-2,active
WRIUVNRAXP,batch-2,active
R6KVLSOCSK,batch-2,active
OHY5HYN1FU,batch-2,active
RBD0414IED,batch-2,active
VXXFAVRUE2,batch-2,active
7PH9YRJ16Y,batch-2,active
B0IS6F814T,batch-2,active
1AU54K9V0E,batch-2,active
5L163RVLTR,batch-2,active
NEPOUVQPPN,batch-2,active
ANSB8UNFEH,batch-2,active
OL497R6814,batch-2,active
OQF5DEOCC7,batch-2,active
072BYM4R5H,batch-2,active
RNALS4LB6F,batch-2,active
920GUCOO8A,batch-2,active
24TP5CG8LC,batch-2,active
1HS483QWZ4,batch-2,active
BIR6V7B3Z3,batch-2,active
U7NDC2NX0Q,batch-2,active
UWI05MKCSG,batch-2,active
351P5N9R5P,batch-2,active
VQS1Z5980R,batch-2,active
B8G8888GH3,batch-2,active
P6D3C43WZA,batch-2,active
M5NQGVELY9,batch-2,active
A3NYD02S23,batch-2,active
ZR5LI4LQYD,batch-2,active
KMV2N4F86P,batch-2,active
I8YFR3EOT2,batch-2,active
WQZYTWH2CF,batch-2,active
O0PZV2CRC2,batch-2,active
CXVPWXR9OX,batch-2,active
VUZQ6YWGUI,batch-2,active
5EPPVMZ1M6,batch-2,active
27DTJENHNM,batch-2,active
X4QSEUWHJN,batch-2,active
TYD0A0HUKN,batch-2,active
6H8W6FZVBE,batch-2,active
FZQ3OZKDT9,batch-2,active
H33LHJLS7S,batch-2,active
MN5Q0JKOHH,batch-2,active
AHI62XRZSY,batch-2,active
7H3UXP3EUK,batch-2,active
WCDJIU1TYX,batch-2,active
VR9V8P67XD,batch-2,active
HIS172D09S,batch-2,active
RX6ZZUCPEQ,batch-2,active
OVMFU7TVTL,batch-2,active
VHDC4ZJEGA,batch-2,active
YSJ4X7R9AC,batch-2,active
HG30J83LWV,batch-2,active
V0ESJZ68QT,batch-2,active
28RD7KP2I4,batch-2,active
WFY4GT2C57,batch-2,active
31QW7AYVJF,batch-2,active
OYN60H0EKP,batch-2,active
41FP0DSPY9,batch-2,active
3P8VHWXT8L,batch-2,active
4DVSUC7SP4,batch-2,active
O21HIDBD8C,batch-2,active
R3HD24HFIG,batch-2,active
VMUDTDDFVA,batch-2,active
L7N8R8PBYB,batch-2,active
9B798E27Y0,batch-2,active
WJ5O48722S,batch-2,active
Z3PGJ1WZFC,batch-2,active
SM2ADJ81OZ,batch-2,active
FLO8UAMK1C,batch-2,active
CR2CKA1IMU,batch-2,active
FVOJOPI17D,batch-2,active
18F2JEVYJI,batch-2,active
430PS3OY5K,batch-2,active
00LHCSF7SE,batch-2,active
IY5RQJ8O9R,batch-2,active
1IIIS4BDG7,batch-2,active
EXG15HLQCF,batch-2,active
XIDYD85KPT,batch-2,active
WAS83EQRSQ,batch-2,active
DRA60IRBZ2,batch-2,active
88S3SWG88D,batch-2,active
B8R9907EQK,batch-2,active
18QCF6W4PB,batch-2,active
OVUJOZUO5R,batch-2,active
BZW46HAC48,batch-2,active
BJVSIFP3UN,batch-2,active
SXW25JC4OK,batch-2,active
833O0S4RRA,batch-2,active
SUROZS2I2E,batch-2,active
Q8CU9RNJM0,batch-2,active
96F3Y47RP3,batch-2,active
8V8NJY7GD0,batch-2,active
547ICLMPXC,batch-2,active
WBCHI89UE0,batch-2,active
6HWHNK996F,batch-2,active
GQI2WZ7MO9,batch-2,active
LUTGGARZ9R,batch-2,active
JFAWJQGC52,batch-2,active
3CWIXNCFN8,batch-2,active
NHNMKN5ZKA,batch-2,active
HERYM91IX3,batch-2,active
02XVQRL3O8,batch-2,active
IRP4LO6SC9,batch-2,active
OQA2OQ44NF,batch-2,active
2PS3BO4LVK,batch-2,active
9KS1J1I1TR,batch-2,active
365BJ4RC7D,batch-2,active
LE8AXOIG5E,batch-2,active
UPFXRY55IQ,batch-2,active
IYOJ8WCH40,batch-2,active
JS8F6XY586,batch-2,active
1L69QV894I,batch-2,active
ZV2VCA0PFH,batch-2,active
Q8UZZL1LP0,batch-2,active
OGLO7OV9B1,batch-2,active
IJBSV56DMU,batch-2,active
SRXE1KDE3Q,batch-2,active
Q1YWOA1YXL,batch-2,active
6AN9WTP498,batch-2,active
VQQBLI12RT,batch-2,active
5VAFD6E4O0,batch-2,active
NFIHNF3FNE,batch-2,active
K1KFG80VMZ,batch-2,active
ERZ0ZMXIB1,batch-2,active
4T3ZZOPPAY,batch-2,active
91ILZN9FLZ,batch-2,active
NN0KYKZJJB,batch-2,active
VQDLP84ZX5,batch-2,active
Z8361OCQ9Y,batch-2,active
4YJKT3QR90,batch-2,active
O74KPXB3QC,batch-2,active
SYV1D41IRU,batch-2,active
4MN1ELQJ9B,batch-2,active
4SCXM9DIF8,batch-2,active
TMZYTIY80Y,batch-2,active
WXTZZMD5RE,batch-2,active
5ZFMO8P2W7,batch-2,active
4H62KSOPRU,batch-2,active
492EJO3NWX,batch-2,active
6UGLH5L0LD,batch-2,active
1FKZF7HL88,batch-2,active
Y44MIQ8HE7,batch-2,active
E75H4YH0IC,batch-2,active
4CE6CKLPPX,batch-2,active
9VSF4BVNR4,batch-2,active
5KNU9JHN0D,batch-2,active
KSFLBQIEKW,batch-2,active
548O3SNNZX,batch-2,active
G6H835QK58,batch-2,active
KRK4D1VDIR,batch-2,active
8M3KM3W39W,batch-2,active
6PHAM3PKU0,batch-2,active
COPTFQILTA,batch-2,active
QGHDWYTPH4,batch-2,active
R4TLTUBHL6,batch-2,active
R6DX6BHXCC,batch-2,active
A43JKIHT2I,batch-2,active
TQ1AO6ZDZ5,batch-2,active
NBRTMB1H1A,batch-2,active
OIA7CTVGAJ,batch-2,active
JLZLSZ357K,batch-2,active
KCRZ6RT7L0,batch-2,active
2GJTSE5988,batch-2,active
3RXN7U5XBK,batch-2,active
5FPEYGOFRF,batch-2,active
LVHU4FH5QT,batch-2,active
T74T9887HW,batch-2,active
M6EDP3KK4W,batch-2,active
F183K6YZ4W,batch-2,active
EKMM8GHG87,batch-2,active
T4S5DAS6ST,batch-2,active
P6W4W7CTWX,batch-2,active
ADZZQLFUBE,batch-2,active
ISF9HZWC82,batch-2,active
K91G0EWE3Y,batch-2,active
8SZMCZSQ49,batch-2,active
9CGBNIWYD7,batch-2,active
8JP713JJU2,batch-2,active
H8A2OIYMBD,batch-2,active
6YCF69UD0Q,batch-2,active
P1UZ31TNY9,batch-2,active
U8MIYMISHM,batch-2,active
3I23ON8P1H,batch-2,active
7MZZQBXG0C,batch-2,active
X7EF5AWR5K,batch-2,active
TZ0TCOIAT2,batch-2,active
XC9CDV7PLH,batch-2,active
U3UY208D1P,batch-2,active
GYHKWX8O3T,batch-2,active
OPVTA7WMSV,batch-2,active
0LEG8RHD2O,batch-2,active
0EPYKIB2F4,batch-2,active
16UWI3ALSY,batch-2,active
BRGVZPXOD2,batch-2,active
C6VJTMBU7R,batch-2,active
2S4I5DVYQT,batch-2,active
7J38PXGYXC,batch-2,active
B1AI65SY1J,batch-2,active
83WUDDWVPY,batch-2,active
TKM9W7AXH6,batch-2,active
MQ98Q4TEKO,batch-2,active
9H37C5SRF6,batch-2,active
XQA2HTG3RL,batch-2,active
6SVL76K8PU,batch-2,active
R0XPOVWHLT,batch-2,active
E1HJJSQ6GZ,batch-2,active
3XYFAN5NYT,batch-2,active
QHYN9N6JR5,batch-2,active
LR85ABD97F,batch-2,active
1ZQG1DKGEP,batch-2,active
B1JNBUKWG4,batch-2,active
PF7I668WD4,batch-2,active
9U8OPKTSGD,batch-2,active
65IWU063P3,batch-2,active
UKTC9K4HCI,batch-2,active
QHSLKJF9YL,batch-2,active
BKIHSRYKSS,batch-2,active
7OPUW1GD4O,batch-2,active
HALA3SOR42,batch-2,active
W4B9U42UHO,batch-2,active
FRMUQF3QA2,batch-2,active
XE5UGLRTQP,batch-2,active
LSWKWE1C1S,batch-2,active
1I46CHXXGC,batch-2,active
YOBYALDD0F,batch-2,active
VELI0CRXYL,batch-2,active
13Z0FDJQR9,batch-2,active
LKF5B63FWJ,batch-2,active
TUG21PMZ52,batch-2,active
XLENJTXW9W,batch-2,active
MV2J9XEUGO,batch-2,active
GFNJ212KDA,batch-2,active
1C7Q7CXVCL,batch-2,active
W39JPXHX1B,batch-2,active
OIO26E1Q48,batch-2,active
PLIKCM0G0A,batch-2,active
5DLVA8UVCE,batch-2,active
7SW75DTX56,batch-2,active
MOE8C2YWFG,batch-2,active
9QUF93JIEX,batch-2,active
FPBQBLNYB6,batch-2,active
8WF3URJCVS,batch-2,active
RLEGLYB7KF,batch-2,active
Z6QZXN1VLD,batch-2,active
ONQ5WV5V22,batch-2,active
W83XKFGQ7J,batch-2,active
KJ55I4EA7N,batch-2,active
LCG816F9I4,batch-2,active
3Z7KVRLHM5,batch-2,active
H7D9608GV4,batch-2,active
GYZ77YFLQ1,batch-2,active
2T6WAEJG98,batch-2,active
MT1NP1TC7B,batch-2,active
BWP6VRAMCK,batch-2,active
5WVWUPCH7S,batch-2,active
91TRB9WLSQ,batch-2,active
WQCTRPMCHG,batch-2,active
YQ575MAI47,batch-2,active
ZXNYJ4RD5F,batch-2,active
1LEXBUKELN,batch-2,active
4GYN700SM2,batch-2,active
219XOLCBEE,batch-2,active
F7AF13IQRD,batch-2,active
493Y3M7F74,batch-2,active
ULJWP13ZUK,batch-2,active
FEEOQG50YH,batch-2,active
R820DKQ6R0,batch-2,active
OIACG9B6IV,batch-2,active
EL374BVPE3,batch-2,active
ZFRC499USI,batch-2,active
N28RAC2KKH,batch-2,active
VPULIP82YD,batch-2,active
F1EKNZLU2G,batch-2,active
HC9PYH7TQV,batch-2,active
8WOZFNCE9E,batch-2,active
SPXRFAZMMP,batch-2,active
Z27DG8PNRP,batch-2,active
8JQO3ZS8V8,batch-2,active
L3FCAK24JQ,batch-2,active
6Z4FD2RKML,batch-2,active
T063IFXTZC,batch-2,active
3OP8MS6NAI,batch-2,active
UUZJH0B8KA,batch-2,active
Y5RFRGSGEH,batch-2,active
7NL07QRZ5C,batch-2,active
4GG6JEBXWX,batch-2,active
AYH9ZDKQCL,batch-2,active
H8JXOBC4O6,batch-2,active
VJW893LACS,batch-2,active
PIZIEHNTIX,batch-2,active
2E1GV1V1OT,batch-2,active
OE2MEZ6XNQ,batch-2,active
HPP7BOOXC0,batch-2,active
UXL2QDH3NP,batch-2,active
0AE8KAFIUT,batch-2,active
GCLHQQR58Y,batch-2,active
NIFAYNH8ZH,batch-2,active
HKDXDHLXXW,batch-2,active
AHU1EUDCLR,batch-2,active
5FMW1RU8MW,batch-2,active
28NC728T22,batch-2,active
66VL6RXI72,batch-2,active
ASOM26ILKZ,batch-2,active
AZI14UHT7D,batch-2,active
4NFXVHQQC6,batch-2,active
VRM38QAUIC,batch-2,active
46RTY7KLS9,batch-2,active
BNDZ8SQ3UK,batch-2,active
N8G56U6WAY,batch-2,active
HO58CTNBTC,batch-2,active
QT6AVJNB46,batch-2,active
7840TIQHSW,batch-2,active
G9O2VE2GYF,batch-2,active
PBOHFP13CW,batch-2,active
LSZEJTRSKA,batch-2,active
IJ5JW84LX5,batch-2,active
5UTHGKVDDN,batch-2,active
JI5PFCVVG2,batch-2,active
H6X7BQQTSN,batch-2,active
OKCIKVWHR4,batch-2,active
ZD5SABZV8B,batch-2,active
TQFOGS8H7C,batch-2,active
8F35JUSEHL,batch-2,active
TMQIVIMO49,batch-2,active
5FXADFTMSJ,batch-2,active
I80K7OM09R,batch-2,active
OXEU4LK9YK,batch-2,active
XPDZYUVPL7,batch-2,active
AR52NTLIWW,batch-2,active
I2IRUS8ADG,batch-2,active
67EL1SNUSS,batch-2,active
CUBKEJPMGY,batch-2,active
VADHXRHP8N,batch-2,active
0GP33SL3DQ,batch-2,active
OWGZHUWWGX,batch-2,active
KLODF9MMRH,batch-2,active
X86KZ9XKKJ,batch-2,active
9DK613HDE2,batch-2,active
ED6K8PFILK,batch-2,active
RAJUS4U7DA,batch-2,active
Y6XE45NIY9,batch-2,active
5E2MPLZ6B7,batch-2,active
UEV5DJF40I,batch-2,active
JT2QHF6FYO,batch-2,active
TL09N7EKIV,batch-2,active
7FQD24HLDV,batch-2,active
TS53W8BNMP,batch-2,active
H40P0316HM,batch-2,active
V6Z5O98Y48,batch-2,active
VCKJ35JY1A,batch-2,active
LZDC4HK8LN,batch-2,active
0D1DHWDJ0P,batch-2,active
1SBMRT5EV2,batch-2,active
NSP3SR6EOL,batch-2,active
ZXE04EQ88O,batch-2,active
CWA1W4T99I,batch-2,active
XTOLWNDCWF,batch-2,active
MT3GSF8B3A,batch-2,active
ECC4GH0B6K,batch-2,active
JJ11PV4W8C,batch-2,active
RCTG4OS356,batch-2,active
MS05QXRFYF,batch-2,active
HQ22ISR70S,batch-2,active
8CGH49ZOBO,batch-2,active
99FHYAOVWR,batch-2,active
TSB896R9ZV,batch-2,active
PVQ68AJTG3,batch-2,active
U85YGEFHF3,batch-2,active
T6MAIYYI7H,batch-2,active
12MSK48B6J,batch-2,active
668956QLLZ,batch-2,active
9SCM29NBM9,batch-2,active
5V50I269GH,batch-2,active
D0FS3BIFAG,batch-2,active
SOC4DQ0THZ,batch-2,active
T9R564QSU4,batch-2,active
IJGRWIIPLX,batch-2,active
IXKMNPF3OO,batch-2,active
NO101EKGFP,batch-2,active
LRNG9E6JU4,batch-2,active
96PAAJZDD2,batch-2,active
2B8Q261WAL,batch-2,active
PJ7EG3LY9D,batch-2,active
0BXDY261VE,batch-2,active
OU1A3K8WAO,batch-2,active
23Y9T2PQKI,batch-2,active
QTVLSQVSVI,batch-2,active
W4GYSQ3G0V,batch-2,active
F1IVZP57E4,batch-2,active
LTVBBH69C0,batch-2,active
AQTDGK8H6H,batch-2,active
XBBPGB737D,batch-2,active
1M1UJ5VC7R,batch-2,active
9ITL8629ZJ,batch-2,active
JLSIA7T5M6,batch-2,active
YOJTGBK3FT,batch-2,active
RIXWKGOWK3,batch-2,active
UKOZ79I985,batch-2,active
3J1D7RUO53,batch-2,active
4JHPCLR197,batch-2,active
JCICA9FIZB,batch-2,active
OSZDD30QGK,batch-2,active
GQUMBVFU03,batch-2,active
J9DLN6K8UW,batch-2,active
YC4EQ3U2X0,batch-2,active
DQ8NG00MIA,batch-2,active
YBISELRGUS,batch-2,active
9M87APQUHG,batch-2,active
GMO3FYV1EC,batch-2,active
5MQEWG3W8V,batch-2,active
F1Q7ZMREFL,batch-2,active
2IVN3B5SSO,batch-2,active
ASXG1AEX4Q,batch-2,active
20YADM0DHR,batch-2,active
LIXNBJDPYG,batch-2,active
QLRKFQ9PXU,batch-2,active
MU8MUY651T,batch-2,active
9QNFFGTKSY,batch-2,active
5I7EBWLB6X,batch-2,active
VVVFHNGV0R,batch-2,active
H55HJT5FSF,batch-2,active
9VWYI1GKAY,batch-2,active
D6JOOOK223,batch-2,active
57AKRIAP2Z,batch-2,active
HN095HI221,batch-2,active
0EBXL29BV1,batch-2,active
TE98VMCJVY,batch-2,active
25YMOY43UD,batch-2,active
EZY8NN3PZX,batch-2,active
9RE5RHBNZF,batch-2,active
A1S8VZM67P,batch-2,active
GHUEJG7NNQ,batch-2,active
Z5FXX3LRGW,batch-2,active
ML93CCIC8P,batch-2,active
7B71COJDDN,batch-2,active
OB23EF5VBJ,batch-2,active
L55W704L49,batch-2,active
LBF6AGEFJU,batch-2,active
0ZY3X1HVUN,batch-2,active
T8N82IHC4Q,batch-2,active
6CIXL2TSR4,batch-2,active
KJD34F6KRY,batch-2,active
DQE6LP6M8T,batch-2,active
9OHK11JAC3,batch-2,active
BMCCD7DP8S,batch-2,active
2I0SRFSI6O,batch-2,active
S2ZRF6VEQJ,batch-2,active
91SC6LFCXP,batch-2,active
1YN0VHSSN9,batch-2,active
VFE7JA6NHF,batch-2,active
6UC1Y1RG9O,batch-2,active
30HJEEBXOQ,batch-2,active
ZRJ7AIII9B,batch-2,active
CJQP2RB5HW,batch-2,active
HU25NT838D,batch-2,active
P1NPD410ME,batch-2,active
X93UU1ZB5R,batch-2,active
UMLL8FGN6Q,batch-2,active
I6UUTH6948,batch-2,active
Q9I1E3PSSD,batch-2,active
CUT7U3A6IU,batch-2,active
760PSQX8FY,batch-2,active
ZPBN0GRS8U,batch-2,active
U9H1BDG88Z,batch-2,active
S19LP0JQRZ,batch-2,active
N22R37H6NI,batch-2,active
ZQMHGS4ARX,batch-2,active
SDBZG72O7T,batch-2,active
P0DQ0TNDQS,batch-2,active
ZPV1F2UQ68,batch-2,active
9ME1SI6VWB,batch-2,active
NHEEZ5ZOA7,batch-2,active
XV0KDWHR9Q,batch-2,active
QSMC936TU8,batch-2,active
VM0T24JI9A,batch-2,active
XM4IH0VNS3,batch-2,active
5LZ4P43Q8V,batch-2,active
9FK2LX2ZBP,batch-2,active
CS3ZKE4O2H,batch-2,active
VU2M8A958D,batch-2,active
YXHKE5MVI5,batch-2,active
XWOC8PORI4,batch-2,active
OFHAOOM52D,batch-2,active
BFEEAR20I3,batch-2,active
AAH2JE7FGG,batch-2,active
URO9IEHOIA,batch-2,active
XRP6YM5AAZ,batch-2,active
VR2XI83RG3,batch-2,active
LOYRKI5E6X,batch-2,active
QHG3PC9EFB,batch-2,active
0MPBG03DTC,batch-2,active
4880QN5SU3,batch-2,active
JRHIOIYODM,batch-2,active
1SB9R6XD7M,batch-2,active
9T9K9PZJI5,batch-2,active
2VZ7EXZ45K,batch-2,active
ETZ3X3Q8RN,batch-2,active
6XNHTQ8JD6,batch-2,active
KP03DGH8GG,batch-2,active
7UJBGJBD82,batch-2,active
QT1E9PWWYN,batch-2,active
S8RB17NFYB,batch-2,active
UYF19VTUOB,batch-2,active
2AJAX8P3DO,batch-2,active
O9QQ3MXMBX,batch-2,active
POXHGURLF6,batch-2,active
5PP7PXG6RK,batch-2,active
5CJJD1ZGC5,batch-2,active
2BTA3BSQRI,batch-2,active
8J5GXX8NUU,batch-2,active
1ZY15T11TX,batch-2,active
CEJZMUX8ZL,batch-2,active
C5XTXPWIEG,batch-2,active
IDLPZQDGMY,batch-2,active
CLI23KZNI7,batch-2,active
UMC6MW7L46,batch-2,active
4TL94YQJ3Q,batch-2,active
49W2685YMO,batch-2,active
EBN6SVXXOI,batch-2,active
LGV2HBKBKC,batch-2,active
EYN5A08IS6,batch-2,active
DVKF9NMSTO,batch-2,active
OX0GXIGERH,batch-2,active
MW5JYT2XBZ,batch-2,active
1UEWIQYSSL,batch-2,active
MSLME34CKU,batch-2,active
BZUDM19BNZ,batch-2,active
6Y1DHTQSYS,batch-2,active
GPSNEU1VR9,batch-2,active
GN5CBATS27,batch-2,active
VXBZMIM78N,batch-2,active
HA85SUW0A8,batch-2,active
HK85FEJCWX,batch-2,active
EQFC31511H,batch-2,active
CLZP6ZW4AA,batch-2,active
IZLFSSLRWR,batch-2,active
XI4UAPS0HA,batch-2,active
M59OLK89IK,batch-2,active
O2WXL86A3E,batch-2,active
AHJYDUNIVN,batch-2,active
3WHSN1PG6Y,batch-2,active
MSTVGT0AZD,batch-2,active
3CDON90RJK,batch-2,active
HYBT6QG86A,batch-2,active
TQWSY3V7MY,batch-2,active
7316ZP4AEF,batch-2,active
MOS2FF2DLI,batch-2,active
GR9DBYXKVO,batch-2,active
3H7DMKLIOC,batch-2,active
LO7RZ6MQVP,batch-2,active
U7GYW8MVJH,batch-2,active
AMAH53F82E,batch-2,active
RQHZTG9OE5,batch-2,active
CQTB7DWUKA,batch-2,active
F9ZUEMPIK7,batch-2,active
K6MAFIKUCF,batch-2,active
7A3YEU2GT8,batch-2,active
0BTMHFTXSQ,batch-2,active
8N0OJCCRB7,batch-2,active
EUL30DYY2V,batch-2,active
6Y4UEIGZZW,batch-2,active
ANUUMONE36,batch-2,active
H7HWPEFH1C,batch-2,active
2C8K1SH7RX,batch-2,active
ECMVYQB1QR,batch-2,active
CXJCN7J57U,batch-2,active
D3Q4DGUFMR,batch-2,active
4HA66DNI5W,batch-2,active
8MOFHBW1YH,batch-2,active
NZ741LAKY3,batch-2,active
JZNT2GUM11,batch-2,active
MMNSE8YOA0,batch-2,active
L15466OEYJ,batch-2,active
1KNJLOKUZT,batch-2,active
2GWGQQ8EJL,batch-2,active
FOGWYEA4UB,batch-2,active
48EA1G8YF5,batch-2,active
HU8SVJNZ65,batch-2,active
ABFXLQLPQV,batch-2,active
Z8ZSQGW1CD,batch-2,active
M8TGEOFCPV,batch-2,active
5HZWEOD5Q6,batch-2,active
3B7ADW3MTJ,batch-2,active
84BZI29P4R,batch-2,active
SK4O349NYF,batch-2,active
TX8UU54TBA,batch-2,active
UPTQNIQWU9,batch-2,active
8W2HSEGGA4,batch-2,active
1ZT5UN0TEK,batch-2,active
XY3RWTRYL7,batch-2,active
IWXE7496LX,batch-2,active
J3RKJRE365,batch-2,active
UCL40C1IPL,batch-2,active
D8EL39VX5D,batch-2,active
N8G9E0ILAG,batch-2,active
WM1KIBGHJW,batch-2,active
HA2LPROBJ8,batch-2,active
OEH73AAGV3,batch-2,active
ELSHQWM551,batch-2,active
50TTJ4Q23N,batch-2,active
8LIBNQUJ4L,batch-2,active
QBJCP04U6B,batch-2,active
RBTULDAYNX,batch-2,active
17PYQ9SFYR,batch-2,active
S94QC54X40,batch-2,active
Y1XS6EC1RT,batch-2,active
AAIRMI7EW1,batch-2,active
F1XI08F0D3,batch-2,active
YSX9XWROUI,batch-2,active
XTBVBPJYJN,batch-2,active
X63B3DMS63,batch-2,active
3F4GL4U64Z,batch-2,active
RPUPG83LTU,batch-2,active
2UFT0RCOVD,batch-2,active
5B0WWTIHIC,batch-2,active
NSR7MXE6TI,batch-2,active
MBOQ7BVEAO,batch-2,active
SHZGAV87SQ,batch-2,active
A1PV37MJ4X,batch-2,active
M4ZJINP4NY,batch-2,active
BIRCMSCTN7,batch-2,active
IUS3B9DPP4,batch-2,active
H1U11W5RGH,batch-2,active
KZBM0SCGX3,batch-2,active
CQW1V5JXQ5,batch-2,active
4FE0M8GY50,batch-2,active
CAO5S65ZL0,batch-2,active
OV4U2HZ6ZT,batch-2,active
FZJ6Y33ENV,batch-2,active
AYUWNKKTJO,batch-2,active
EW07XYVZVI,batch-2,active
PTALC1ELU4,batch-2,active
W5GXB0H5GA,batch-2,active
ACI1ERPKCL,batch-2,active
NTOXXNQ0W6,batch-2,active
RI864XOG3A,batch-2,active
QEVC7I5WF4,batch-2,active
Y3ORV50NKD,batch-2,active
C50AO8CLVJ,batch-2,active
AFOAPNZKL4,batch-2,active
903UC648UK,batch-2,active
SIVAAC6F5Y,batch-2,active
M9OEMQQCEX,batch-2,active
VDBVFRQ68K,batch-2,active
CK3HU9VOC3,batch-2,active
P5L3V2GG7Y,batch-2,active
QNSYN8H29B,batch-2,active
1N9V1FN0O2,batch-2,active
GGU25QQS6Q,batch-2,active
441OIU0IBN,batch-2,active
JE448NWH6D,batch-2,active
4ADOYUXCWR,batch-2,active
P5F9D9HC2V,batch-2,active
ISQACR9IW7,batch-2,active
WR7JVX8BE4,batch-2,active
ZL8WWM9SQ3,batch-2,active
GU1L1E6YFX,batch-2,active
O6G4W7W8AL,batch-2,active
ORZZY8JJTU,batch-2,active
99AKNQRMNZ,batch-2,active
WW1AE9LZWG,batch-2,active
ZNIXHLYVZH,batch-2,active
ASOUVDXVOM,batch-2,active
WSYQAQR038,batch-2,active
BNNJANYIDW,batch-2,active
ZG8NF7EY0O,batch-2,active
C9V319LOM4,batch-2,active
ZCEHWZLKCE,batch-2,active
1Q8KOEZ3UF,batch-2,active
SYJF8D77R2,batch-2,active
FEQPWAEM24,batch-2,active
KUU2NK761R,batch-2,active
PSLQBAIW17,batch-2,active
N74121YBRT,batch-2,active
I2YMDRBYUO,batch-2,active
VMVWMP1FRQ,batch-2,active
3P9CHP0PEB,batch-2,active
U9BCWC2ZEK,batch-2,active
I9WA6NCXXF,batch-2,active
0DTAGAXQ6U,batch-2,active
ZB0FTPC01J,batch-2,active
NKFI704HLC,batch-2,active
622NLFDBB3,batch-2,active
TG2EO0KP2S,batch-2,active
QQE2NT4882,batch-2,active
RAVXAHF6FF,batch-2,active
F2Z6FO28VV,batch-2,active
VBLZXLYNK0,batch-2,active
PN8QPBZFX4,batch-2,active
2LYCG1DFMQ,batch-2,active
V4K4SXCPLJ,batch-2,active
6FFP0FZ0GJ,batch-2,active
T9G6KBBOOI,batch-2,active
EUBEAHFVDF,batch-2,active
F5FXTR79NV,batch-2,active
LQVYHS7Z2C,batch-2,active
2BW1G06EFK,batch-2,active
K8RHNTVQLL,batch-2,active
U2N03PCF6H,batch-2,active
DW74P9OI6Q,batch-2,active
FKHK6K46O2,batch-2,active
LC53A6ZHOC,batch-2,active
1PWJJEB2WP,batch-2,active
8AEP6L2JJ5,batch-2,active
88HVNCO4ZV,batch-2,active
UKXLXJ3FI5,batch-2,active
L1FEJ6FBYE,batch-2,active
HU8RXNVPRQ,batch-2,active
Z4KPIIMGS7,batch-2,active
95TOJ6P2IM,batch-2,active
9CVF5OHUAF,batch-2,active
MX8P4LWGCA,batch-2,active
QZRYX2K7VD,batch-2,active
MUT8KOHG37,batch-2,active
79QL34601Z,batch-2,active
2VWFZCGW1G,batch-2,active
6BFQSC9OJU,batch-2,active
KB3YZ9KB3P,batch-2,active
KVUVP4CX3P,batch-2,active
EBCKLQ0T1M,batch-2,active
VDEJAFFEIQ,batch-2,active
ZH402FRP0H,batch-2,active
W5MJ3PRSX8,batch-2,active
W46KWMDQ9K,batch-2,active
UBXDAO3KN9,batch-2,active
6131KWGZ9N,batch-2,active
TGDLY1T32H,batch-2,active
RCZHITJG1E,batch-2,active
4KHMEN99WW,batch-2,active
G9ZNDXOOWB,batch-2,active
SYDODUU6XH,batch-2,active
C8WEQA4Y0B,batch-2,active
7NWME1A3L1,batch-2,active
W138HQ91WG,batch-2,active
N7F7AE5GKY,batch-2,active
JXMXBZ0XNX,batch-2,active
5MNAYGJ8BX,batch-2,active
G6R7808ZLK,batch-2,active
CZQREWE9HT,batch-2,active
WYWLP4V0JC,batch-2,active
2EN1UTKO9O,batch-2,active
T11WYX53NL,batch-2,active
U99G43HTN1,batch-2,active
8E22AZ6DEX,batch-2,active
7RT57UGSOO,batch-2,active
9M5EAZGZVI,batch-2,active
2V549SV9AA,batch-2,active
FEGZ37F7HU,batch-2,active
RS7XBVSX4X,batch-2,active
9WHTBYNF90,batch-2,active
W49SWVMFCO,batch-2,active
91NIBXXDL3,batch-2,active
DA2DLLYRQG,batch-2,active
WQ18ISO4ZV,batch-2,active
EOG3VTL71M,batch-2,active
P64A0DHX2L,batch-2,active
C7MDHTUM6W,batch-2,active
BERWQE2DYF,batch-2,active
6QRYN0T3FG,batch-2,active
TTVA8BB6W0,batch-2,active
44EEF35EO6,batch-2,active
LF3JGMX8FW,batch-2,active
2480LPNIRU,batch-2,active
GAH1ADY6X5,batch-2,active
XPZ5C3C1ES,batch-2,active
FKMCBLW9C8,batch-2,active
9LPI10VU0T,batch-2,active
875V1PQCWF,batch-2,active
S6DWDQ96Y8,batch-2,active
OV2X76ZTAE,batch-2,active
LFB1GSDDH9,batch-2,active
MOGUAU4QO8,batch-2,active
X7NKG5EB0B,batch-2,active
W8Q865498X,batch-2,active
O9NQP1PKP9,batch-2,active
2S5TBHVI7L,batch-2,active
BRUYYPJ9YE,batch-2,active
DEQ1J2NR11,batch-2,active
3X10COZGNQ,batch-2,active
AWD2MOKTGA,batch-2,active
XCH9IBM3HQ,batch-2,active
WYET7TQHUO,batch-2,active
GDLRAXYLN1,batch-2,active
DP2D0IWRAE,batch-2,active
CMSWER19U3,batch-2,active
BO1GEQ98PR,batch-2,active
6KWLZ4IRJC,batch-2,active
WDKW81Q8SL,batch-2,active
61Q415BF9K,batch-2,active
E4HTU09GDW,batch-2,active
YS6RWLCQT2,batch-2,active
ZOKFNUB1WN,batch-2,active
1PMVEFBPB6,batch-2,active
ANUXC7GAKT,batch-2,active
RHBFBM0USH,batch-2,active
F9RCU18MFJ,batch-2,active
293L8F71WN,batch-2,active
VPIKOGZ2A8,batch-2,active
O6R99P1KMN,batch-2,active
M9RCNSS915,batch-2,active
1PZD8N9ZVW,batch-2,active
QVK2534K1W,batch-2,active
UALQNN7B17,batch-2,active
X8QPVK2M9X,batch-2,active
A0BR1ZV6KO,batch-2,active
CP0P9RQL7A,batch-2,active
3QWSWYPIHH,batch-2,active
JVYJ0759TY,batch-2,active
KM0RHVSMBZ,batch-2,active
PCVH1W4XWU,batch-2,active
JYNYRQI0KM,batch-2,active
GUGGYT96OR,batch-2,active
PB73LN3NMQ,batch-2,active
I8TFI0SWUP,batch-2,active
QR28EY9AEJ,batch-2,active
AT1NUK32VL,batch-2,active
USDO80UKOB,batch-2,active
6R79J33Q44,batch-2,active
WW9HFIXHHI,batch-2,active
D93742MYQC,batch-2,active
VUC42C7Z3R,batch-2,active
0IRLIRZULJ,batch-2,active
EP4NRJGNYA,batch-2,active
36ZHP7OBCY,batch-2,active
KZK9QM76EM,batch-2,active
T2AQIX5GOD,batch-2,active
3V351U02E6,batch-2,active
SAULJJAHTJ,batch-2,active
V6E478ZIHB,batch-2,active
FP4WV68IN4,batch-2,active
0N2PDQJ2U0,batch-2,active
OFB5QC894K,batch-2,active
APIXX3DCKF,batch-2,active
LC1IK5QDCM,batch-2,active
BBAQMMDHE3,batch-2,active
SIYJGNV99R,batch-2,active
LYTH70XCI3,batch-2,active
YT4IX95U8V,batch-2,active
9VTNA3MCPC,batch-2,active
CZVMUHKREE,batch-2,active
0IQF2CDQPE,batch-2,active
PZVD1QHECW,batch-2,active
IVDZ5VQTXL,batch-2,active
YBM6QYS1X5,batch-2,active
9T8AUJKURZ,batch-2,active
VGAUKGTV8W,batch-2,active
AB68IHRCU9,batch-2,active
7G69PU74LL,batch-2,active
K89BOTWQQD,batch-2,active
LAZX7GVLRM,batch-2,active
9MCSXKKFYZ,batch-2,active
K6AU7QPQGB,batch-2,active
U2O069U191,batch-2,active
7F0W362MEM,batch-2,active
EC0K38DKPD,batch-2,active
FPI2WEYUBH,batch-2,active
NGFF5YPNLO,batch-2,active
Q4H8PH00XO,batch-2,active
4GXSNQ9N5T,batch-2,active
98NE65SHB2,batch-2,active
1H1AJ2A4GW,batch-2,active
T0VEBDCOE9,batch-2,active
A36TZPJGWH,batch-2,active
VJQFBEDU3I,batch-2,active
N6WD0XT1DZ,batch-2,active
QDH6C6PHAW,batch-2,active
6XRMMNZ7TD,batch-2,active
TI0PDZZHZW,batch-2,active
BE7GSHL3TI,batch-2,active
A0BD0058AO,batch-2,active
LTO8AW8O0R,batch-2,active
LJ350ZNY28,batch-2,active
WP90HL39AT,batch-2,active
E2NW8IA5E1,batch-2,active
CPX0FMM9XV,batch-2,active
L4EUQYNXU9,batch-2,active
C2QQYSD1TJ,batch-2,active
Y93OSFTDAJ,batch-2,active
SMC5O1KEHW,batch-2,active
HDOJBP2GA1,batch-2,active
EL1EVRHAB4,batch-2,active
MD04VY0EWT,batch-2,active
PNPA797667,batch-2,active
QCRSK9J8DT,batch-2,active
7XVWHHUV0E,batch-2,active
N74JZESO7L,batch-2,active
SBUOJEXR02,batch-2,active
055ISD0TCV,batch-2,active
JHNSGC7DK7,batch-2,active
95SBBSIAQN,batch-2,active
NVAEIB9FNS,batch-2,active
2KPXEE07YO,batch-2,active
7WIF9VJ7JV,batch-2,active
5GV06MAPZW,batch-2,active
1U98YM5NNP,batch-2,active
WFHWT0UVRP,batch-2,active
TP2V7VGY4P,batch-2,active
D940N3GST5,batch-2,active
VB4HS09BF8,batch-2,active
34TZPR3L37,batch-2,active
2F9VZ0N7I9,batch-2,active
1WO65JFAWC,batch-2,active
HYFQ5MLIAS,batch-2,active
DREDQASPRB,batch-2,active
ST4WF12MS4,batch-2,active
8YXD06GU51,batch-2,active
SY9WG4SOCD,batch-2,active
C2B3XSWM7A,batch-2,active
8KNNG93S4P,batch-2,active
YZ9CLXZFJE,batch-2,active
NQSJDU7LZK,batch-2,active
T21UJLGNGX,batch-2,active
90L9JIPY4T,batch-2,active
4SUTNT8HNS,batch-2,active
BKXWF9R91S,batch-2,active
TEGJ28GWO9,batch-2,active
WK2N7RDF3A,batch-2,active
D471K51ABL,batch-2,active
C2M29XCNGB,batch-2,active
W5ZRM9V23D,batch-2,active
SXYMAS1FSS,batch-2,active
C24MF9JOJ7,batch-2,active
S6E8WVC83K,batch-2,active
PYICRC1VGD,batch-2,active
QT677EYZVN,batch-2,active
MNMWVAHUO5,batch-2,active
08K3EGIGXR,batch-2,active
RW9EF5BEWP,batch-2,active
6D30SDAQOA,batch-2,active
DNLL33INRQ,batch-2,active
C4W41VQQZY,batch-2,active
5X7NIMN3AP,batch-2,active
JGQV8XQUCU,batch-2,active
BUFY62UCUE,batch-2,active
AMI38N1XAL,batch-2,active
1IRU8HFBX0,batch-2,active
NQIHIVT11Q,batch-2,active
W715WYT848,batch-2,active
S48DJW1IJZ,batch-2,active
NY2KFPH0JZ,batch-2,active
X0HTK64KKY,batch-2,active
P0SV4VONF7,batch-2,active
KYT5XINW99,batch-2,active
K3D460CBCE,batch-2,active
5GH9EUNRIT,batch-2,active
37R5WXBZLP,batch-2,active
T1DD9V8K23,batch-2,active
MTKIEFC7KN,batch-2,active
X8Q5XC4SVX,batch-2,active
QGNQUNQZ2E,batch-2,active
SXD8N3FSKA,batch-2,active
EM0ZUKO51J,batch-2,active
09JXZ924P3,batch-2,active
CZSCBK5AAN,batch-2,active
0ATGY0EFZN,batch-2,active
X1YPASQFBD,batch-2,active
VWMSKO8SP6,batch-2,active
F0WULD9HQ5,batch-2,active
7Y0F4H6X7Q,batch-2,active
AS8HTPD9PR,batch-2,active
1EWPGCJLQK,batch-2,active
2EWTL6B0GP,batch-2,active
GS542X837F,batch-2,active
LQ2M87LIF9,batch-2,active
0BSA2H0372,batch-2,active
KRML6GW1R8,batch-2,active
25EFOARMO3,batch-2,active
UWXH624CWS,batch-2,active
976JHO2H83,batch-2,active
1L9ZDU03OC,batch-2,active
8AW0F4O3U9,batch-2,active
IZQQDJ1RZZ,batch-2,active
3QU677VOLQ,batch-2,active
PYPQLJXHYZ,batch-2,active
9RPI2UCZ7U,batch-2,active
536UL2P296,batch-2,active
CZPP8O9XRO,batch-2,active
OX3OAQYR2L,batch-2,active
N963Z4HB7B,batch-2,active
KO1CY8FVRW,batch-2,active
V629UGL8FU,batch-2,active
66ADJAEH0K,batch-2,active
8LJSUF6YEU,batch-2,active
87ZBBH0I2R,batch-2,active
URZRK6GGMR,batch-2,active
NGQP725RDQ,batch-2,active
RYG1GDR2QF,batch-2,active
U1Z7Q0I55B,batch-2,active
MOX45HEW5T,batch-2,active
3BUAR90ESP,batch-2,active
KWR9DVXHBL,batch-2,active
51HFO0RU4N,batch-2,active
EPMI3D978S,batch-2,active
40SYV7C893,batch-2,active
S8MJSDIWVT,batch-2,active
O2T12V3N5V,batch-2,active
8M1X5DCQT3,batch-2,active
2VJPVOJS09,batch-2,active
JQ90E84MF9,batch-2,active
8J9ISVF4KB,batch-2,active
6QYTXNYREH,batch-2,active
YA64ISJ5FK,batch-2,active
SGD107MBFT,batch-2,active
FGGQAMOX6T,batch-2,active
U52Z8FU8EO,batch-2,active
KQ2DIIT0AH,batch-2,active
RKR1BC20I0,batch-2,active
6MRYDDR9C1,batch-2,active
PETENI60US,batch-2,active
9ZYUNHWDNO,batch-2,active
UG9XBTMIA0,batch-2,active
FHNDWWM5O3,batch-2,active
FHCP39NXK5,batch-2,active
6FAZE2W0P5,batch-2,active
DZLZ4XO8AH,batch-2,active
WBL8BBFUPX,batch-2,active
FENNBWT8FQ,batch-2,active
6KOT6AXNRD,batch-2,active
T1YQ7I0YXL,batch-2,active
2EDJYKBRMI,batch-2,active
21V2ZHB3KC,batch-2,active
FEY3W9MMH0,batch-2,active
1M649Y6HRM,batch-2,active
ZRWQLPWOI3,batch-2,active
VN7H9UUQTO,batch-2,active
PKK3ZUX5IG,batch-2,active
MK2PW6DGZN,batch-2,active
6O0EGUMYCV,batch-2,active
AQVFREIFWB,batch-2,active
11TE6IQP7Z,batch-2,active
2P6JH7BDA5,batch-2,active
20HL89BLAF,batch-2,active
1SOMHFPJD5,batch-2,active
C6J866EXQ7,batch-2,active
1EXRO0UPFC,batch-2,active
2462PI2KIE,batch-2,active
97JLBD931O,batch-2,active
6S4KJB0QIW,batch-2,active
WIITEN4IVD,batch-2,active
I4HGZJL97B,batch-2,active
OOQS0GYGAP,batch-2,active
6U0LUP4CFG,batch-2,active
A2D94SM99N,batch-2,active
I5W34383Q9,batch-2,active
303TZTIGXO,batch-2,active
9JDYS7PC8Y,batch-2,active
HYC95I7MD0,batch-2,active
OPMJ2FAW6N,batch-2,active
43I2K2V6ZB,batch-2,active
LJNCMW1G4T,batch-2,active
VXZIWXXDTE,batch-2,active
C2J8KM84UF,batch-2,active
WVJH0FZ8VG,batch-2,active
GTG1U7127Q,batch-2,active
4AH5A5QXEI,batch-2,active
VN88GM0CY3,batch-2,active
TQWMYVZ53X,batch-2,active
PDFIYUEO65,batch-2,active
HWY281NTEK,batch-2,active
6L6R92PY6B,batch-2,active
EC7SR3LLZF,batch-2,active
2OZQS45G1A,batch-2,active
AK75VBB2GA,batch-2,active
A56YQLK3PN,batch-2,active
2B7J4FCC0O,batch-2,active
3ZUE8JCSAJ,batch-2,active
YYTD2WSF4N,batch-2,active
0AKGES1RMG,batch-2,active
PDMH2NEUSE,batch-2,active
MHLNJTP0WM,batch-2,active
2V1EUCQWS1,batch-2,active
NOK4EG3878,batch-2,active
SASIZ0VHLK,batch-2,active
XL710VWRAV,batch-2,active
O96M54E0HT,batch-2,active
BNFO1PAAEA,batch-2,active
6Y0EMK2PDK,batch-2,active
B86XHCVQAR,batch-2,active
I8G4EO2G7B,batch-2,active
2G5P8EDBZO,batch-2,active
XB11QU2EDW,batch-2,active
02R2AWS8LL,batch-2,active
6FYZYOJ15D,batch-2,active
WB769Z5ZEU,batch-2,active
2XZAMQALHB,batch-2,active
BSB8Q7XYBQ,batch-2,active
HKR506W309,batch-2,active
7YE1IBRXEZ,batch-2,active
7TWZZ5I65J,batch-2,active
VR9BYTW59P,batch-2,active
C2OWUUFIMZ,batch-2,active
U8WPYDU1NI,batch-2,active
Q0F58VARS9,batch-2,active
DAJJ6KRZZG,batch-2,active
M5PRI679QA,batch-2,active
O4R2I54TES,batch-2,active
OWY27GUJ19,batch-2,active
KVERQQ47IN,batch-2,active
RATIPFFC3S,batch-2,active
PZ31FBQRLG,batch-2,active
AZHBCPFXJI,batch-2,active
QMN2FRTBEQ,batch-2,active
RU3SW71KU5,batch-2,active
4W5B152DZV,batch-2,active
0WQ4MCYQID,batch-2,active
P63PFQ3RX5,batch-2,active
RQAU3MRMHN,batch-2,active
NB0ETGHDQI,batch-2,active
SPW5L1PQ0I,batch-2,active
62IERBA30P,batch-2,active
IIGLJWZ5K2,batch-2,active
YDKP18UPZZ,batch-2,active
3Y19HQWB69,batch-2,active
3CFGWJDOKJ,batch-2,active
NU5O1SHLD9,batch-2,active
JHA7IMYVWI,batch-2,active
JFGZCYYG6L,batch-2,active
YJG7CU54ED,batch-2,active
YC8RVQC8X4,batch-2,active
R9AZXSOCCK,batch-2,active
WT6JZVT2CV,batch-2,active
LDWX7STLU8,batch-2,active
PEVHLIBOSR,batch-2,active
51DDRTYWIL,batch-2,active
OC4N9JGV2S,batch-2,active
XQITF0GUIG,batch-2,active
RFBM16SG1X,batch-2,active
Z550FXCVB9,batch-2,active
WZ1GSXB7GB,batch-2,active
0I7NUO1H01,batch-2,active
OP8N4DX7HB,batch-2,active
YMHZR17H3Q,batch-2,active
NE9HQPMHIQ,batch-2,active
VQ1OW9W8VG,batch-2,active
WWPIJX66YK,batch-2,active
7YXGZK9P6V,batch-2,active
NV25JOPGSD,batch-2,active
V047LQJWMW,batch-2,active
QPWNGRN7CM,batch-2,active
PADYHUFRN7,batch-2,active
IFF16EX5X2,batch-2,active
R4IG95NP73,batch-2,active
9OLNHRIEBQ,batch-2,active
1KOIKKSAIA,batch-2,active
RLJUZ80YDY,batch-2,active
7ZO931COYI,batch-2,active
798J6BB0TS,batch-2,active
N0AS2GWI4R,batch-2,active
XURUHA6700,batch-2,active
TL5M5FPFAE,batch-2,active
LRK96SDK4H,batch-2,active
MT8I2ZNY8F,batch-2,active
9WUUAGXH34,batch-2,active
PGYL8Z6EF6,batch-2,active
MOYF6SWF8P,batch-2,active
S1NPGDJEWJ,batch-2,active
L19DVWIB09,batch-2,active
RIONTEMS7G,batch-2,active
WH2QAZKRKQ,batch-2,active
7PJC4JYHCB,batch-2,active
BA0OBJV6W5,batch-2,active
PMNJJUOZX3,batch-2,active
2IQ5B1OHSK,batch-2,active
ODSTPKNLHO,batch-2,active
I8HSMC6AUD,batch-2,active
VAPBRSAN0X,batch-2,active
L8Y3S3Z6AF,batch-2,active
JZ41XWI187,batch-2,active
SUU4CXITOV,batch-2,active
CJ996PN2GU,batch-2,active
XW4WU3B27T,batch-2,active
0KAGXVPQDS,batch-2,active
EOHSX43HDZ,batch-2,active
GUL2HANIY3,batch-2,active
LH05CEIBKP,batch-2,active
3OJJ6KITVU,batch-2,active
N6WTGPMF17,batch-2,active
J7ZKMBR0SM,batch-2,active
0A6GMBLM33,batch-2,active
A39P2AADK3,batch-2,active
PCE7GKIBFF,batch-2,active
A6VDOV9P6O,batch-2,active
Q9JU91W7X6,batch-2,active
H9SO3X1GA9,batch-2,active
PGVSOW44HP,batch-2,active
QGI7ISXXVJ,batch-2,active
SJLQSVU2U5,batch-2,active
3ST1A3HE9Q,batch-2,active
53HNWQ1AKD,batch-2,active
KI11J0HX08,batch-2,active
S7VS9FAKJH,batch-2,active
YTYE93QLBZ,batch-2,active
Q19B4EHVK3,batch-2,active
WUDLWPSJ2Y,batch-2,active
TNQH44QQAI,batch-2,active
CQWQWKQCO1,batch-2,active
GWA5MGNB8C,batch-2,active
XBEQXA6FN0,batch-2,active
5D78TBJ6U8,batch-2,active
L3WP0DY3BW,batch-2,active
1ZUVGOMQXH,batch-2,active
AEX66AH6PV,batch-2,active
6TZ4CRDZWS,batch-2,active
LUVYW71SSU,batch-2,active
JDGNBNBRB7,batch-2,active
9922MI98L7,batch-2,active
WDV2XUO1D6,batch-2,active
E97R14FJHU,batch-2,active
YQCORN8XPG,batch-2,active
97MZWAPHRO,batch-2,active
SV5IL5FJPE,batch-2,active
NJ9DP5GXJ3,batch-2,active
MDD8U37Q3N,batch-2,active
6EB2VFKTU8,batch-2,active
BLF3G41L31,batch-2,active
RAFXSFLIAM,batch-2,active
2J7UCVM5B1,batch-2,active
XWJMZW7K1V,batch-2,active
OL44S3VPH2,batch-2,active
X62I6Z6T05,batch-2,active
RNVX21P7T5,batch-2,active
4WP9VOY6ZB,batch-2,active
PA620K7CZC,batch-2,active
EQKPUEYAPD,batch-2,active
OIX9IL9SRK,batch-2,active
TVG790SCUW,batch-2,active
81EYTUR4NH,batch-2,active
V38THJFH47,batch-2,active
B0PCJZQWHO,batch-2,active
HPPMRFKIBM,batch-2,active
C6033WYVY1,batch-2,active
PW8C8X5N2B,batch-2,active
1VEVXQLRLL,batch-2,active
2AB16B9CA6,batch-2,active
X7ETUIKTNB,batch-2,active
BHV78IYBHR,batch-2,active
Z3Z5Q2NUWM,batch-2,active
O1WF8NIU5Q,batch-2,active
K1WMJD57A5,batch-2,active
ES9YV1587S,batch-2,active
FRU6X7Q7KB,batch-2,active
EVPCTDI9TY,batch-2,active
KMGDXIGPM6,batch-2,active
8NY024KI39,batch-2,active
RG6V09KRVY,batch-2,active
C0XE5OOCE0,batch-2,active
DBY34PR7NM,batch-2,active
TQ2TFJZDL2,batch-2,active
T73Q5N07GQ,batch-2,active
46MTOERYBL,batch-2,active
HQHHF1RKOL,batch-2,active
4VBF0GPQEE,batch-2,active
GAQ6QBHVOU,batch-2,active
N779NS21UI,batch-2,active
GZRSESNB86,batch-2,active
XGLG1AJW8N,batch-2,active
RZLJP7D2PR,batch-2,active
SI1MG5XKGE,batch-2,active
L3WVJ4LTMY,batch-2,active
6A4ZYKRKCO,batch-2,active
KEEP2FRS64,batch-2,active
8HMMTFJKZB,batch-2,active
65Z9D18DPD,batch-2,active
GZWP3MA21W,batch-2,active
96SXVZZIJ0,batch-2,active
845PSESVLJ,batch-2,active
WPP7XS8Q4V,batch-2,active
F2BF239ZKK,batch-2,active
NJ92CPWS79,batch-2,active
RPHKIDC9HZ,batch-2,active
2INB6W3699,batch-2,active
RLGVA7YPMX,batch-2,active
7FT61QD453,batch-2,active
YMSSZSTHZB,batch-2,active
F3XQB2ZKEC,batch-2,active
Y1AEN8GB53,batch-2,active
F5Q72OH03P,batch-2,active
K0OKT9SDH1,batch-2,active
3VFGDJD0RN,batch-2,active
G3GM5NY6VL,batch-2,active
ZYFZU81TQA,batch-2,active
2QSKAAWN9J,batch-2,active
BB2EMWP7WL,batch-2,active
PHB6WLEG7V,batch-2,active
9OQL8C7485,batch-2,active
42E62K07P4,batch-2,active
GOGBNC5JR2,batch-2,active
12UNU3TT8W,batch-2,active
Z9O9U7OOB5,batch-2,active
IK8PQ50TS6,batch-2,active
0RR76G88TJ,batch-2,active
KRCPXV0KKZ,batch-2,active
9E8KVSCE03,batch-2,active
BIWGTPMF4B,batch-2,active
SE7XWZ3NY7,batch-2,active
3B2ACEZZUG,batch-2,active
BYYBCKXS1U,batch-2,active
VD7FSIJCHO,batch-2,active
4YX8Q4PU52,batch-2,active
YCM0CXFH5S,batch-2,active
5FYZVYQ81A,batch-2,active
XR899DDWEE,batch-2,active
ZMUVPCEZ6O,batch-2,active
VNU3XF5WQN,batch-2,active
KEWM0HGBER,batch-2,active
7ECHW642K3,batch-2,active
PPEEZLWZ1C,batch-2,active
911M78TA7I,batch-2,active
I9FYMR5HQZ,batch-2,active
8UHTB0ZAL5,batch-2,active
HS9YA2E46Q,batch-2,active
4EB7RQZ4DF,batch-2,active
MV82T52BBT,batch-2,active
4JL9161OI3,batch-2,active
J38Z178OFC,batch-2,active
0LIEKXX0FG,batch-2,active
J6RUBDZFP2,batch-2,active
0WY8LIIPTX,batch-2,active
RTT7XJES2U,batch-2,active
UEPSY44TO0,batch-2,active
F5IVHFGPRI,batch-2,active
NZXLB175OF,batch-2,active
JAOPYJ8C0A,batch-2,active
L25NC2QBXB,batch-2,active
NDH18K5HFB,batch-2,active
4RZWVGVANB,batch-2,active
S8M7I6X415,batch-2,active
1JSF4R4FSZ,batch-2,active
YF9VTPJECY,batch-2,active
P7A3HAWABU,batch-2,active
3CZRNO5WRJ,batch-2,active
OIEBKDETZ0,batch-2,active
H8O28GM6BQ,batch-2,active
QC2S639NCF,batch-2,active
GYFBABSHDU,batch-2,active
QHO62JE79O,batch-2,active
JEA8I0F9OV,batch-2,active
LPKZ90IGN4,batch-2,active
PVDZD5312U,batch-2,active
DPBIA01LG4,batch-2,active
PVHQ65B7PK,batch-2,active
LXME6OZ9Q0,batch-2,active
4SZ47VX9R0,batch-2,active
05SHKJ4YMY,batch-2,active
NDPZRIG9I2,batch-2,active
3X9O996N0F,batch-2,active
VB62RJT84L,batch-2,active
OQ8RN37A49,batch-2,active
74F09NDMM8,batch-2,active
317KZSJSR5,batch-2,active
T9POLCX48D,batch-2,active
D09YX0S8SJ,batch-2,active
VAJ59OOHHB,batch-2,active
YG9DB4R7SY,batch-2,active
WRRHS0CG1C,batch-2,active
Z3HYD6AT0U,batch-2,active
3ZC5GV3N21,batch-2,active
QMAZD9EY38,batch-2,active
FN53VYK2QA,batch-2,active
CTWDVCV0ZG,batch-2,active
4MNMNCVDG9,batch-2,active
5Q12X4FPRP,batch-2,active
QDONWINPZC,batch-2,active
2LVH81ED6L,batch-2,active
F4KKRJ77WA,batch-2,active
656KJAVJDE,batch-2,active
YIF86S2W2C,batch-2,active
LE05SR9T2V,batch-2,active
U06WIMI6PF,batch-2,active
78GO12MI38,batch-2,active
OHSLF6J8KW,batch-2,active
C0DA4V6AEP,batch-2,active
DFZ01F3BAY,batch-2,active
OM05D4JBFQ,batch-2,active
LXUAHJ8SJQ,batch-2,active
8851GINK3V,batch-2,active
C825BJQTTH,batch-2,active
5OM7KRM5CM,batch-2,active
KXIC8T07X1,batch-2,active
MCKAJPYFR1,batch-2,active
4DHANBMIMM,batch-2,active
P3LB3WBXKA,batch-2,active
FWS50EI0Q3,batch-2,active
H8PX0W6FH8,batch-2,active
9NVZMLMASY,batch-2,active
68I8TW0XGK,batch-2,active
3AFJOKN1FR,batch-2,active
C56OJ3C674,batch-2,active
UI1VM5QHBA,batch-2,active
LYU1VG3GMU,batch-2,active
TY4SW0CBYH,batch-2,active
E32J43FPR7,batch-2,active
8UKSI00CVB,batch-2,active
YNLIQQ7M4Z,batch-2,active
2OL9CHPSS3,batch-2,active
9RAV9A68ZJ,batch-2,active
R7SJ2BKBSC,batch-2,active
KIXHLIMA5I,batch-2,active
KX6C2EIJM2,batch-2,active
2O3E1EU2NJ,batch-2,active
B7P5UN5SUJ,batch-2,active
ND7SL0CCXE,batch-2,active
K9PFPNZ5GZ,batch-2,active
CWG34QJROX,batch-2,active
PJGFWYIE73,batch-2,active
6XQ25V05WY,batch-2,active
USCR1WNNUD,batch-2,active
7M92TFBRVN,batch-2,active
B2PVW5FGNH,batch-2,active
QWLHHMY6WK,batch-2,active
0MTFRBZMS2,batch-2,active
6ST2YBXDG2,batch-2,active
GE3EEFNV6H,batch-2,active
6044M9PJNP,batch-2,active
L0F3CB8C56,batch-2,active
1AEROOAO65,batch-2,active
7MF2UXVCE3,batch-2,active
8FZ3D5KDSK,batch-2,active
3VXYTEQ2S6,batch-2,active
O0T1CEO7YH,batch-2,active
HBRH8MUNSQ,batch-2,active
75GPH0S6CS,batch-2,active
P6L0NZ19XC,batch-2,active
I0OC8MLAFC,batch-2,active
6IU3N694ML,batch-2,active
7KVXYUJCWU,batch-2,active
UFXL01FT0N,batch-2,active
KIT95LO3CR,batch-2,active
IN4X62JIO8,batch-2,active
T7KNH6B8FL,batch-2,active
LGYL4N6ULB,batch-2,active
8HSJSYDMNO,batch-2,active
AXUUQ5XMGC,batch-2,active
O3Q0Y77LKJ,batch-2,active
MRVD4CK9T3,batch-2,active
5KOEMPH6L9,batch-2,active
KTYENPNPEY,batch-2,active
R11P65F1UM,batch-2,active
WGTXP8ZZXI,batch-2,active
ENZNPEU1RF,batch-2,active
3MW33G7FQ7,batch-2,active
9ICCQR7XE1,batch-2,active
3ZI5R8E28X,batch-2,active
5CA6CT1U5M,batch-2,active
5IPO5M5PDD,batch-2,active
XWJ2YVZ8Z9,batch-2,active
WBSWAXNGDA,batch-2,active
2GBY8WVETB,batch-2,active
YR2339QNYC,batch-2,active
DOCIJI2KXK,batch-2,active
UOT9199OCO,batch-2,active
ZZO18B22DE,batch-2,active
BHD0NQEUAE,batch-2,active
4DPDDQ4OWH,batch-2,active
ZFJUG3650S,batch-2,active
9P1398ODI9,batch-2,active
DKUKXSMQX1,batch-2,active
DW00J7SEPR,batch-2,active
OP0P42SR2I,batch-2,active
WGC1YYOE30,batch-2,active
QEDQ6HD12V,batch-2,active
BL7UP5MYPE,batch-2,active
PKARYH5JP6,batch-2,active
8JWKOVAZL9,batch-2,active
PXLU4IIPIA,batch-2,active
ACN6420HA6,batch-2,active
PJ80A3Z26P,batch-2,active
EFJ96OVY03,batch-2,active
J32MH9X5VV,batch-2,active
DZYIJH0K35,batch-2,active
SY04N4A3KK,batch-2,active
NVLYJML7J7,batch-2,active
TJXJXR3UIS,batch-2,active
Z1M1VYJAW4,batch-2,active
X9OHG2SGW3,batch-2,active
REWH8TSQNK,batch-2,active
2JWY28UFW7,batch-2,active
EDC2C5F1CH,batch-2,active
SXADEOZ2NH,batch-2,active
8RDQ4WWKBG,batch-2,active
7W8H0YE4PW,batch-2,active
QTO1B2LNJV,batch-2,active
3740GY4QRT,batch-2,active
6YOQU27QB5,batch-2,active
0TRDOITUY4,batch-2,active
R4NJNR3GY4,batch-2,active
M3ZD886FGH,batch-2,active
BE1ZTBYKUI,batch-2,active
G8Z1RTP1S4,batch-2,active
XJXEID0CAM,batch-2,active
IHER9AA7KN,batch-2,active
YODJAVKGXZ,batch-2,active
YBZO3AHG4E,batch-2,active
ON599E1ZCW,batch-2,active
CFDRD2O05W,batch-2,active
9MWPTGVA1Q,batch-2,active
6W0I6QGL01,batch-2,active
2YWRX0BR04,batch-2,active
OP22XBDS0B,batch-2,active
A2DXAKMWCL,batch-2,active
P8UO7RRVB8,batch-2,active
UYS8ME6WHG,batch-2,active
7Y8R5O8RIH,batch-2,active
J8OKZE7JKO,batch-2,active
RNZNCKXBR3,batch-2,active
WZ2OTPI7EI,batch-2,active
H3SMITVXO5,batch-2,active
NY9STSLLK6,batch-2,active
5K26QDZAG9,batch-2,active
Q4UKT6WYJX,batch-2,active
UVBKCMZOVP,batch-2,active
9T92A69Y5G,batch-2,active
M4GBZP1FJ1,batch-2,active
DGAJN051CK,batch-2,active
P4FDJIEJ5T,batch-2,active
N2JZZWLMCD,batch-2,active
91EIBHY31T,batch-2,active
IKIKXYYZPY,batch-2,active
DJEUE1330Z,batch-2,active
AIW020PKM8,batch-2,active
PTQJLISIKI,batch-2,active
10YXMEYAHO,batch-2,active
JQDF7L15W5,batch-2,active
1AAL3I58GP,batch-2,active
DHIQ5FIK0V,batch-2,active
YWZ2WAX7AF,batch-2,active
JCNZ6UMJ11,batch-2,active
LHBC3S39R8,batch-2,active
OXRWCUMLB4,batch-2,active
IQT7CM0RJ9,batch-2,active
RYW7NTLKEJ,batch-2,active
2KDQPHAI3Y,batch-2,active
LD53SZC3G4,batch-2,active
W2ZMRVAKIB,batch-2,active
U1KCXJ2FGG,batch-2,active
YSRKXU9CJ9,batch-2,active
EMFCWHK3G4,batch-2,active
JKBUTXRNNI,batch-2,active
G647L8D5YI,batch-2,active
MUCOCJ72FY,batch-2,active
E5XCGL2HIE,batch-2,active
RB6P78EG63,batch-2,active
237U8UHRQQ,batch-2,active
5S631BSO9X,batch-2,active
5UTEGRAYAW,batch-2,active
4G042E0PSL,batch-2,active
FBM0WQQAL9,batch-2,active
RKSCZUXREY,batch-2,active
UGN1FDRY2N,batch-2,active
SGQXYVNO6O,batch-2,active
TT94GX312I,batch-2,active
LCLF29IMTU,batch-2,active
GVT06ZAC8S,batch-2,active
BBV5H1QJ37,batch-2,active
UETF33RSVL,batch-2,active
3US8O0H0MU,batch-2,active
WU5JDRMN7U,batch-2,active
TX9NF5MNJ8,batch-2,active
4DUAVMLCTD,batch-2,active
CT5369YH9M,batch-2,active
K9RJ9UE0E7,batch-2,active
OF6M7LV25B,batch-2,active
2XT7TNHIY2,batch-2,active
H1S6Q3PPZH,batch-2,active
WHGLBD62MA,batch-2,active
YATC0YIALV,batch-2,active
OTA92YH3EB,batch-2,active
O95R4LBXLS,batch-2,active
WSY8GWXO9A,batch-2,active
Z88XSXSFVJ,batch-2,active
PQ9NTDRDRH,batch-2,active
UIW5IUBE1A,batch-2,active
13QVYK79MM,batch-2,active
K0Q80X430I,batch-2,active
GI1ZYOM5IZ,batch-2,active
UW1HYEK6I9,batch-2,active
LNXBETPH4I,batch-2,active
F388SOSVAZ,batch-2,active
VZL70JAU1V,batch-2,active
JUZX055T6Z,batch-2,active
2MSW7LVX6F,batch-2,active
NULCW28JNF,batch-2,active
UFPZNNEYZ4,batch-2,active
MAHOE60CG0,batch-2,active
0NAFKLPIMU,batch-2,active
R6P8QH7NED,batch-2,active
8XC6ICLY8I,batch-2,active
JO0EOS8YEM,batch-2,active
P0O77KS9ID,batch-2,active
Y2NLSCTV6F,batch-2,active
EDUSNNIG9V,batch-2,active
SZ1SUHJYLW,batch-2,active
6SGOBS42CB,batch-2,active
8GBN5CO026,batch-2,active
EIUTN2E608,batch-2,active
C8TD6UY2GM,batch-2,active
W7QFFFA1LY,batch-2,active
U8MYHG65XV,batch-2,active
U28UVTC955,batch-2,active
T7VT0MAGXZ,batch-2,active
VD96OIJV9R,batch-2,active
SHFKJLYVK4,batch-2,active
G699X5DVEH,batch-2,active
CM4VRQOCOP,batch-2,active
LEKR2Y6ES1,batch-2,active
ZM1VB5LBSV,batch-2,active
WCC4502Q9I,batch-2,active
0FMANBVQ48,batch-2,active
PMFQHE8VLP,batch-2,active
YL4T15HIA8,batch-2,active
T7BEXTAN6R,batch-2,active
CS0KFFNLEK,batch-2,active
G88C0E1UF3,batch-2,active
HSVEY9FPPL,batch-2,active
4XDMB3KWWL,batch-2,active
86V9PJ922J,batch-2,active
9VMRQSDH7A,batch-2,active
EKAH471CYT,batch-2,active
9E1UIO6NJ4,batch-2,active
SQ5ITM9K8C,batch-2,active
5LSZ62ZJUK,batch-2,active
QWRHTJUWY5,batch-2,active
HP9ZOQB5MN,batch-2,active
2GMOGBU0TG,batch-2,active
HHZZ3FU1IM,batch-2,active
DZLT5RXEX4,batch-2,active
B64I5OQK0A,batch-2,active
NVBO30K3UW,batch-2,active
GCC8B7ADT9,batch-2,active
GRYN9D66LM,batch-2,active
KH7B78VD80,batch-2,active
671DMJE2Q3,batch-2,active
XPOALA6EQJ,batch-2,active
CN2RYZWM21,batch-2,active
P43IRFDRKI,batch-2,active
47WQU86R6I,batch-2,active
8DTG025WA0,batch-2,active
0CDLHXZ7XJ,batch-2,active
UFII9DAVYH,batch-2,active
BD5AMBTLET,batch-2,active
Y2GXOYI0IG,batch-2,active
QZ5TU9SGUE,batch-2,active
I741DG0SX4,batch-2,active
DKESSIAY6Q,batch-2,active
DT3ZUKGV9K,batch-2,active
47XH5CCESX,batch-2,active
S8PKXLVYP1,batch-2,active
199RBQZCX2,batch-2,active
2021UZKUN0,batch-2,active
K1DAZ4B78E,batch-2,active
O7G8FQRAWU,batch-2,active
PC89GIQVGT,batch-2,active
FDN0R7FUE0,batch-2,active
B3VN9Q8RAO,batch-2,active
6WCBHZMBFT,batch-2,active
WBDIFQ5VE2,batch-2,active
25LP7PRB0Z,batch-2,active
85YST4HNWC,batch-2,active
RMAES4CL3R,batch-2,active
XGZIGJNLAL,batch-2,active
BV7NI0UC2J,batch-2,active
YLGOREUXQG,batch-2,active
8L3Y7565AC,batch-2,active
CSPK38GXSZ,batch-2,active
L5L3OUDTR4,batch-2,active
LABQM5R034,batch-2,active
7L8TTGAQB1,batch-2,active
4QXJLPHMKD,batch-2,active
GBKNNWGNVA,batch-2,active
Z4GOA98WV5,batch-2,active
MHPJF83C5Z,batch-2,active
CVYDP5259O,batch-2,active
D7DLT8935L,batch-2,active
ZK7X1I80UX,batch-2,active
CLKNLHS9RP,batch-2,active
OWBZR4PP6E,batch-2,active
4BKD43MFEG,batch-2,active
4FGRQ8RQO0,batch-2,active
7MK9YM1LO1,batch-2,active
OOH93Z28NN,batch-2,active
S0SE4PUNLE,batch-2,active
57M44PASAR,batch-2,active
3WAY6AD65I,batch-2,active
78LKN9V7KA,batch-2,active
Y3U3PMWLI1,batch-2,active
HPZYOCNJMI,batch-2,active
1EIL7FPLLE,batch-2,active
AKY8BPMP7J,batch-2,active
IM2YLW9WV9,batch-2,active
KTBI6ID9QW,batch-2,active
PBGOGMKEZB,batch-2,active
LD3QWA8S0X,batch-2,active
GVX9W3OKW9,batch-2,active
T6VZ2J70RQ,batch-2,active
2NSMY9G5BS,batch-2,active
74AU6JW0RL,batch-2,active
T28F4SDNOH,batch-2,active
58K70YLPZ2,batch-2,active
Y2UUFK37I1,batch-2,active
94XDK8MJKK,batch-2,active
JCNI559E6K,batch-2,active
3ROIUYNSHS,batch-2,active
O1N4F0WC0U,batch-2,active
3HVG0MXOY0,batch-2,active
TKUJ1ITAHI,batch-2,active
YL3V9B494I,batch-2,active
I9M3NEZ2O0,batch-2,active
1NT8VS2DS5,batch-2,active
STZV6S2FV0,batch-2,active
K0E90A9WSG,batch-2,active
V2B8AG6V1O,batch-2,active
O55DY6WXRR,batch-2,active
2SU6MY1WT5,batch-2,active
UOS1CJ5QXZ,batch-2,active
3SSHJN2S6W,batch-2,active
F71F4KXERR,batch-2,active
0CWSNAVXMK,batch-2,active
JE3RL1VQP8,batch-2,active
NTTXJFYYHZ,batch-2,active
CGQY2R3NIE,batch-2,active
DC7QOIKTQK,batch-2,active
FW29I77D2U,batch-2,active
BOQLPRN95I,batch-2,active
R4Q9AE08RA,batch-2,active
7U59MKDTKQ,batch-2,active
L4D3PWJH3M,batch-2,active
2UV6KDN9OX,batch-2,active
YR0NXGOTGG,batch-2,active
GQXKESNIBT,batch-2,active
74XMEIUP5M,batch-2,active
EHKB2PL13O,batch-2,active
8YTH9UNMDO,batch-2,active
OSWZEXTOK1,batch-2,active
WVWCCEJ74L,batch-2,active
M1Z4O85YUL,batch-2,active
5Q91CXH5I4,batch-2,active
XJ4FWRPVB5,batch-2,active
SNA0NJLQHM,batch-2,active
X28ZB0ZJI0,batch-2,active
JMAZST7ZJ4,batch-2,active
52JNT54W4U,batch-2,active
WKAGTAGWNS,batch-2,active
MW32AFWBBE,batch-2,active
ZJ96EFKVPJ,batch-2,active
6I3NIOTC6N,batch-2,active
22Y853XG69,batch-2,active
G4MXV95MUF,batch-2,active
OFVTHBXEEZ,batch-2,active
862WMF1U4T,batch-2,active
A8GETZKWL8,batch-2,active
CSE9SDOW8Q,batch-2,active
YD7Y40WEI1,batch-2,active
JYSVKXK4GW,batch-2,active
7OUYVXPYBC,batch-2,active
YH5IHFR1RA,batch-2,active
GQWIHJAERE,batch-2,active
JRNOI4E7TR,batch-2,active
O1WPYWG67Z,batch-2,active
9OSQ2PFF37,batch-2,active
V1NMNHPNUG,batch-2,active
XX1WSGL0LR,batch-2,active
NGELHZOR5Y,batch-2,active
8CXETXGPOA,batch-2,active
519LVREEHX,batch-2,active
CZ9ESD60M5,batch-2,active
EKK6UPESGL,batch-2,active
7MSCC6S0DV,batch-2,active
JQJ7KQTDEL,batch-2,active
GS2L4EOFGE,batch-2,active
AKQFN2BX48,batch-2,active
WTR98CQKC5,batch-2,active
APB46N8F0R,batch-2,active
JFNC60Z6V8,batch-2,active
2ZOAVIKVAH,batch-2,active
FLVIQZX1TO,batch-2,active
HRZZNMR6VG,batch-2,active
F4V0TYJ504,batch-2,active
9GM9Z9BQZ4,batch-2,active
VRXINIFACO,batch-2,active
L1I491VXBP,batch-2,active
RBZ9C18P4N,batch-2,active
QJTTUUJXGM,batch-2,active
GWD9TSZY2C,batch-2,active
YWRUEPZ72C,batch-2,active
8Z9IQI0GD5,batch-2,active
W7VVEYSB14,batch-2,active
USE5G9SSRO,batch-2,active
SSVMW5E2X4,batch-2,active
VWCNCWPFL9,batch-2,active
6NXIMQ2N3U,batch-2,active
ETDTL8PLQQ,batch-2,active
VJBJ3ILJRM,batch-2,active
XKMCWZCZMU,batch-2,active
SUCL7OVIK3,batch-2,active
T2CTSBRSTK,batch-2,active
SMWCZGXXZ7,batch-2,active
5E4NDK0AKJ,batch-2,active
HPQK0ZK0NJ,batch-2,active
AL0BDFRLTM,batch-2,active
A0XBD4IE2L,batch-2,active
6HQ7VSA5DL,batch-2,active
F9XWQWUTM6,batch-2,active
I5Q78OAXAV,batch-2,active
1VHDUAZPM9,batch-2,active
PMG3EDLEK8,batch-2,active
6BP9HKFOJ8,batch-2,active
2527DL0EKL,batch-2,active
4M8PMTOXSL,batch-2,active
YV03TEL24I,batch-2,active
P9QC5U3QDE,batch-2,active
QZXMJ1D5ID,batch-2,active
E550MAP9RS,batch-2,active
JDPHSVHOUW,batch-2,active
AJXE2DBDBC,batch-2,active
LTWATXYJUF,batch-2,active
G8MVDXLBBH,batch-2,active
IQZJUBAPTA,batch-2,active
5MHW2TVJFG,batch-2,active
TB036FAO4R,batch-2,active
IWGV0D3ES6,batch-2,active
0F79GQN3KL,batch-2,active
9B3G3JLEC3,batch-2,active
7ZHZ94RJLH,batch-2,active
GDDSV3NI7Z,batch-2,active
7EYYKN6P8O,batch-2,active
XMR3TKWTNL,batch-2,active
H415YCQSXA,batch-2,active
2UOTZ72KC2,batch-2,active
TAQF3BZ6J6,batch-2,active
APW21QRI8S,batch-2,active
3GGXT43V2Q,batch-2,active
7ZB9ME1GRL,batch-2,active
IEZFN08IKZ,batch-2,active
W0SIX552OD,batch-2,active
R8B3VJEJ60,batch-2,active
7KCF3MXGRC,batch-2,active
N81Z7ZO4ZQ,batch-2,active
UTAS1H4C6P,batch-2,active
INUWLSDDNF,batch-2,active
HQPY8AD9J0,batch-2,active
4WGQ02ERPL,batch-2,active
VH91OKUIVT,batch-2,active
D2Z26CEDT7,batch-2,active
XJFK17428N,batch-2,active
BMBRX5PEL3,batch-2,active
GMR8F7YD32,batch-2,active
5NF8JGAA6G,batch-2,active
3EOQ92RS2A,batch-2,active
3HO5UXBQ60,batch-2,active
IU8NDN55Q7,batch-2,active
Q03XFBIRVU,batch-2,active
2HX61I6VUJ,batch-2,active
JP2GXVKD1N,batch-2,active
632A63U7SS,batch-2,active
WL2BHWOTL6,batch-2,active
J7B52B9G4G,batch-2,active
8WD9OJ8WTC,batch-2,active
FJCVND4G3J,batch-2,active
3P4HHQSY8R,batch-2,active
UVFPTUG1XY,batch-2,active
LMPOU054MP,batch-2,active
OS62GO4FDI,batch-2,active
YUKRR84YSG,batch-2,active
IE68XT8CQR,batch-2,active
74MP4P2080,batch-2,active
YLT7SI1TXJ,batch-2,active
NS5FL2YNTD,batch-2,active
MDYBQDNJWZ,batch-2,active
FH0DJS8V0R,batch-2,active
AKDVWJI9MP,batch-2,active
KNC9C34UUP,batch-2,active
34IMM043PG,batch-2,active
BMBNC9PRWB,batch-2,active
QB16M8GTEV,batch-2,active
PFPBRQ1WR2,batch-2,active
WJ3XDOACCA,batch-2,active
WMUCD0KADD,batch-2,active
2CXS9XAECJ,batch-2,active
U6PMWI20UB,batch-2,active
0FQHCMDZ50,batch-2,active
9ZA6HF8Q6D,batch-2,active
S6QPT810TJ,batch-2,active
7FGNWNJ1H2,batch-2,active
4QXZ1GARTH,batch-2,active
MGPHSLCX8C,batch-2,active
Z37T5LCYKT,batch-2,active
RR1XBYLZY3,batch-2,active
K3CV1K0QEF,batch-2,active
3QDLV446A3,batch-2,active
T2KNZHBFBY,batch-2,active
NHUN20P0IT,batch-2,active
6ZFITZI85X,batch-2,active
RDOX4PSB8O,batch-2,active
HMF734CIZ6,batch-2,active
OWR16IY7LY,batch-2,active
1OPN6YWZFW,batch-2,active
MGPRZ9SBYY,batch-2,active
EZLU9RJFGO,batch-2,active
BRTGLRM1XE,batch-2,active
ISMHOXLPXZ,batch-2,active
IHKYI6XXUK,batch-2,active
5TQCQJNUAQ,batch-2,active
0BTCWL0DXQ,batch-2,active
QPLVLB3KO8,batch-2,active
4D9AGGJI6K,batch-2,active
ISZ5L2F0TT,batch-2,active
HNRMC1QJIA,batch-2,active
95X6IZV919,batch-2,active
2I4FB1GN6X,batch-2,active
NKJ0IEB5VN,batch-2,active
J4ZVCNSI0A,batch-2,active
E3173SHMSQ,batch-2,active
6CUGNC0Z72,batch-2,active
HLJSGTKVLF,batch-2,active
TCBZS46SOX,batch-2,active
3Y0WG2ESGG,batch-2,active
YUSVQZL80B,batch-2,active
LXYEPYC4EI,batch-2,active
63TAJWZCNV,batch-2,active
RN5102K6Q7,batch-2,active
14JQYWQ8MZ,batch-2,active
WYZR7TQWNQ,batch-2,active
P3S0NV5CWQ,batch-2,active
YD4948M8B4,batch-2,active
L5WKJQ2KYU,batch-2,active
SZITLDVDMP,batch-2,active
Z9LFBEQ0FE,batch-2,active
55PD1XRMC7,batch-2,active
0YERALCNNB,batch-2,active
2Q3IB1YU5V,batch-2,active
D6JCYQTXF2,batch-2,active
UWIJGQHSV1,batch-2,active
998JKXG49U,batch-2,active
OJCW64TSO1,batch-2,active
5GDS1K3G0J,batch-2,active
FISMMBOU9Q,batch-2,active
K4SQAVK513,batch-2,active
03SG1ZNWQW,batch-2,active
CH2F2EYJLS,batch-2,active
X1HGYRSUC1,batch-2,active
Y73B2XPIPU,batch-2,active
GIW0XPDZM2,batch-2,active
0CZELPP8LG,batch-2,active
WILW8ANSIV,batch-2,active
AISD42BM8R,batch-2,active
L7MWEY5JY1,batch-2,active
A0CQIDGFEE,batch-2,active
PNB9FT5IJP,batch-2,active
SOLVQO91GN,batch-2,active
VQ7VR5W1OT,batch-2,active
ZZ2DKKTT4M,batch-2,active
BV2D3TXYK7,batch-2,active
75EY3C73S6,batch-2,active
ZJC0KJTN3N,batch-2,active
CO6WAYD3JI,batch-2,active
FJKWXGYWPS,batch-2,active
CVOHLE4LY6,batch-2,active
IY15ZE29OL,batch-2,active
FGHN2LXLTY,batch-2,active
822IX5RYL3,batch-2,active
8QQ98CYL0R,batch-2,active
JXUMX656D5,batch-2,active
6VFVKIMIP6,batch-2,active
IDAWCY6VL1,batch-2,active
U2L0QE8HWR,batch-2,active
5RSMW65QVT,batch-2,active
JX52ZAO8C6,batch-2,active
SU0VXMKSHR,batch-2,active
EL48FTFL6B,batch-2,active
WEMNDIUL1Q,batch-2,active
U3DUYEB1TM,batch-2,active
QT5UU4WVZ7,batch-2,active
UVV8YW2TT2,batch-2,active
4L7F5II5LI,batch-2,active
KLOZ30Y8A8,batch-2,active
NOMZV4SR4V,batch-2,active
FL24JYHBWC,batch-2,active
JW6ED97H41,batch-2,active
CZI7V0N4Z9,batch-2,active
5NZ12XS4GL,batch-2,active
C7RDVOMTOJ,batch-2,active
LMQE9H3WAB,batch-2,active
UIEEL2TD0W,batch-2,active
SXR4T4JIF0,batch-2,active
SLV079TV5Z,batch-2,active
1ZOWDT2YOJ,batch-2,active
T2LNSWOIC8,batch-2,active
F2CAVAV0LF,batch-2,active
8BIXC8U4DR,batch-2,active
RRZ2TV82QK,batch-2,active
ITEKY9TD9E,batch-2,active
78F0BR1BID,batch-2,active
AX4V7ZO1DH,batch-2,active
XT7CWPT3N0,batch-2,active
PX7RAEJ9SY,batch-2,active
U3VGGX77KW,batch-2,active
EV85SVUHMU,batch-2,active
53NBDNNWI1,batch-2,active
UUIV2AGGE2,batch-2,active
E1PRQ9NAAQ,batch-2,active
ZYDE7OJKLW,batch-2,active
RK86BT49YF,batch-2,active
H9RB5RHPK4,batch-2,active
BN7JJNAORH,batch-2,active
BBHX0XK4MA,batch-2,active
Z0MGUNXYL8,batch-2,active
ZS46BGVLNS,batch-2,active
2DFOT1EOHO,batch-2,active
0YFYTSYUIX,batch-2,active
USD744FWBU,batch-2,active
6DP712BPXJ,batch-2,active
B9UP45FDC7,batch-2,active
SNJXRK8BL4,batch-2,active
S4YYN61RDV,batch-2,active
3833H98M45,batch-2,active
6BSI7F7C72,batch-2,active
PLAJVU8OJ1,batch-2,active
FFSU3COHFP,batch-2,active
925C45FLLZ,batch-2,active
PC1TTN2T2N,batch-2,active
D7YGUFVR0Z,batch-2,active
P2GZJ4C3NZ,batch-2,active
UF9O1W0YSV,batch-2,active
H5MXF5CKKN,batch-2,active
NH5BX1QCVC,batch-2,active
B7CASZHKMP,batch-2,active
ODT5JJS6XI,batch-2,active
7HLF8MLYL6,batch-2,active
9S6W5GC7X2,batch-2,active
RBA7JMI0DZ,batch-2,active
LCCOLT9FNQ,batch-2,active
3I58AT6CAD,batch-2,active
6B01M2P00L,batch-2,active
UNAOSD9BCC,batch-2,active
U84PGVY95W,batch-2,active
K0L73Q7GB1,batch-2,active
II8MHU13CF,batch-2,active
O2ZVESH00J,batch-2,active
4I637PB97O,batch-2,active
N8L9HH1SGZ,batch-2,active
1BED5EGIXA,batch-2,active
QHFI7NV7US,batch-2,active
GDL21K8AUW,batch-2,active
7CP51J4TKX,batch-2,active
DKEE74M051,batch-2,active
J7OXW6F34C,batch-2,active
89OT8L2IOB,batch-2,active
LDLSBO1DIM,batch-2,active
U3S0K3YX7E,batch-2,active
O888CZON6K,batch-2,active
UDCI1G2SMZ,batch-2,active
EKXMQIZDSB,batch-2,active
DUO55MP9U4,batch-2,active
HSGQ7XT148,batch-2,active
PPTX0QYFM2,batch-2,active
5DZQE009QF,batch-2,active
YDGZ56H6RQ,batch-2,active
C8O7P4UI4J,batch-2,active
D8P81W95RC,batch-2,active
EESIHBA7E7,batch-2,active
MCRJ6RX3K3,batch-2,active
6BQPGA297L,batch-2,active
LAN60M3KRV,batch-2,active
4E0AT4QBD7,batch-2,active
0UP3D8796P,batch-2,active
KE2ROEQPR9,batch-2,active
B6H7739R3K,batch-2,active
17JU0QLZ31,batch-2,active
5YZB56R9YZ,batch-2,active
SU7K7MAGNE,batch-2,active
KRVOM5BJ39,batch-2,active
UBKJ1SOPBZ,batch-2,active
S48GOUGX1S,batch-2,active
XDLZEH1OCM,batch-2,active
7KR10U80YI,batch-2,active
P6FNGNX4Z4,batch-2,active
278ARU8TLO,batch-2,active
3MLPIG5AVE,batch-2,active
4JLTQFWHHA,batch-2,active
S0F2O8NQF6,batch-2,active
CVW9IWK5SA,batch-2,active
8XZID7MEY2,batch-2,active
UVMUVSMKB7,batch-2,active
GWF29CYZY2,batch-2,active
SJ5C5H6O2N,batch-2,active
HQJYH8P7TO,batch-2,active
PKZSIHIEG3,batch-2,active
CLAOBHFCW8,batch-2,active
OP2GOQD6SD,batch-2,active
Z447YCG250,batch-2,active
THH8PYGFK4,batch-2,active
Q1Z3403RAQ,batch-2,active
S3Z0WR3NCX,batch-2,active
GRDGW13CSN,batch-2,active
EQLPWDZYA5,batch-2,active
2I8DHRLWHL,batch-2,active
TB9EJTT1II,batch-2,active
QWVI9AGAM0,batch-2,active
1BXBVPCXVN,batch-2,active
FY630ITTBQ,batch-2,active
KDVAGK0YU7,batch-2,active
JNRXJ9JT3K,batch-2,active
JBUUXG83OC,batch-2,active
8LBJTF1WL2,batch-2,active
2WS3M0YTX3,batch-2,active
5WOCLX9AW0,batch-2,active
K7X0NJTOLL,batch-2,active
ZS5Z3WKB26,batch-2,active
BXDLF1Y1CQ,batch-2,active
RIMPZ6JPH4,batch-2,active
AUAK0GNZBI,batch-2,active
3773V8B1OS,batch-2,active
LDONN6RCL6,batch-2,active
SWM90EW48Z,batch-2,active
BIPTP62D08,batch-2,active
KX89NT5EKL,batch-2,active
7ZUGH4WB1I,batch-2,active
S9IMRDWPPE,batch-2,active
TYDFVVCR79,batch-2,active
WO7USC972U,batch-2,active
GKJQIIZK9Z,batch-2,active
YKHF33J14P,batch-2,active
YZWTR21OXV,batch-2,active
99HLTG7NOR,batch-2,active
T5GUFDEDCX,batch-2,active
0C5CNXYPTF,batch-2,active
F5K2J84H51,batch-2,active
B08TQTFUML,batch-2,active
71D4WTQGBZ,batch-2,active
KIDY9RYJNT,batch-2,active
53241XE2K2,batch-2,active
6C8CSTUDDC,batch-2,active
AX14I1RD32,batch-2,active
ABRGCG0FBB,batch-2,active
E0ENFDG2LN,batch-2,active
2E0EBFCGS5,batch-2,active
OCDEX2LNZ0,batch-2,active
E0BI26KSFP,batch-2,active
KH8G9Q5UUO,batch-2,active
3Y5OXK413B,batch-2,active
9HYX0GCL8Z,batch-2,active
VN64F9QKRQ,batch-2,active
5EZH5Z418L,batch-2,active
T3DR6IBS89,batch-2,active
NXO7SC5RSA,batch-2,active
ZLWPHJXYRS,batch-2,active
IVRPSHDDNF,batch-2,active
RY72VBXE87,batch-2,active
MLFYTDYFGJ,batch-2,active
M56XIPPUZB,batch-2,active
XBUV2PWY8G,batch-2,active
TH07UJ5LP7,batch-2,active
3RNU57VTGH,batch-2,active
J42BD62DL0,batch-2,active
4CJ2MTP25V,batch-2,active
SAG3LDO4DK,batch-2,active
BBN4WUK90B,batch-2,active
TI67GIGJT8,batch-2,active
23NER90IB6,batch-2,active
4JCB23TXVS,batch-2,active
4B4GEAN2SO,batch-2,active
BIN78C53LU,batch-2,active
MPGVWFQRHI,batch-2,active
ZXM8YZYPWT,batch-2,active
QTLTA8W57T,batch-2,active
ELW8E7I3C2,batch-2,active
Y2XTBIB11J,batch-2,active
Z8RZL93E7Z,batch-2,active
M2ST5Z5QEH,batch-2,active
Q0NQXSOUR5,batch-2,active
KNHZFHEV14,batch-2,active
NGOU7EDGXH,batch-2,active
XLKXTLXHKP,batch-2,active
H813F0PDUH,batch-2,active
IHJGPZGXD9,batch-2,active
5FZ1J0XY1Q,batch-2,active
MZ85IF6TE2,batch-2,active
7SEJDRPZQ2,batch-2,active
IRTBIJNMU0,batch-2,active
Q2LWR88QZ5,batch-2,active
CXGZ1RCZHA,batch-2,active
PC1WCGYFE3,batch-2,active
BK81YSV8JP,batch-2,active
Q5OLMR3PC3,batch-2,active
TPSXJ7Y1JR,batch-2,active
AQKY87CTCF,batch-2,active
H5OBA02U90,batch-2,active
UBIGL7BT27,batch-2,active
N4BUMTQ5J5,batch-2,active
ARHTJKO8HQ,batch-2,active
MTLHAIKCJ7,batch-2,active
12L17YJIS6,batch-2,active
G12BTA8Y5R,batch-2,active
RRBIWTO5PP,batch-2,active
CFXDD2PUO4,batch-2,active
0SXRNR7TSC,batch-2,active
RTY491VG8L,batch-2,active
GGDS1CD7GF,batch-2,active
A5G9J65IUG,batch-2,active
PJ8MHQRX9D,batch-2,active
HWEXBP9Z6E,batch-2,active
3B8PY41SCG,batch-2,active
2U65VUQEVJ,batch-2,active
O358ETUJ85,batch-2,active
1ASITVPK4K,batch-2,active
CQWHZ8MPUU,batch-2,active
HX1FURD772,batch-2,active
HKJ2OIB419,batch-2,active
GC97TEYIFJ,batch-2,active
K0FQ2WAD4E,batch-2,active
ZUPW2KO1RU,batch-2,active
MZW9RFEAQX,batch-2,active
761S2JEDV4,batch-2,active
SFRJ97JM8Q,batch-2,active
DQK7IS1NBY,batch-2,active
5KHWZEUOVL,batch-2,active
2JCGAMHIJ8,batch-2,active
7OOJVAU3YK,batch-2,active
KF5DZ1ODZN,batch-2,active
62DTOTNOB8,batch-2,active
WZ3VC061KV,batch-2,active
2RCAYNKPBI,batch-2,active
AANDHO101F,batch-2,active
U17TD8N8SZ,batch-2,active
1TNJGFV4R5,batch-2,active
NEORHFS3QA,batch-2,active
7QI58NDJYX,batch-2,active
R90246HTIF,batch-2,active
MO1W10ZGVM,batch-2,active
N8V342Q4PV,batch-2,active
KXF39RYOX6,batch-2,active
F9BTVFTTUN,batch-2,active
7O14N7DTH7,batch-2,active
OI6B9W0E9J,batch-2,active
P80DIG352E,batch-2,active
TJQK3FDWTS,batch-2,active
YYALJHTTR2,batch-2,active
PXEMTBWBWS,batch-2,active
ED6SIRQVE9,batch-2,active
I57MNM38GY,batch-2,active
XU5OAXGEUC,batch-2,active
TRZJFH2IGV,batch-2,active
77JF25T18T,batch-2,active
7RCZEN9Z9V,batch-2,active
CL0KDQWHG8,batch-2,active
YI2NQJJLDU,batch-2,active
K6CG4L6EIU,batch-2,active
XSFS4GDWWM,batch-2,active
3X4DV40NBR,batch-2,active
GW731T2V9N,batch-2,active
8W570QUAS5,batch-2,active
B7GGJBCTJV,batch-2,active
RYTLMI5NGQ,batch-2,active
XNVZ65R6FZ,batch-2,active
SK52VSLRC8,batch-2,active
X0UEGJVZN1,batch-2,active
QWCTHZ7M3J,batch-2,active
FOHJ5SNZY7,batch-2,active
TH7PBP35LF,batch-2,active
RZ110LPOHA,batch-2,active
B74Y15SEJS,batch-2,active
Q7YZRY4XOB,batch-2,active
H6ROZVO2AR,batch-2,active
BHXGHGMS64,batch-2,active
MSHTN3AMSW,batch-2,active
1HHRZE9W7R,batch-2,active
4F8JTGZZYI,batch-2,active
XLUAIL5558,batch-2,active
SMZ6IUIBPA,batch-2,active
B8FCT3N67C,batch-2,active
LMK0KMHOFQ,batch-2,active
BXNPWNOBPJ,batch-2,active
7A2QO1UP7P,batch-2,active
ODC0O26SBQ,batch-2,active
WQX9CN43G9,batch-2,active
1M9M14IJNK,batch-2,active
15YJ3Q8OQH,batch-2,active
GIADTA044F,batch-2,active
KIKMKSMPC0,batch-2,active
1RX2WFNIQU,batch-2,active
3SGQKBD3JX,batch-2,active
Z4Z5QGY1AH,batch-2,active
ED2KNLZX7H,batch-2,active
2ZNPGE99KY,batch-2,active
U5MTY2OVMU,batch-2,active
5U6M441IZ5,batch-2,active
T6CWKJMLVY,batch-2,active
MZDXIDLUG5,batch-2,active
8FTVR60PKF,batch-2,active
1O0LU3D1TQ,batch-2,active
R330E2H2G7,batch-2,active
FRPIHJYNFY,batch-2,active
NLBVQTVWM9,batch-2,active
FCCMOHB6ZX,batch-2,active
NY5D8EKSLD,batch-2,active
LXYXQUNAV0,batch-2,active
7M6Z6JU5FJ,batch-2,active
AFPGQDCO0P,batch-2,active
2HQ4FW0FGN,batch-2,active
C1BDIML3AI,batch-2,active
84S100J2VC,batch-2,active
DNOCH26JFE,batch-2,active
CFMOP7N89N,batch-2,active
LGRBD3RRG1,batch-2,active
ICL0UX42TO,batch-2,active
7K21T6XB6B,batch-2,active
4LX67QG9M5,batch-2,active
7M5ZOT6KBM,batch-2,active
Y659FV774E,batch-2,active
JP42OGRKHL,batch-2,active
33LU5UW90S,batch-2,active
CYK5Y4DI3C,batch-2,active
O20UMV51PZ,batch-2,active
70IYAPMV8S,batch-2,active
W7FTFV7LC7,batch-2,active
DO382P1P2H,batch-2,active
NWECNESNVQ,batch-2,active
GH9N3EU2CR,batch-2,active
LKZHMLY5OK,batch-2,active
0XVPNB0O0U,batch-2,active
8MJZ5JF6DP,batch-2,active
JWRKML03SZ,batch-2,active
PHA5FGAG4Y,batch-2,active
JGYTQV3LFN,batch-2,active
17QA9I10S7,batch-2,active
VPI6GNXRGR,batch-2,active
4O7IHONRDA,batch-2,active
5KZ8RWRWAE,batch-2,active
CJ45YKUA0R,batch-2,active
A87PW7DDBZ,batch-2,active
F5LWNQZE8E,batch-2,active
6WIQDE0F12,batch-2,active
OT4U0SX4L7,batch-2,active
ZTAP1NYYQM,batch-2,active
F309G3M7DV,batch-2,active
INDBKHONTD,batch-2,active
LICUQG5WWN,batch-2,active
G9WO1EUAR1,batch-2,active
PYBSJZUDPP,batch-2,active
A5LCW507OX,batch-2,active
ZCLN551PHQ,batch-2,active
M0P0GN32TM,batch-2,active
INL6S261AI,batch-2,active
NYJO8GJACL,batch-2,active
UXMVO1IUAU,batch-2,active
H2AYO3TFT7,batch-2,active
9K9L81BVLZ,batch-2,active
1HMSOPWKDN,batch-2,active
XAQTEY3W0V,batch-2,active
XDX7BM474L,batch-2,active
UCXODRNAJX,batch-2,active
UFCLU340SI,batch-2,active
2N9F5VORR9,batch-2,active
N3UHIQVXCI,batch-2,active
7YFUGMUOD7,batch-2,active
JRPRFNNPZ8,batch-2,active
VXIMJWPFZJ,batch-2,active
BY6VA4ERAB,batch-2,active
EY13CUXTM3,batch-2,active
RPK3D65499,batch-2,active
VYFUC260YJ,batch-2,active
E9NF216X2U,batch-2,active
AF1FC7T44F,batch-2,active
0Q2UXBMEWS,batch-2,active
J3IYBY2GZS,batch-2,active
PLOUBMXV6B,batch-2,active
PK74DKMEXU,batch-2,active
A5SHJ9JGX4,batch-2,active
9E5LPUL8WM,batch-2,active
8RWULA40WI,batch-2,active
L19PWDMVEX,batch-2,active
ZMMVW8L744,batch-2,active
2ZAVC83ELP,batch-2,active
VMCTZYV78K,batch-2,active
UE0HXQP6EJ,batch-2,active
T0DUYUTFIG,batch-2,active
UTL12FMKFY,batch-2,active
DQI1P5YQM8,batch-2,active
9Z3YBH93YY,batch-2,active
KODH9SI1OY,batch-2,active
907SF8ZOH8,batch-2,active
BVHGE9WQ61,batch-2,active
8Q2L39X961,batch-2,active
BNYVPB6RXF,batch-2,active
INR9EA8946,batch-2,active
5CAN27H12T,batch-2,active
UZRM32HV6B,batch-2,active
VMFWHNFEJK,batch-2,active
7ZJ2TK85T3,batch-2,active
BI45TU3JAY,batch-2,active
981NBCME64,batch-2,active
6BC3LRAR7K,batch-2,active
Z9X9YK6F7K,batch-2,active
KCQT2Y4KRF,batch-2,active
VCTR6YOT5B,batch-2,active
KYWMR32VQC,batch-2,active
EGFBB4ID38,batch-2,active
NU5L6B5TQ9,batch-2,active
KC0TEZS2V7,batch-2,active
5PWEUTKA9S,batch-2,active
LE56V06BXR,batch-2,active
0R5L82W9K8,batch-2,active
FXGTIV7RVU,batch-2,active
KCBAW3325E,batch-2,active
HI90Z6WQT8,batch-2,active
2EDNTWCAVV,batch-2,active
Q6YZ7OWBZQ,batch-2,active
PHIS77Q9KC,batch-2,active
RQHI8KQHLT,batch-2,active
ZYZJM0VW75,batch-2,active
G6X5DP65SX,batch-2,active
S3VA0CURIF,batch-2,active
PBA8XYFXSX,batch-2,active
TW5P4L5CXB,batch-2,active
Y5NJS7BK17,batch-2,active
LYZXFQ4NEV,batch-2,active
UMHLOXZ54C,batch-2,active
UNUROYNQ5K,batch-2,active
U67MTSPFE1,batch-2,active
YX9304AXU2,batch-2,active
WHSWCFBUE6,batch-2,active
M7UOZK5IK6,batch-2,active
1JD8SYHRAE,batch-2,active
XHCTXACZ52,batch-2,active
DYZUENEFPO,batch-2,active
059Y6IRH6T,batch-2,active
M6MSELZIBN,batch-2,active
4HF7L3YHR1,batch-2,active
TB4IINOS06,batch-2,active
KHES5XCLBS,batch-2,active
CG9OJDU30S,batch-2,active
0ZNZBHPO9W,batch-2,active
55PLLGG0E9,batch-2,active
BULETY148F,batch-2,active
B9HXGNFJBW,batch-2,active
5CZ77LLCGL,batch-2,active
0POEKK84Y2,batch-2,active
242Q58MRON,batch-2,active
3SKHZ1O9C1,batch-2,active
VVOFANQ4E6,batch-2,active
UCOHX1WO1N,batch-2,active
7XJGTEEXGG,batch-2,active
2FBLDFK9UO,batch-2,active
LJNYZVMUFR,batch-2,active
JGL6DTY79N,batch-2,active
JXIZ44WSWX,batch-2,active
NPZRCIT20B,batch-2,active
OWKT2U6AHY,batch-2,active
A6UQM5O0IP,batch-2,active
T901IN3FEQ,batch-2,active
U79TEE8P1A,batch-2,active
TZPMVA7JOZ,batch-2,active
G29HOXU8EY,batch-2,active
N4OY95P5O4,batch-2,active
G4WY2Z2O3F,batch-2,active
CX87AFXXEJ,batch-2,active
UTSK63V3I9,batch-2,active
D6SOTQJFJI,batch-2,active
W6G4KCG56L,batch-2,active
M9Q05BVZSK,batch-2,active
FM4O02DKG5,batch-2,active
CDVSO3ZI8X,batch-2,active
RHAZRU1GN7,batch-2,active
S1MH87RHKT,batch-2,active
1Z3S4FMN0A,batch-2,active
7YYVK5SVFH,batch-2,active
5HHT2WQYGA,batch-2,active
AMVGXKBP23,batch-2,active
SVJ870TKPN,batch-2,active
QF1YFXABVA,batch-2,active
MJ2PTOHXQJ,batch-2,active
ISEGTWJUU4,batch-2,active
7DX88T2QNG,batch-2,active
8ATE6IXWDM,batch-2,active
GLIBW0GXAD,batch-2,active
7VK2B4EJ0M,batch-2,active
TYD8G4J2H5,batch-2,active
1QNRSEQJWS,batch-2,active
I2S6QMT4OV,batch-2,active
QIQH7LI9ES,batch-2,active
JV2Z5X6MI2,batch-2,active
4KH5031ABE,batch-2,active
95E3SPQS2M,batch-2,active
T0KDRHXPUW,batch-2,active
9YLVE3IWC5,batch-2,active
T0L26WBLZ1,batch-2,active
M87Z6ENYBH,batch-2,active
PD4L36NP5A,batch-2,active
1QMQ8CH3HI,batch-2,active
BGRITQWDBY,batch-2,active
9RCR6Y79ES,batch-2,active
EJHG94BKBU,batch-2,active
BI1U9HE97M,batch-2,active
TA53PL7SMK,batch-2,active
8KMGFR5TTF,batch-2,active
7PP2RWTLN8,batch-2,active
DY6UXETU4W,batch-2,active
Z60RF3M5O6,batch-2,active
8IEJL35F5D,batch-2,active
7WAD2AE2OB,batch-2,active
PND6Y4OYNC,batch-2,active
BM8K6HCCGG,batch-2,active
3N1RNDD4WR,batch-2,active
ZEMIV7JHVM,batch-2,active
74927RBGI2,batch-2,active
2J2M7RE0JR,batch-2,active
ON04FGKG18,batch-2,active
ZCVBQ2SZMP,batch-2,active
5IJ082T4KB,batch-2,active
NJZPPY1FFB,batch-2,active
KXZ3QV6DNB,batch-2,active
Q3CMKGRAPR,batch-2,active
YR77QV78F9,batch-2,active
YM8I56D0ST,batch-2,active
2MW7CAW8YX,batch-2,active
9PT1763LTK,batch-2,active
L9LZVO3U1Q,batch-2,active
42GVVYGI5Y,batch-2,active
06HLFUN7MV,batch-2,active
XUFYKMZ3K1,batch-2,active
NN2L24305V,batch-2,active
1XXS6LDZKG,batch-2,active
ZB0JIISV2P,batch-2,active
DOOEN73CTH,batch-2,active
SVK2H5TUVJ,batch-2,active
PDKW39QC2I,batch-2,active
U5GRKI9V80,batch-2,active
14MNGJKD4T,batch-2,active
CAI2OG5RUP,batch-2,active
FW7OU8GVGO,batch-2,active
PL7XDNQNWO,batch-2,active
A9B4ZTZO6D,batch-2,active
1XUORIQHMW,batch-2,active
0OTB4LTXTI,batch-2,active
I18X4WOVL8,batch-2,active
XYW40B268Q,batch-2,active
KLGI99NDYY,batch-2,active
WI09DYMPU8,batch-2,active
PYDBJUJXVK,batch-2,active
J07CEL64AU,batch-2,active
VHYWLX5QCQ,batch-2,active
VFPVRN2I97,batch-2,active
B71ZVHCYR8,batch-2,active
X71DZPR7RJ,batch-2,active
XALR87YTTG,batch-2,active
OSD3PYN73Z,batch-2,active
LXGQPCREAN,batch-2,active
4UKKGCLSB4,batch-2,active
IV2OH14I13,batch-2,active
2L5BE4RU8O,batch-2,active
VPMTOXTOX2,batch-2,active
GY2CD5R701,batch-2,active
YXW8H3YIMZ,batch-2,active
L6RXWIY89E,batch-2,active
S4IX0AFI9U,batch-2,active
2ZTNX1MBHU,batch-2,active
GSWVAIWP21,batch-2,active
O4KAHBTPW1,batch-2,active
6LC4T3HGOG,batch-2,active
6JTIF74W01,batch-2,active
DG6D5XH7JG,batch-2,active
9UREUI9TL9,batch-2,active
SL7E7R1PPU,batch-2,active
ZDAUDB50JV,batch-2,active
8385UPKQDZ,batch-2,active
ZHN5YLMJZH,batch-2,active
5MODH2X4NY,batch-2,active
MPMJVH8NZP,batch-2,active
WTIWMV4HE8,batch-2,active
JCBHLJZC71,batch-2,active
FHJPXPI0ET,batch-2,active
R43U360EDQ,batch-2,active
4FR4EXQ2V2,batch-2,active
6R2VX6VOYU,batch-2,active
KLC6XEHAL7,batch-2,active
GKIK4L0MXD,batch-2,active
94WIEE01KD,batch-2,active
YQ7E56MSSL,batch-2,active
GHVQADZJ7L,batch-2,active
JY0HCNAT1I,batch-2,active
E62GHDY2RY,batch-2,active
LYP3I4O9NE,batch-2,active
KW9JVJTQI4,batch-2,active
XWJ3QLTONN,batch-2,active
DHNYNPFZUE,batch-2,active
UKQVML3BOC,batch-2,active
GLY28VCEM1,batch-2,active
LX1EY3NBFH,batch-2,active
FG1R0J37QT,batch-2,active
IKZ5LOFMKP,batch-2,active
R1NC1227YI,batch-2,active
5D8OKO5F7O,batch-2,active
U4JOVI9RJ9,batch-2,active
7OLPALTBJ9,batch-2,active
H5PUWB6WJ7,batch-2,active
J7BLYINMOZ,batch-2,active
O7UUQC5PSG,batch-2,active
XGI1OCV7NG,batch-2,active
YVRTG1PC2A,batch-2,active
1LDS8VLXM0,batch-2,active
Z09GO8YK3I,batch-2,active
LNILQWSFPS,batch-2,active
KXQQGLUCVB,batch-2,active
XOXMAE8I1L,batch-2,active
0YQYY6JGTF,batch-2,active
SIIC8E4UB2,batch-2,active
JR505KAYAM,batch-2,active
1VBNEV2SW2,batch-2,active
WEV9FOM183,batch-2,active
NV7I4D207O,batch-2,active
ENMPKGE68B,batch-2,active
5WW0PPEF2F,batch-2,active
B2EXUZDFXW,batch-2,active
N61AT9CVZ7,batch-2,active
0CK2JMYUEP,batch-2,active
GQ02YL0OQ5,batch-2,active
Y1H4R6SOMX,batch-2,active
XJHWN7IRGT,batch-2,active
GW5WI46HSK,batch-2,active
YBZGLCM7EA,batch-2,active
1QN86MSYGI,batch-2,active
9SQKRQ5NMV,batch-2,active
W3FHCNC3RN,batch-2,active
H95H6QH5X5,batch-2,active
SX3EDGZ7Z3,batch-2,active
OOJHKLOLCX,batch-2,active
ER0F0V26VF,batch-2,active
0TD90Q00X8,batch-2,active
VOPX9S1CHR,batch-2,active
3WNQ5UA073,batch-2,active
CW4WDKVNX7,batch-2,active
9GP2WOBUQK,batch-2,active
90YZYXT2GZ,batch-2,active
EVUESLQ4NP,batch-2,active
MU0AE5E382,batch-2,active
48OUCRSB1L,batch-2,active
2UJNUUA79O,batch-2,active
ZTS7WW2XO8,batch-2,active
NTQPP86H1H,batch-2,active
IYOKM24653,batch-2,active
BV549WH8HI,batch-2,active
NCD6L0PGNO,batch-2,active
3Q3C6413I5,batch-2,active
GG2ZT5LNET,batch-2,active
E3ULO76MKA,batch-2,active
XHW2KXGF52,batch-2,active
S3ZGMM4OD3,batch-2,active
827F4DOOXD,batch-2,active
VWJE3UW19Z,batch-2,active
6LIQ7IHU1K,batch-2,active
ZT3LK897Z1,batch-2,active
IHPOHB32HG,batch-2,active
Q5RJ5I3V0T,batch-2,active
QH2RLLKU87,batch-2,active
S8BWRTHMLK,batch-2,active
O88PMAINO3,batch-2,active
RSPORPBDUF,batch-2,active
KZMP816LX7,batch-2,active
QR8T6KI82N,batch-2,active
0592RBV4KL,batch-2,active
9IRFBOJ3D3,batch-2,active
E5A0JAT2FL,batch-2,active
45PUNPC9W7,batch-2,active
0GCTDNYSLY,batch-2,active
8DX3WRVQOC,batch-2,active
4FT72BO3WE,batch-2,active
JEELLXL0O9,batch-2,active
SAOOH9UQU2,batch-2,active
N825Z9W6LA,batch-2,active
3SF0PZ0LJD,batch-2,active
OT8F7F7KYX,batch-2,active
MUIOHR21L4,batch-2,active
XBB3BT24BY,batch-2,active
53CMETNMEU,batch-2,active
YK75GLOAAL,batch-2,active
U8HZVIX38E,batch-2,active
HFW9UO6TAF,batch-2,active
FH7WF2AM8T,batch-2,active
CGC9NAZGR0,batch-2,active
TKN03VTO2S,batch-2,active
US9YVCN22L,batch-2,active
DPV5S6KA0X,batch-2,active
1P2OKJ6TQE,batch-2,active
2ULW1Q0VIY,batch-2,active
ADLT6BWY7O,batch-2,active
P11PM87BYS,batch-2,active
LI7912BK13,batch-2,active
R83EXWAN3B,batch-2,active
24RQX5Q91I,batch-2,active
9REUWXOI4K,batch-2,active
AB0YQFN9E0,batch-2,active
1OQ0DOLOH7,batch-2,active
RQ5226PXE5,batch-2,active
2UIKZPRGFQ,batch-2,active
U7KPYRGL7M,batch-2,active
YSQL39GKWV,batch-2,active
NHWW44PL0O,batch-2,active
C2A8IO9RVS,batch-2,active
I9QHV26WZR,batch-2,active
TLACHKQLX2,batch-2,active
5DA4LUFVWO,batch-2,active
FLQR6QBX6B,batch-2,active
NJK3Y7ZCFW,batch-2,active
U3YQ8OGFR7,batch-2,active
9D9L44UWMI,batch-2,active
6TER37G5EK,batch-2,active
CX23Q7LPZF,batch-2,active
KXZ2T2GRPL,batch-2,active
J98P9LLCJ0,batch-2,active
J85A7YEG54,batch-2,active
UOV1F3SWNP,batch-2,active
77APB0W92U,batch-2,active
AMNFS4WC91,batch-2,active
U2AHJKKSVY,batch-2,active
QNS41K6SE7,batch-2,active
FESLBKHBDJ,batch-2,active
1LVCB476PR,batch-2,active
NZM2F58IRQ,batch-2,active
THEZ9GLNLR,batch-2,active
MLBDW4HRJS,batch-2,active
8NLTNINPWO,batch-2,active
WRHJ4XM1KJ,batch-2,active
Q1KW7SU9MA,batch-2,active
P48ZBW8NML,batch-2,active
K8X75KK1OZ,batch-2,active
Z65EXRXYJS,batch-2,active
LY2F92V7H7,batch-2,active
TACG4ENHJW,batch-2,active
XVULTI0AKJ,batch-2,active
NKG7FJXGJV,batch-2,active
LKDWR22AF3,batch-2,active
UVYUJY81FF,batch-2,active
S806KO5MCQ,batch-2,active
LP85JLQ09Y,batch-2,active
557ISDK38S,batch-2,active
NI6HYM3WU5,batch-2,active
VCCX3ZLEL8,batch-2,active
S6HTWWZQCM,batch-2,active
48VL5CY96C,batch-2,active
YEHBZV41EO,batch-2,active
7BMQ8IHL43,batch-2,active
TPD1BUKGSM,batch-2,active
USV7LJLF4Y,batch-2,active
23EG4OHOJC,batch-2,active
KO5FKV9UIB,batch-2,active
2IIMA747IR,batch-2,active
YXE4YSPKXM,batch-2,active
IAWTXE3HXQ,batch-2,active
UYZZQGL31M,batch-2,active
ZOTBLDOMTY,batch-2,active
QF80X5WC23,batch-2,active
VSVBUFBF7G,batch-2,active
RTKMPU0SL0,batch-2,active
4LY1IDVGVR,batch-2,active
NYIEYUQOZH,batch-2,active
BA0M53U9WZ,batch-2,active
UJF7TCT4YL,batch-2,active
FC60SPWTLK,batch-2,active
5XZ1I37EO2,batch-2,active
3ZDNAO4ZCV,batch-2,active
VETO72SIMW,batch-2,active
D12D5FMIP2,batch-2,active
DXLWAD6DIZ,batch-2,active
BW3WFFNT95,batch-2,active
JHZAFAK7RC,batch-2,active
4ESS8UKVB6,batch-2,active
34GMIP2DJB,batch-2,active
MPI66L9O80,batch-2,active
EJ66UWQX2T,batch-2,active
HGN63IRVLV,batch-2,active
6711CUVZ7W,batch-2,active
VEXV17HBVO,batch-2,active
GZQTR42H74,batch-2,active
ZUL76HF7HI,batch-2,active
9RE3MIPPW9,batch-2,active
PDQ7XK11DL,batch-2,active
FFPPJ2WAF3,batch-2,active
395Q9U1WNM,batch-2,active
QUZGHAGKJ9,batch-2,active
FKQ9WSX4IN,batch-2,active
URFY880VAE,batch-2,active
TSP6XIQ74C,batch-2,active
71WAJ8JRZC,batch-2,active
X6UFN2GZ6M,batch-2,active
1W7AHCP658,batch-2,active
HKUR708ZO5,batch-2,active
ATDB9D022T,batch-2,active
KF5FWZK91Y,batch-2,active
M0PSSZ6JZL,batch-2,active
HZVZOJ5970,batch-2,active
QCRU9HS61T,batch-2,active
SVF28WQFTQ,batch-2,active
MQEA3DQZHJ,batch-2,active
LQBBW3IO7T,batch-2,active
SH1Z9KLGZ4,batch-2,active
R4JFU3WAB3,batch-2,active
C7DEP0UZ8I,batch-2,active
KSCMZAY6O0,batch-2,active
RG4QZIZAD1,batch-2,active
8GS531FAUN,batch-2,active
4VJC0QKUAA,batch-2,active
IES3WYFPI5,batch-2,active
KWSZ6IAYGW,batch-2,active
YM21JKXOXX,batch-2,active
RRXAH2E3R9,batch-2,active
5O5RDWPHJU,batch-2,active
MWKTX2F0OJ,batch-2,active
2JCZ936X0D,batch-2,active
NR5YR4I7A4,batch-2,active
YU7QP7Y7E0,batch-2,active
P5B4C50CUL,batch-2,active
1B06HJNNYS,batch-2,active
K33JMP9H8I,batch-2,active
FI4EJM7EQR,batch-2,active
PD6UK6GMK8,batch-2,active
0P4NFG363T,batch-2,active
XQ1T84JCQQ,batch-2,active
6LS3MJI1NM,batch-2,active
30HRA5UMA1,batch-2,active
296PRCI64Q,batch-2,active
KOE0LXIBLB,batch-2,active
MHGQRC7TKO,batch-2,active
N9RMP0I8F4,batch-2,active
B6IWILEIV8,batch-2,active
DLSU2L26RH,batch-2,active
RWMVX5PAZH,batch-2,active
WOSPKFZRY1,batch-2,active
4P4JNPVLM1,batch-2,active
KPCMILATDX,batch-2,active
PV97PNKQNN,batch-2,active
5ZEPETYOIH,batch-2,active
KU2ALXDN5G,batch-2,active
PKB01ZNZRM,batch-2,active
0F2TGG10DO,batch-2,active
TV2KGAE7L8,batch-2,active
JUB85Q0D4Y,batch-2,active
O1O2G2YMSC,batch-2,active
NVPN3178KE,batch-2,active
ACYQCINIQY,batch-2,active
OEI5EBV79X,batch-2,active
IMYZR1ZZK6,batch-2,active
92W9533J49,batch-2,active
MOUEFK159D,batch-2,active
M33TT2TRXT,batch-2,active
W03ULS5G6L,batch-2,active
GJFFZU5THT,batch-2,active
0OVU55X8IG,batch-2,active
9PKMA811F9,batch-2,active
FCG47H83UM,batch-2,active
J262I1S73Z,batch-2,active
9VXF1AO1W7,batch-2,active
FIAA0H5IFS,batch-2,active
N94D3S8CS3,batch-2,active
ZAESBQHPW8,batch-2,active
TFEMQMLD4E,batch-2,active
39MG11IK08,batch-2,active
FQ05BJ9YWM,batch-2,active
N9722YPUA2,batch-2,active
K14RNPBX9R,batch-2,active
EO3WV5CTPT,batch-2,active
Y5O04VMS7Q,batch-2,active
DR0MZZ07K8,batch-2,active
5DNFW02QJ3,batch-2,active
6UBTRW9CEY,batch-2,active
29WOIVDXRV,batch-2,active
BERHBZL5LD,batch-2,active
5KMRPR1GGO,batch-2,active
0IN8L72VP8,batch-2,active
NCKJGTZN6L,batch-2,active
51KRAYQ22V,batch-2,active
WC82Y44IHM,batch-2,active
2YY5MGYPEY,batch-2,active
GNLIRYH11W,batch-2,active
7UFB21QVLN,batch-2,active
M5GMLIV4MG,batch-2,active
JBGNV8EO2Y,batch-2,active
O62EJDWUN9,batch-2,active
BBNCZOKVEH,batch-2,active
QLGQO3HKME,batch-2,active
R59YRV5E7U,batch-2,active
Y7QCZHHTL3,batch-2,active
DK5AL7VO16,batch-2,active
Y1H69VKZ76,batch-2,active
JK2YTO7JB2,batch-2,active
I13AV96USL,batch-2,active
GGIEFP59B9,batch-2,active
MZX7U48EH2,batch-2,active
LUOJOZ81JB,batch-2,active
3FZGKK6BIV,batch-2,active
C6VCHPDOCR,batch-2,active
3E7D1WMHYK,batch-2,active
WDFUY0JJ4K,batch-2,active
0MOD0G4F64,batch-2,active
31RBTJ1TA4,batch-2,active
T2DWPG90S0,batch-2,active
C7KUCR3ZX9,batch-2,active
NPRFQDDQ25,batch-2,active
8LZFJ2AYOT,batch-2,active
WGRFIR0LFZ,batch-2,active
CPA13RXQBP,batch-2,active
U38PQPU7WK,batch-2,active
KKIUC5XGK6,batch-2,active
PVQ56XOVBZ,batch-2,active
C1TV4GQYJU,batch-2,active
C8UZ0Q0UPN,batch-2,active
Z55X3PYEZE,batch-2,active
MFXCLOEUYX,batch-2,active
F4UYKULRS6,batch-2,active
DI9Y0AHQGK,batch-2,active
HZ1HVVHEO3,batch-2,active
DP1BA51KIT,batch-2,active
2PJ7SREO2N,batch-2,active
MQ3JIKT5HO,batch-2,active
BOYPTE92VG,batch-2,active
XS4YW9IPVI,batch-2,active
OQ1MB35I0V,batch-2,active
GSX9C2J5A9,batch-2,active
N09ST91BJM,batch-2,active
IHXX7RE44I,batch-2,active
BSEQXM2BWS,batch-2,active
WLBFA3E6YN,batch-2,active
T5A7AKIEDD,batch-2,active
0NG2SH8Y1A,batch-2,active
109WHD9FZ9,batch-2,active
AWK10U2JOD,batch-2,active
2TZUPEWPQF,batch-2,active
HG9569M07M,batch-2,active
4TJOMIPYPN,batch-2,active
NA2FRMUU76,batch-2,active
MCU71115E6,batch-2,active
GLV9XLGNJH,batch-2,active
28F3015ZBK,batch-2,active
512ORV3OU1,batch-2,active
MQSXQTLLCY,batch-2,active
WSWAS18D5J,batch-2,active
XK2GAAVTAB,batch-2,active
QJ03LHF6B3,batch-2,active
WDC59DBW4F,batch-2,active
WF2PUEVN0W,batch-2,active
UFF5Y78R6B,batch-2,active
HQDMFLAQQK,batch-2,active
IJLBRIC86R,batch-2,active
A04Z82CEQC,batch-2,active
BJLMHX019W,batch-2,active
L7ZK7XE4Y9,batch-2,active
HVAE0QT3JB,batch-2,active
HPDAGENEVA,batch-2,active
ED0YCVWZ78,batch-2,active
SHM7V03X26,batch-2,active
MI0KL8QI84,batch-2,active
V7Y3FWGGBC,batch-2,active
D1QHTUPUSP,batch-2,active
LMWS4D24BR,batch-2,active
9FGZLQ2M5E,batch-2,active
MFQKSBBV7V,batch-2,active
SRPU2XPRTS,batch-2,active
LN3VWROUC4,batch-2,active
F8JP0P37RK,batch-2,active
UEA46PXZZ0,batch-2,active
87N1IGN9M5,batch-2,active
FFFWEALFG5,batch-2,active
5K3QEZRSNC,batch-2,active
Y3TYFPZ4Z8,batch-2,active
4F6BDN4CM9,batch-2,active
FE5EO3DTH3,batch-2,active
4SGYGSJU7L,batch-2,active
KM8Q58RGWK,batch-2,active
QTJCM1J5J0,batch-2,active
9F2KGJZSDG,batch-2,active
04KHIKPUJ6,batch-2,active
G0EVPASOL5,batch-2,active
EJW6P4UR0W,batch-2,active
SH7F5KOQ5X,batch-2,active
4JHA4L3NAE,batch-2,active
6OGJBR7JPC,batch-2,active
BXPJHP70EJ,batch-2,active
H3L5R38SHG,batch-2,active
BGHV3I0BWI,batch-2,active
ZPXEH8TKL0,batch-2,active
190CDEOSP3,batch-2,active
CG6HJO8438,batch-2,active
RYLC58EA7V,batch-2,active
D4IN169PVZ,batch-2,active
M1BNYP3JRQ,batch-2,active
3V1A0NZE9L,batch-2,active
ZZCR3Q812I,batch-2,active
3QABE2MVGS,batch-2,active
KLS6D5HKW3,batch-2,active
PRZJ48X4JD,batch-2,active
OTARO6XJM9,batch-2,active
BGB4HJUEOL,batch-2,active
PW0E3PU1NF,batch-2,active
WK2J4I3GJI,batch-2,active
88L0H9O4KR,batch-2,active
86CFD3F2QU,batch-2,active
80KYYEB2WM,batch-2,active
YSUSXQS8MN,batch-2,active
YVXUIOCBPZ,batch-2,active
9WSMXB8HMG,batch-2,active
2J8XGC56H9,batch-2,active
47278XYX5K,batch-2,active
F1TP6NQTWN,batch-2,active
8FKZ1D1DE9,batch-2,active
45C72AECKB,batch-2,active
YP8CXUPL0T,batch-2,active
QY6MCAC2NV,batch-2,active
5B0HG5V0F8,batch-2,active
4962JP4Y4Y,batch-2,active
BX2AYJHNR4,batch-2,active
QUMWO0E0EZ,batch-2,active
1086J51BU0,batch-2,active
MAEXEZSYCP,batch-2,active
KTMUP8Q1A2,batch-2,active
3X97XE0IK3,batch-2,active
EZQ9YIG45O,batch-2,active
OOY4KANH7G,batch-2,active
YWU8IQY1V0,batch-2,active
0Y5UAWTSRB,batch-2,active
LCJ8D8PXDJ,batch-2,active
LH7XYMFF2C,batch-2,active
RYLOI7YGXK,batch-2,active
6K5XXWSLW3,batch-2,active
148S3FDL4P,batch-2,active
VPMPUQDQXM,batch-2,active
19DRODWPBO,batch-2,active
N1YQ2WC7DB,batch-2,active
84HA7WU142,batch-2,active
6JAA3EM2VE,batch-2,active
YHX2RUTUIS,batch-2,active
N8M3XNNUGY,batch-2,active
NLG1SDFXC1,batch-2,active
LU3QASZCST,batch-2,active
0XLM2SRQH6,batch-2,active
XZKVGPDP35,batch-2,active
UL8F4X14NX,batch-2,active
LE3X6AYGTK,batch-2,active
4DMZYWJEWO,batch-2,active
5QN8FB0MQM,batch-2,active
RJKRJJSYEY,batch-2,active
D6JWXRR7C4,batch-2,active
YR8ZGJBP8K,batch-2,active
MY3S9KAQO5,batch-2,active
FNY79J2MQD,batch-2,active
Z2RN9TPIOX,batch-2,active
HV50YMHQTU,batch-2,active
X9D21Z9V46,batch-2,active
ADLYD1QHEU,batch-2,active
M8M6X3HS0D,batch-2,active
QA3G7CA3I4,batch-2,active
R00ES4EEXD,batch-2,active
XISBE8548F,batch-2,active
J8EC91CS6I,batch-2,active
HF4KCGNKNX,batch-2,active
VVAVH029MR,batch-2,active
Z61D1R35O3,batch-2,active
4YE4DETNWT,batch-2,active
BMD2DV1WX9,batch-2,active
UH87LCHEWT,batch-2,active
GSQANCZZEG,batch-2,active
O68LWNGALA,batch-2,active
VZ39EM8IEE,batch-2,active
1O4UVG0BNE,batch-2,active
JQZTDQIQVE,batch-2,active
N2GNO7VLUE,batch-2,active
63KT1YKXCQ,batch-2,active
W0UBWY0ZT1,batch-2,active
QKU7SUAZCC,batch-2,active
6IRHS1HAEG,batch-2,active
3GRUML10G8,batch-2,active
SDS1FGP9N0,batch-2,active
DKTYKN9EJW,batch-2,active
QFUG8V8HDB,batch-2,active
0YAFCR1RXX,batch-2,active
5ZGDB7JHCW,batch-2,active
XCGSL6AVVP,batch-2,active
NI8MUFH3TY,batch-2,active
IQ8O87HL4F,batch-2,active
M31NLVHSSA,batch-2,active
ZYO8PPDE8X,batch-2,active
YX7AQW00KP,batch-2,active
SUK9GY1H3G,batch-2,active
SMB9VZ153E,batch-2,active
QKC86EZ8B4,batch-2,active
TGKMYSWY0A,batch-2,active
B70988AT5Y,batch-2,active
DEYAM6SR7Y,batch-2,active
NJCHWPZYJK,batch-2,active
P83YGEP1OM,batch-2,active
SQXUWGIL74,batch-2,active
SS5US8UMP4,batch-2,active
A3V2ZN80OV,batch-2,active
73QGZP2Q19,batch-2,active
3HBYS00JFU,batch-2,active
OAZEQD5TL2,batch-2,active
XBU8XQYAFI,batch-2,active
1L3KRR9J7U,batch-2,active
V486HWOHB9,batch-2,active
6B3CTRLUIQ,batch-2,active
XZMO21FT9C,batch-2,active
4GDR8EHXSW,batch-2,active
63K0RP55Y9,batch-2,active
HXZIHCDXB2,batch-2,active
NYXL6LHFB6,batch-2,active
ZMZ7AXD3M1,batch-2,active
2TPSB3N1MZ,batch-2,active
JDZ5B6K45Q,batch-2,active
BZVBLJ2YUP,batch-2,active
7M63I6VZH0,batch-2,active
NHQZFP2MXK,batch-2,active
HZJ5T7QNXJ,batch-2,active
5P486IVLOW,batch-2,active
W4GNH7BONO,batch-2,active
S7XV8C19SB,batch-2,active
Z8DZQS24N4,batch-2,active
3R4BFI2NKM,batch-2,active
D90Z7F8IEP,batch-2,active
JYUPJ53WGB,batch-2,active
MJJ5W3M78Y,batch-2,active
8YLYPREMXG,batch-2,active
SEA0NFBN4A,batch-2,active
52CXJ9B9DR,batch-2,active
GZFN9TAPOK,batch-2,active
WSXPTPO349,batch-2,active
MYXPTOFQOT,batch-2,active
0YRSXGPZ2Y,batch-2,active
SBLHTJT2YY,batch-2,active
MCVJDP157R,batch-2,active
KMV6MZ04AE,batch-2,active
F9FGXXTIQU,batch-2,active
AUAW1VK1CW,batch-2,active
XJ7P38VDYF,batch-2,active
3CANBCMUVT,batch-2,active
N9B3CB81ZF,batch-2,active
XPVYLIGTTR,batch-2,active
EB8KBVJT0F,batch-2,active
RZA0UJYOIP,batch-2,active
24TXT2DIQD,batch-2,active
284A7NFGR7,batch-2,active
7TR5PN11P0,batch-2,active
337P5QEQ9Z,batch-2,active
1V83Q6O1LM,batch-2,active
C9J5BGYO39,batch-2,active
W5F5HHGCOF,batch-2,active
EZHXYG774J,batch-2,active
LO3BIWCC9Z,batch-2,active
96DL3YFBF7,batch-2,active
FL3I6MGS5T,batch-2,active
KNH854GWKM,batch-2,active
LGT7OTNM1Z,batch-2,active
X541GAG6A3,batch-2,active
BUGIDA82JF,batch-2,active
78LXFH4EGI,batch-2,active
GSVT2XESCA,batch-2,active
69SIMLW3MC,batch-2,active
09W9Z3S3QC,batch-2,active
I52AYVL22H,batch-2,active
65ENRL7O25,batch-2,active
VNWD5TWEIN,batch-2,active
5K1LSOHJLI,batch-2,active
LBNXTCV41G,batch-2,active
SLJ3AW8LKG,batch-2,active
ZZESXPJL0L,batch-2,active
9XZO44IBVD,batch-2,active
95R7EZSC0B,batch-2,active
AGNLMSTY86,batch-2,active
EF6XFVBSCW,batch-2,active
NT7FOLKLUX,batch-2,active
981V8BK2W4,batch-2,active
FB1DEYSNV2,batch-2,active
O41DQ7OCF4,batch-2,active
PI2EWL1624,batch-2,active
OGDQO19YRJ,batch-2,active
IYNJY164V7,batch-2,active
CHMHASZ60U,batch-2,active
KWOFUTPBW4,batch-2,active
YLQT9HUZPS,batch-2,active
PAD37AL5VQ,batch-2,active
XTI7B03Z6R,batch-2,active
5BYPQ72M65,batch-2,active
T92TZPOIV9,batch-2,active
YZEJRK3UG8,batch-2,active
FEKJHE4VVL,batch-2,active
EMXP1YEZKP,batch-2,active
CTWRDNLJXR,batch-2,active
U3TD77C1QA,batch-2,active
PCPB94FKB7,batch-2,active
V9PR9O2KJH,batch-2,active
6XW3KQ736H,batch-2,active
A382L8ZCIX,batch-2,active
TMBQ3CJASJ,batch-2,active
T1MIAYGSWH,batch-2,active
P0ZD7XDCDG,batch-2,active
TBD78FCLVG,batch-2,active
IGSR3Z3IEO,batch-2,active
50CLWU0R77,batch-2,active
HMOK58N1SP,batch-2,active
ASQZUYGIRX,batch-2,active
38OSZ8SRQI,batch-2,active
G1ZPE1AZTY,batch-2,active
R43S1UXFL4,batch-2,active
QJXWYGXXR2,batch-2,active
44RIW8WORW,batch-2,active
CG2EB7XXKN,batch-2,active
H6T5TOOSYK,batch-2,active
2JEXRZD9OW,batch-2,active
AGTW51Z03V,batch-2,active
ZEZPSSW9UR,batch-2,active
S5KMVGKKIX,batch-2,active
QHY1EUVOKQ,batch-2,active
MCLI51OR80,batch-2,active
B6QTR8MMFG,batch-2,active
IMPJ88DYGF,batch-2,active
HB9TGACR3K,batch-2,active
Q2NVBIUG2Q,batch-2,active
NMYSAL1LLU,batch-2,active
45QWAHYHS3,batch-2,active
FENBC6R33P,batch-2,active
TYG3KPK7N6,batch-2,active
43U1TH98C9,batch-2,active
SARFDEH81F,batch-2,active
8ZNSTTITB1,batch-2,active
VP5280CVGK,batch-2,active
BZLWDDRZIS,batch-2,active
1R6Z5JTQYE,batch-2,active
WKWLDP2GOW,batch-2,active
WRLLFQGXMY,batch-2,active
K2OV8QK1JT,batch-2,active
P5VGQ7TBRV,batch-2,active
VEHZ0FQJV6,batch-2,active
QRZXQL1U4A,batch-2,active
NI5EU4S4XG,batch-2,active
HMZ7SKKOAU,batch-2,active
WH18H3BCVI,batch-2,active
M6EQUPOEMP,batch-2,active
V1RQ4R8178,batch-2,active
PQ26QA3RPR,batch-2,active
Q3W1BP52QA,batch-2,active
2D5A3AMQML,batch-2,active
A7PAH9W0WO,batch-2,active
7IKXCJTGNN,batch-2,active
F03GRUIH2R,batch-2,active
XKP25VAP9M,batch-2,active
A5IQCONRP0,batch-2,active
DYTJTQ8EWF,batch-2,active
SIYWE8D3WH,batch-2,active
4J4L9NEVJX,batch-2,active
AL5QET2J8C,batch-2,active
6RJRCSRITD,batch-2,active
HFHF2NGXCS,batch-2,active
O3CFA9UX0W,batch-2,active
WDTP506HW7,batch-2,active
6YYPEOSP5U,batch-2,active
0Z20N9TX28,batch-2,active
CKIZMD7RUC,batch-2,active
WSUMCHJRH6,batch-2,active
UOUV62W0LA,batch-2,active
7Y0FQCK422,batch-2,active
BDAPNBPBF2,batch-2,active
2DTAFEBNTR,batch-2,active
EC5PKC0TNF,batch-2,active
D1TT6MPB98,batch-2,active
8320E4O3LW,batch-2,active
W3FG8VN646,batch-2,active
73E9LKGGPW,batch-2,active
CULRUI84U7,batch-2,active
GI2DIR9UYN,batch-2,active
TOYOHHNP1M,batch-2,active
QK2SCZSCON,batch-2,active
3BWONVBDK3,batch-2,active
9UUGT73NIV,batch-2,active
WAXK68ASC5,batch-2,active
9PMM6HL192,batch-2,active
JYKBAW1ZJ2,batch-2,active
LPTZ8BM4QN,batch-2,active
TE1THASINY,batch-2,active
CQ8MA605AP,batch-2,active
IRJ9BN48PI,batch-2,active
OT4GF7F416,batch-2,active
DL12H36N34,batch-2,active
P8092RYY39,batch-2,active
4KE22Z8NY6,batch-2,active
WXCK73LBYK,batch-2,active
GDKHYCMJHH,batch-2,active
LD6ZS8J5Q7,batch-2,active
BEEOUQCJIF,batch-2,active
LNQZNX3TO2,batch-2,active
27206NSO34,batch-2,active
3XJY1IQGLS,batch-2,active
S2FT03NTVQ,batch-2,active
L9747MWKDA,batch-2,active
2XUBYQF7BW,batch-2,active
35QSYTJCNW,batch-2,active
O410IG1Q4S,batch-2,active
XUCHXURF3K,batch-2,active
9DVYB9DH1K,batch-2,active
Y7R9316TNN,batch-2,active
NW2OINGZWF,batch-2,active
4IVKPKJ7IM,batch-2,active
RTCQ2TBFQH,batch-2,active
6NOLPUH08J,batch-2,active
97ATTIV04S,batch-2,active
XGJCCHRTGP,batch-2,active
SHJD8I1NGJ,batch-2,active
P8Y581KY2Z,batch-2,active
2TLP1R8NWM,batch-2,active
3688IXIODP,batch-2,active
1SI0UEZPBS,batch-2,active
7SN7NYCS5N,batch-2,active
XU1CGMOR3B,batch-2,active
O2OSGBDKJW,batch-2,active
WENFW4RGH8,batch-2,active
F4VGCVUXVV,batch-2,active
VW3RTMC4KE,batch-2,active
J89DRUDTVW,batch-2,active
MKQKACS7JG,batch-2,active
TG56YTKINC,batch-2,active
A499C89VQ0,batch-2,active
C08V1Z19YX,batch-2,active
9LYRJCOS6Z,batch-2,active
J0HTW0TN64,batch-2,active
HQTPIIXUHN,batch-2,active
RSG456HQN7,batch-2,active
9GVET6FMHN,batch-2,active
Y3AW0BVKQF,batch-2,active
Y4NQV5BNVU,batch-2,active
KB78M8CCOV,batch-2,active
MLI2RUM3QQ,batch-2,active
XGO70KLC11,batch-2,active
SJ34P21XE1,batch-2,active
H8F3YRMFNA,batch-2,active
KWAJ0U7TZ9,batch-2,active
F9IPRNL70J,batch-2,active
IIF3JBSHXJ,batch-2,active
736WEGFD0O,batch-2,active
YAL9SC2ZNG,batch-2,active
0ADUOT3ZW3,batch-2,active
GWOY29JWQE,batch-2,active
G080Q1LVLY,batch-2,active
AS3FQ6281G,batch-2,active
9CTSEQSC07,batch-2,active
OITKIJ9HCG,batch-2,active
FXZA7NP73K,batch-2,active
NZATQ8L66Y,batch-2,active
30ONDG4SEM,batch-2,active
58D0OYXNX1,batch-2,active
MV2UDA9L8U,batch-2,active
VI7OPG2ZGH,batch-2,active
5FNSR58FXU,batch-2,active
R9KL4C7YBX,batch-2,active
LEPUS1ZONV,batch-2,active
VSU8S8ACL3,batch-2,active
WQXUA0D6PO,batch-2,active
VTDUKP62ID,batch-2,active
PBAK89JRCQ,batch-2,active
TPWQ8CVPSO,batch-2,active
S48B9EABII,batch-2,active
H95NUL312W,batch-2,active
CEL4UYSTXR,batch-2,active
W504PAS34G,batch-2,active
XCEKUHBAJF,batch-2,active
DJCLS5XF71,batch-2,active
M2BHD8TNTD,batch-2,active
RU66CH74DX,batch-2,active
9RBGAZYN2Z,batch-2,active
9IU9ZCO0EV,batch-2,active
JJKLBGI3GG,batch-2,active
WZ78II6VEI,batch-2,active
Y1BFRSYGPX,batch-2,active
YIF29AOOM1,batch-2,active
PQFYJX3J50,batch-2,active
5WSMP8QT1B,batch-2,active
OFAGT54T8Z,batch-2,active
LZ5FEGVPW5,batch-2,active
PUP4N2CFVM,batch-2,active
YQ9X2FJK7X,batch-2,active
8GAW4XBC8O,batch-2,active
BJ5O326DBX,batch-2,active
7P9X8FACXP,batch-2,active
DHTQYZ0L51,batch-2,active
WYQFWLUO5C,batch-2,active
M5JOTSLKY0,batch-2,active
EIGRN4ULIF,batch-2,active
RLS6HGWLWG,batch-2,active
VXKKTNL5NU,batch-2,active
VBNPYZC1PP,batch-2,active
QV6VHPQ7WN,batch-2,active
KYDZOMQJNF,batch-2,active
EQ4DZK3615,batch-2,active
ZQDWXUZSD8,batch-2,active
4THYCH6A9L,batch-2,active
L0QLEW3618,batch-2,active
WM357MRA08,batch-2,active
LJZEN5QZIO,batch-2,active
C82X9K4VXN,batch-2,active
NYLQQWICBI,batch-2,active
AYHGDZ4UG4,batch-2,active
VC3XIRWHMS,batch-2,active
DI7XB8XMZN,batch-2,active
DXUB23HYG7,batch-2,active
WAWYHAAWWF,batch-2,active
YI2NKVELGP,batch-2,active
TH20PBBAIL,batch-2,active
GUAFDXMFW9,batch-2,active
8VN1IW42JM,batch-2,active
4J8OS1EJ2T,batch-2,active
HCCNEM9KLP,batch-2,active
M23DGC5Q92,batch-2,active
0U2L2GDCMI,batch-2,active
WJG14EQUJP,batch-2,active
7N3PELZR11,batch-2,active
Z3WRSZFG13,batch-2,active
RMRIQ4JRU8,batch-2,active
ZNREKJS11L,batch-2,active
WHSS3IG8UF,batch-2,active
9LCA4C34M7,batch-2,active
EJWFTHT5BH,batch-2,active
I111HE9NQP,batch-2,active
IT021JSR1B,batch-2,active
8S6FRYOQDO,batch-2,active
STCEHIH9R8,batch-2,active
5IVWA8IUDR,batch-2,active
2MN6ALKC2D,batch-2,active
NJ6DWQ6X0R,batch-2,active
8PHRUHUUU6,batch-2,active
U8N8RXF7UZ,batch-2,active
WC76Z5HNL4,batch-2,active
BC4AX5J0YR,batch-2,active
3Z6OOG6TZH,batch-2,active
0L02D9JSXF,batch-2,active
AZMILZ8OVL,batch-2,active
NKXVJMCOU4,batch-2,active
KHPBW7FSM7,batch-2,active
HNM8EQJ6CM,batch-2,active
ZL651TJ3R0,batch-2,active
LBZM3LU302,batch-2,active
IPB3ZCBM5K,batch-2,active
0LW4MIAL42,batch-2,active
102QGV875Y,batch-2,active
VXJYN37TO4,batch-2,active
RMKFQT4XYM,batch-2,active
4UA5UR17GQ,batch-2,active
5NCOKL47LE,batch-2,active
OBAKFPLI68,batch-2,active
5QSFZZH25V,batch-2,active
8BEIFD347P,batch-2,active
K0YL9XBRIP,batch-2,active
WHWWCFPF35,batch-2,active
O1HRN2X063,batch-2,active
YW44JUZDIY,batch-2,active
344H5MMVK4,batch-2,active
5MSUILCFA4,batch-2,active
EJ1QHB89CB,batch-2,active
SF9ACXS67S,batch-2,active
ZXMIT5W5CE,batch-2,active
3EYAKZ2476,batch-2,active
JBLCZ746NA,batch-2,active
M0XST7Y5KM,batch-2,active
P0GYDU4TR7,batch-2,active
MWOZF8XUJW,batch-2,active
L4CZIUQWSS,batch-2,active
1HA227ZPT0,batch-2,active
XFISN3YN6R,batch-2,active
0ATHE6I0LC,batch-2,active
0JKKMDZFT0,batch-2,active
X9PNV30S8P,batch-2,active
VXX0CJKD0E,batch-2,active
0QE7MKIQR0,batch-2,active
XXIOHOVY90,batch-2,active
7HV3UNDP4A,batch-2,active
UCRX2U4ERK,batch-2,active
FBLEBJFYOG,batch-2,active
8AJ5QYJAOX,batch-2,active
BT4N6GD36Z,batch-2,active
JZSU7WVYCQ,batch-2,active
YUJW8BKAH4,batch-2,active
QMB5PBP7T0,batch-2,active
5GROEX8CFA,batch-2,active
PWYK03FURV,batch-2,active
7BE97WKISB,batch-2,active
JW52L07T8O,batch-2,active
2L6JS3O9GP,batch-2,active
VAEGSA6BSX,batch-2,active
6W8Y1JIPEU,batch-2,active
81Y5UH52WQ,batch-2,active
Q1BN2ZLCW2,batch-2,active
2SSYMUXDHD,batch-2,active
KO8UDYQVVF,batch-2,active
VGLYTK7JK2,batch-2,active
QLEAZOY7HR,batch-2,active
EA6FMCPSN9,batch-2,active
DP992RBU7F,batch-2,active
0YTQSUK2M2,batch-2,active
XHWETZ06A6,batch-2,active
YUHOI85KUI,batch-2,active
W2OZ73XGAH,batch-2,active
PB1K53JB7Y,batch-2,active
JHIBCDVVK8,batch-2,active
KTH711LUH6,batch-2,active
C9A5J4MB7C,batch-2,active
4T92WMXLHC,batch-2,active
92JKENCDNV,batch-2,active
0OVGWW4DQ8,batch-2,active
IJB08VY4Y9,batch-2,active
T7NOJLQ16W,batch-2,active
FNSSAO47P4,batch-2,active
PS6E6OCP3Z,batch-2,active
DURFL8FBLF,batch-2,active
VK0K4SN3LF,batch-2,active
LZKNILR1EG,batch-2,active
GKCQC348N7,batch-2,active
1TD6BX8Q6X,batch-2,active
WDOPGI48W0,batch-2,active
NKM9G1X4B5,batch-2,active
0QOHYVWA20,batch-2,active
7LBLK8LW56,batch-2,active
H3L8REIP42,batch-2,active
R3VRUN7YMI,batch-2,active
PGG4VAY15B,batch-2,active
ERCSTXDPP6,batch-2,active
TUR9TDM9ZG,batch-2,active
3EPAYS2J4A,batch-2,active
7THSKLKAM0,batch-2,active
IWN4AIV86O,batch-2,active
8D9EH9OS6D,batch-2,active
KH95CP0YDG,batch-2,active
FB1FGSDME8,batch-2,active
3P2M3QMYBQ,batch-2,active
T248UG42GZ,batch-2,active
5EF1N0UN0V,batch-2,active
ZU8ICPBQ7S,batch-2,active
PLVM26MBHC,batch-2,active
0YOVTL7BVD,batch-2,active
8HWOSF6N9U,batch-2,active
RUAYF6SK10,batch-2,active
2CRSTO9OEL,batch-2,active
RMTGXHI59V,batch-2,active
A0134NWWAQ,batch-2,active
HIQL7B5AK9,batch-2,active
W4VZKDNE3R,batch-2,active
9P7RRL3XOB,batch-2,active
1I7ZK1FGYQ,batch-2,active
HYLOZC5SSI,batch-2,active
0BIMBVBWBJ,batch-2,active
AMLOE0TRNI,batch-2,active
JRGBM9GEJ5,batch-2,active
4GDCPP62FJ,batch-2,active
EE28NEYVD8,batch-2,active
IDGGMKLNLX,batch-2,active
PT3QFI8HFO,batch-2,active
BNCLU96CTO,batch-2,active
RFOB7B3KRT,batch-2,active
071TLGO1QN,batch-2,active
PPFULQ75S9,batch-2,active
NET0IYPF1F,batch-2,active
67TCEZIMQC,batch-2,active
B0HBZ40CGF,batch-2,active
PN168QSRMZ,batch-2,active
JEBWPIZY7T,batch-2,active
58PQ54H0M4,batch-2,active
ZYAK6BDWIW,batch-2,active
M38Q7HNKTB,batch-2,active
T2NDI1WNNF,batch-2,active
17O8YTN5O2,batch-2,active
WOO8VW2Q5E,batch-2,active
0OMSBFD59G,batch-2,active
PKF7LQT8WC,batch-2,active
0F36KJ7UM4,batch-2,active
YSLU2K6CM2,batch-2,active
IV1LV9MV6Y,batch-2,active
ZW9JVJ9U7F,batch-2,active
Y67LCT0PMM,batch-2,active
267HQ3YLAV,batch-2,active
NP0J8KGOS3,batch-2,active
E7F4K827UU,batch-2,active
7UTK04YA8B,batch-2,active
R6KQ4LUV95,batch-2,active
ULWUQLKA97,batch-2,active
7O54LZMX0W,batch-2,active
CQJ9S3L60Z,batch-2,active
GWKJ75RVVS,batch-2,active
67ZN9HXLYW,batch-2,active
KZTINL6E1N,batch-2,active
8OE6J3N4W2,batch-2,active
MBB4YJESUG,batch-2,active
EA2C5HQYOA,batch-2,active
96W79BUPOG,batch-2,active
JJFUQLS80Z,batch-2,active
SAS159SGLG,batch-2,active
JKGFR0DX2S,batch-2,active
HOL9UGEL3F,batch-2,active
OY7I9O8E17,batch-2,active
U1MENB6RG3,batch-2,active
Y5AOTY7TL6,batch-2,active
4FMPUEH4QO,batch-2,active
8XFJ5HJB9T,batch-2,active
VI4MYBSJE4,batch-2,active
D9GTNEEBM9,batch-2,active
83UZCIXVCO,batch-2,active
BXX825LVAU,batch-2,active
7E3HF0E2DM,batch-2,active
3RVUA8NYO1,batch-2,active
M7MFV82IY8,batch-2,active
GYW922J8TF,batch-2,active
NYY496A9M8,batch-2,active
5LCHKYG12L,batch-2,active
A1IQTRHAOP,batch-2,active
SWV6Z5623V,batch-2,active
8S3BIR4OJH,batch-2,active
NFQ9FCF503,batch-2,active
924KH51BYO,batch-2,active
Q3YT03U1UA,batch-2,active
EGQZLXK4SK,batch-2,active
VMRTI3YSUD,batch-2,active
333BDEDH0F,batch-2,active
PCFPOAZKF0,batch-2,active
MQBMKOMG7U,batch-2,active
XT9N16BEX8,batch-2,active
HYVM41QCIL,batch-2,active
OL287LCLRL,batch-2,active
WCFMLB3RE6,batch-2,active
VRGL9V4GLT,batch-2,active
W8DSMY8L6D,batch-2,active
5BBMZAH7E4,batch-2,active
PTGTGSUKLB,batch-2,active
UY50Y6Q0KT,batch-2,active
8EBJB2QUBJ,batch-2,active
DUM98OHVB2,batch-2,active
TLHRZYYCXL,batch-2,active
J94D3SBI87,batch-2,active
QVMBW7UFEI,batch-2,active
GH4VOS2TX1,batch-2,active
23ZLC2LTLB,batch-2,active
VHMIJAJSYO,batch-2,active
BLNRLDAAW1,batch-2,active
4LC083NKY0,batch-2,active
QGYDHNF0M4,batch-2,active
1AUNY7KV28,batch-2,active
7XQ2XF2AQ0,batch-2,active
XZ85VL1VAR,batch-2,active
SP29A2QC0S,batch-2,active
RACAVE5M76,batch-2,active
BM22BEJ1XV,batch-2,active
VW571CEER6,batch-2,active
7SMDUNN5AS,batch-2,active
UT3LT9MV52,batch-2,active
MF9HVR515R,batch-2,active
RYX323YB6N,batch-2,active
GODFAO30GX,batch-2,active
2ILURVEBNZ,batch-2,active
KP90UALPVD,batch-2,active
4NK2EG389N,batch-2,active
JGTAA38N5G,batch-2,active
L1ZHR5SCNV,batch-2,active
J8KON37X3K,batch-2,active
HQKOUNUPII,batch-2,active
BW4XUQYOAE,batch-2,active
4MYEOU98OP,batch-2,active
CK0FQMNBGE,batch-2,active
9RTWGPO92H,batch-2,active
GXXUPDUJ36,batch-2,active
QOM4O6DDGL,batch-2,active
OORPUGCJZP,batch-2,active
DM6F4VA8WU,batch-2,active
62BY9ARJYR,batch-2,active
7ICJFREDUL,batch-2,active
1UCMH4BXPK,batch-2,active
ZNO1ME2DC8,batch-2,active
3Q806Q9IXR,batch-2,active
0XF29NXLXC,batch-2,active
PSW77TE67X,batch-2,active
8RDTWXICK0,batch-2,active
0WLKY08WNS,batch-2,active
KP4CI02BMQ,batch-2,active
GP6W1VMWYO,batch-2,active
L5V88WE34C,batch-2,active
PAGYQS428I,batch-2,active
IN8JFIF92J,batch-2,active
S240APYLXZ,batch-2,active
SJE7SKW4QY,batch-2,active
507A6P8O08,batch-2,active
LZR400LIJK,batch-2,active
EV0X5U0VQW,batch-2,active
QSDDZ0BH55,batch-2,active
X0PFG1G61F,batch-2,active
JB01RFXVWG,batch-2,active
VPDYO1OY12,batch-2,active
IVOJLMPM4B,batch-2,active
ZGO7O6HZTG,batch-2,active
93JOVVDALK,batch-2,active
NVDVX3Z6G9,batch-2,active
P2E4RLYH54,batch-2,active
JT2PK22D03,batch-2,active
OE14Y4E5ZZ,batch-2,active
4EOBQHQ9LO,batch-2,active
HTS2N3Y065,batch-2,active
DLY69GLULQ,batch-2,active
37GXFFVYJJ,batch-2,active
0CFF4NU9AQ,batch-2,active
QJIP1IBRQK,batch-2,active
Z8C7UGORRQ,batch-2,active
GAO69E2VI0,batch-2,active
PQIIJOLIHH,batch-2,active
NWJ2K632TP,batch-2,active
IJY5DE6X0J,batch-2,active
XHJE2B8YH3,batch-2,active
WPOQQE9587,batch-2,active
SYUH154YK7,batch-2,active
QQ081L1GOW,batch-2,active
SWA1B1FX1X,batch-2,active
5J6Y2SLZE4,batch-2,active
GER9D4UEN0,batch-2,active
47MCTVYUF9,batch-2,active
QHM4ECCUPJ,batch-2,active
JQ60BBDBAR,batch-2,active
OREQXMUPYD,batch-2,active
1MCMBWJUKN,batch-2,active
FJZ5T9JDTA,batch-2,active
TFAE62DNX3,batch-2,active
O3C3H4H83A,batch-2,active
O3MIAEE3FV,batch-2,active
35TN7C8X0X,batch-2,active
9Q15KLHHVY,batch-2,active
I5MVCXU610,batch-2,active
POBO6C0M4E,batch-2,active
73GNS0N9KN,batch-2,active
ZY2J42IFR8,batch-2,active
R6CRXRVONE,batch-2,active
KUYZNHUEVH,batch-2,active
V44CRR6IXT,batch-2,active
7BZGT8FEV9,batch-2,active
7ZACUKKVG0,batch-2,active
9H92SWL5U9,batch-2,active
VLJW404O1P,batch-2,active
5VWHDPM4PQ,batch-2,active
9IF28WJWJA,batch-2,active
U1YLAB65YF,batch-2,active
38DR71AB4N,batch-2,active
AMML0CNCI2,batch-2,active
BZJBO9MNP0,batch-2,active
LLU4Q4VFB0,batch-2,active
32FVLDCRAT,batch-2,active
L1MBUFJAPK,batch-2,active
UZ0VKS4O8O,batch-2,active
XSZB68AN0T,batch-2,active
XPE50F4R7P,batch-2,active
29GIX41IBO,batch-2,active
XKR7AN2QUH,batch-2,active
6MMWN1I37F,batch-2,active
098PSK3CX5,batch-2,active
G2L1XBKPKU,batch-2,active
OKH83SMXHE,batch-2,active
SQB3S6KAYI,batch-2,active
QO29ATD4RQ,batch-2,active
KOY19K0CGK,batch-2,active
SAOR9APHYR,batch-2,active
JXDDI8AE12,batch-2,active
JE03QNQ2OQ,batch-2,active
GX5TCFBUXA,batch-2,active
56V670IA2F,batch-2,active
Y6Q9UE89XD,batch-2,active
JNUDSS86PX,batch-2,active
LQFYEJ55N9,batch-2,active
CH5SM6FZIK,batch-2,active
A3BE3AZKDX,batch-2,active
YX6W4TXZH6,batch-2,active
7AYIG3DY6I,batch-2,active
15BPEP7JDM,batch-2,active
TUJQTS90M9,batch-2,active
YI66ZJEUT6,batch-2,active
GV5I44MNKF,batch-2,active
YFSRILRBRW,batch-2,active
KMX4SCTAD2,batch-2,active
YQQPN1MXBU,batch-2,active
XM4TM79RRK,batch-2,active
HPZMBIJDAS,batch-2,active
QQDQ3F134P,batch-2,active
XWUJ3I8IJV,batch-2,active
U0RDTU4LNM,batch-2,active
8F826P378O,batch-2,active
MAKMMY6QDM,batch-2,active
R83G3VI79I,batch-2,active
6Q6YL5T69R,batch-2,active
IRZYZRGNPO,batch-2,active
VU99KQK296,batch-2,active
8F5VBR9REE,batch-2,active
FM81KIUKM0,batch-2,active
XSIW1W34O4,batch-2,active
ZHVZIXAUNI,batch-2,active
2GYS9O43P1,batch-2,active
EMY5Q70XGW,batch-2,active
X2R90LM3AQ,batch-2,active
VR10JFR44X,batch-2,active
34F16B45HN,batch-2,active
08ZAWL8UID,batch-2,active
8KU64RYUSP,batch-2,active
T85TW89OZX,batch-2,active
23ZS4EI9PE,batch-2,active
0HMH8VJ0K6,batch-2,active
84DNVU7V4X,batch-2,active
6M4ZJ319EW,batch-2,active
OB7HKFFBKB,batch-2,active
4VJ4OIJQKM,batch-2,active
8FRDHE1RWT,batch-2,active
GMTEBBMJRH,batch-2,active
6N2CYR3MQX,batch-2,active
K088FBPOAG,batch-2,active
ELYQW4U16D,batch-2,active
V0C88QK25H,batch-2,active
KE6YNA8CQU,batch-2,active
A990KNCQ2F,batch-2,active
9DGIM1VS29,batch-2,active
DIUA2623MY,batch-2,active
9IUJWUIL63,batch-2,active
PA77HWAPRV,batch-2,active
QPWO5A4KXV,batch-2,active
G8VWLCC39P,batch-2,active
0UTH3U91HW,batch-2,active
AHEFDX2L3T,batch-2,active
3QWZ6RU9O1,batch-2,active
OTBGWT745Z,batch-2,active
C4ZD5IE66N,batch-2,active
HTVRVJ4G4O,batch-2,active
I99VL2KBI4,batch-2,active
SQXCVLYARS,batch-2,active
Y0V1T3V8EH,batch-2,active
366QF60S66,batch-2,active
4E2MB9LP82,batch-2,active
054D57ODOQ,batch-2,active
MHZ5AZATFE,batch-2,active
3HX7RI9FO8,batch-2,active
3Q3F2TKPOZ,batch-2,active
H7FFA0FW34,batch-2,active
EGMZK80EKT,batch-2,active
3W4L78DM07,batch-2,active
HNSX1E3D0E,batch-2,active
HZRIPC61YM,batch-2,active
IST49H32CA,batch-2,active
PW78GWR8VG,batch-2,active
PH1Q3WOUW4,batch-2,active
PTLS9NISGT,batch-2,active
3PZ1DEM6J3,batch-2,active
SJS8FV7TEB,batch-2,active
LWX9ITHM9G,batch-2,active
XVHF2B3NIV,batch-2,active
T8XB0OLQUX,batch-2,active
XOVSIC2EUO,batch-2,active
YCDF6DY0Z0,batch-2,active
PNZ8R95HKE,batch-2,active
GCZRWZ1P1G,batch-2,active
MB3ED1L9H5,batch-2,active
PP2H6OYV8B,batch-2,active
1XCC7TL8E8,batch-2,active
N4JXUCM5LH,batch-2,active
O3HEBB8ZDA,batch-2,active
J11SYA1WVY,batch-2,active
OIP5ATFRL6,batch-2,active
NQSR9J7PCV,batch-2,active
5APF0BJQ7O,batch-2,active
HF911GVUO9,batch-2,active
O1BRPWGXXR,batch-2,active
B7AMH3AJPY,batch-2,active
FSA3HEQ4G7,batch-2,active
ODGPF8PKDD,batch-2,active
TCVHZ6UACO,batch-2,active
4WCUTL2QH7,batch-2,active
RAGCMM8F7E,batch-2,active
7RGW77RE3M,batch-2,active
E8GERTJ06P,batch-2,active
PJMLMITAMW,batch-2,active
HB9F9SYH4O,batch-2,active
XN8K9A65Q3,batch-2,active
4T5EJML25X,batch-2,active
DJQKBAM6KI,batch-2,active
XKG75XZZDL,batch-2,active
AL5NRIYK9O,batch-2,active
XPIWSSPI12,batch-2,active
4LHD94IC8F,batch-2,active
UELBOJTWI7,batch-2,active
G2H5BL8YFZ,batch-2,active
G2WXUKFJD9,batch-2,active
VSAIYIRHL4,batch-2,active
3W3NMKGMYA,batch-2,active
A2PRJX3MW2,batch-2,active
XWLGMYL3IX,batch-2,active
22Y556SD2C,batch-2,active
DUUR9A12AH,batch-2,active
FIDNJN2UNU,batch-2,active
UT1O8O31T3,batch-2,active
H54HHVMVRA,batch-2,active
7IH7GGSA1X,batch-2,active
322IFY7TYS,batch-2,active
9KYM522BVN,batch-2,active
NMVQ64RDGR,batch-2,active
XP7SKGNGBF,batch-2,active
E6RQBYZZDV,batch-2,active
GFDWA0FG1V,batch-2,active
YR08NCGTNJ,batch-2,active
7GX0FL6S6F,batch-2,active
L4MJ3LT07Z,batch-2,active
YDVH8EIS6B,batch-2,active
60SUURDM6B,batch-2,active
9PT4J1RM1A,batch-2,active
BZLU6UA35T,batch-2,active
DL9S21LPP9,batch-2,active
6UC9GZT2YS,batch-2,active
IA5J71QFD7,batch-2,active
1W4YQS75GK,batch-2,active
MXBF93GBB8,batch-2,active
TMST0760N4,batch-2,active
EL24AW2JNL,batch-2,active
WV6XQTG46B,batch-2,active
LL39BE936M,batch-2,active
Y0S8MFV4NY,batch-2,active
EGX6JYFYYR,batch-2,active
E8FJMIYWCM,batch-2,active
N6X0780CW6,batch-2,active
KUAHOPCVMS,batch-2,active
3ZTZMNTWAC,batch-2,active
51HR6MWFGZ,batch-2,active
6ACGU4HVN5,batch-2,active
G2WUQRDOST,batch-2,active
0ID94S63HZ,batch-2,active
HL3BARU9Y5,batch-2,active
AT0H0MFAM9,batch-2,active
4JH2JCMJDI,batch-2,active
FXEC3LN2J3,batch-2,active
0PHP40VTC6,batch-2,active
52RA8LDSTW,batch-2,active
LD2EYX7KFC,batch-2,active
611UESHAMI,batch-2,active
DNX3QODS6R,batch-2,active
M29TULWK40,batch-2,active
64OBPFI4SR,batch-2,active
GCLA60HFOF,batch-2,active
XXMI1L9282,batch-2,active
AZ73MH1O6E,batch-2,active
QCDDWHAOKI,batch-2,active
URJK7MHK2N,batch-2,active
JJ36GEL8IK,batch-2,active
NFBE60V9LT,batch-2,active
19475BGQRL,batch-2,active
2BO3OS0FR6,batch-2,active
Q561SIE72U,batch-2,active
I5UCF84VJP,batch-2,active
Z07JYJWGYZ,batch-2,active
I76HW4VTEZ,batch-2,active
SR2SG54SQ2,batch-2,active
FZGGVZVJBA,batch-2,active
3W6LK4L6Y2,batch-2,active
BI1486YTT0,batch-2,active
HW9LYHXWJM,batch-2,active
0SUE5CBSVR,batch-2,active
YTJ9UYSQOH,batch-2,active
5J36JU3TSA,batch-2,active
UY6LSULOHY,batch-2,active
QPLN6MBQK8,batch-2,active
8R610VUDDN,batch-2,active
MWF10EZAWH,batch-2,active
12SNEVPACT,batch-2,active
UJR34G1K8C,batch-2,active
CQSVJ1J6WT,batch-2,active
5I9ILYKWNB,batch-2,active
0GV2OA5NXX,batch-2,active
GVH6TJHXK1,batch-2,active
1TJDPX0R1O,batch-2,active
IBGQLRCV2E,batch-2,active
LM7DH6ZTFQ,batch-2,active
G5ZO2W3TCQ,batch-2,active
MDJ3VM4WI7,batch-2,active
4FB9TAIN48,batch-2,active
9ITRCMFK9M,batch-2,active
5T29BT5KB3,batch-2,active
SYQ2AV4D8D,batch-2,active
ERRSRAB0T5,batch-2,active
VLCAZ7FTBU,batch-2,active
8J7JZ3O2SJ,batch-2,active
DZZVKXUNBL,batch-2,active
XS5M7XHSDS,batch-2,active
9P8I924IZ2,batch-2,active
TO4VGLA9X9,batch-2,active
6RLUBFHGB1,batch-2,active
QONKPMYTYE,batch-2,active
8W1B9H99F5,batch-2,active
7EAXZIRC6T,batch-2,active
MSZWTKRAY0,batch-2,active
ZVXKIWVG0U,batch-2,active
6VB5X7QL1G,batch-2,active
KN9XSDMMT6,batch-2,active
2MVA24CPC3,batch-2,active
R0XE92ZWVM,batch-2,active
A1B3RIEJ37,batch-2,active
V9SHH3Y78N,batch-2,active
5KBSE0SNP9,batch-2,active
8NPHKXNCIU,batch-2,active
K8DJ0OKCPR,batch-2,active
MWR9MILVF1,batch-2,active
9GB69L9QWP,batch-2,active
UP7XAAZ21C,batch-2,active
W1GXYOGU55,batch-2,active
7N2T8375JH,batch-2,active
3QC7XBVXCQ,batch-2,active
ICW9E4KJZE,batch-2,active
7G2MSE77JS,batch-2,active
BGS4GJUADA,batch-2,active
2PC5TQCFAF,batch-2,active
G0SXNWMLP2,batch-2,active
MSGPQ5S0E7,batch-2,active
IQTOERMAOI,batch-2,active
G87GW43WGZ,batch-2,active
QSXSGCHRZG,batch-2,active
NAVUG3VLDV,batch-2,active
DF57VCXNBP,batch-2,active
0K33JPPLO5,batch-2,active
HQ6JVW93AW,batch-2,active
24OJSDJKF3,batch-2,active
3XMGRP0AUX,batch-2,active
UW9E26P9DP,batch-2,active
4C8GIZR0VP,batch-2,active
E4X3NUAV7V,batch-2,active
LL6KHR1NI3,batch-2,active
8HB208D0BR,batch-2,active
BX8AZ5U242,batch-2,active
8RKJ06OQJV,batch-2,active
5UP2MIPRI8,batch-2,active
DD8B42X605,batch-2,active
D3TP5ZWBA0,batch-2,active
H56NKEE8J7,batch-2,active
SYCEMXZ9OP,batch-2,active
FPN8770PG7,batch-2,active
L9R708DPZK,batch-2,active
YR37LSU7SX,batch-2,active
CO3NA6D31M,batch-2,active
H1VSMONY3E,batch-2,active
20E8GHQ5QF,batch-2,active
3Z45DGZF1U,batch-2,active
XRTEBLMQRA,batch-2,active
PXCVUMXP7B,batch-2,active
F3BEPJ0E3A,batch-2,active
3ZDSQ9RDL9,batch-2,active
R5HVP89NOM,batch-2,active
8EFJDZEU87,batch-2,active
9M05BFW6BX,batch-2,active
PSQBMAKWMA,batch-2,active
D1QMTL1XDI,batch-2,active
HPZ1QY6OVZ,batch-2,active
AV8CRLV2WL,batch-2,active
9VP6JW28XG,batch-2,active
GX0TMCISWF,batch-2,active
M9BKP5R30B,batch-2,active
V4FYHWCWAX,batch-2,active
77DCROR3GW,batch-2,active
ZBWW6P4KII,batch-2,active
1LR8C8ADZ0,batch-2,active
XY5EOGYCUV,batch-2,active
T4MP3U4868,batch-2,active
4WPQJPVQ0V,batch-2,active
FEM68RD0XM,batch-2,active
KNBAFC0QFI,batch-2,active
4GR60KQ68L,batch-2,active
CXKXQ90BSD,batch-2,active
AK55TUE4EK,batch-2,active
S3Z2RNCEU3,batch-2,active
LIN0FF4TDE,batch-2,active
LOQ1SL5T0P,batch-2,active
YEITVORGVK,batch-2,active
USXVBIMIFH,batch-2,active
BH5B9JU2E8,batch-2,active
BTL0LO6W0S,batch-2,active
2I9QI6K1F1,batch-2,active
9R17W1SL5N,batch-2,active
W0U6CEW8QV,batch-2,active
QJV3G7PGD3,batch-2,active
YTGKPG8WUM,batch-2,active
DTE7ZYSR47,batch-2,active
MOU1Y3LLWB,batch-2,active
L43HGD7PDE,batch-2,active
7872N7HXMJ,batch-2,active
GZK7LI572P,batch-2,active
VV3SLZH0GO,batch-2,active
P8ALO46VVL,batch-2,active
VM8C69XM91,batch-2,active
WUYSVU73KH,batch-2,active
GHBPZ446FY,batch-2,active
ZZKPBHAGYI,batch-2,active
6Z2JE7S502,batch-2,active
PUJZAMR6BI,batch-2,active
PFQFZG7KAS,batch-2,active
9TLM6K4HFC,batch-2,active
CZ3J0KGBTS,batch-2,active
JV888JOQYM,batch-2,active
3KGRAT8BDX,batch-2,active
QZ8ZNHP109,batch-2,active
EGFLMCGJYU,batch-2,active
78BPKE44O9,batch-2,active
IOCIFACFIF,batch-2,active
9IRP8DOKQM,batch-2,active
26N7D2FZDC,batch-2,active
F7YZOQ2VGT,batch-2,active
2I552RLBHE,batch-2,active
6EKLO38NS8,batch-2,active
HWM6USQE69,batch-2,active
P44RRO3CBH,batch-2,active
3FH8GOY16C,batch-2,active
E8GVI0EFQY,batch-2,active
ZBZMB7VMHU,batch-2,active
S33HHF8FUC,batch-2,active
MPQZ0VN3LU,batch-2,active
EN1BGDGBO7,batch-2,active
9NB3SRXV0H,batch-2,active
M0NKI12Y4A,batch-2,active
IT3UUE8G0A,batch-2,active
91S28DU4TB,batch-2,active
JZ7NQN4D0F,batch-2,active
UV01D1USVL,batch-2,active
8VLANC36IU,batch-2,active
I0SCW8355X,batch-2,active
Z5A08ZSTBF,batch-2,active
DYDEAJ7RD8,batch-2,active
FC8Q20UB4B,batch-2,active
8DVSR72P4C,batch-2,active
KEQ69ADZ4D,batch-2,active
RZV6J7D0EZ,batch-2,active
G8G8HFOYX0,batch-2,active
O5VG7NBBAB,batch-2,active
1B3IDT0ADR,batch-2,active
VTM43E2GIX,batch-2,active
5C6ECLKSCT,batch-2,active
VS4FNKWJXQ,batch-2,active
VBQH10R1MY,batch-2,active
B2297H2AOV,batch-2,active
JNRCZ24T5T,batch-2,active
U6CQES2HUM,batch-2,active
B5SWBGHDNB,batch-2,active
KHPMKUJXR5,batch-2,active
EIBAC95K1J,batch-2,active
E8NRVNVUZX,batch-2,active
6CZZ3BPH64,batch-2,active
YJ7FG6WS9S,batch-2,active
7ZHCG52N12,batch-2,active
ZWF8B4LIC9,batch-2,active
KI8G1RBMEV,batch-2,active
MFPW49NT6N,batch-2,active
X6UANP7A2A,batch-2,active
ZMUL7K86BY,batch-2,active
2GHTXIPSJD,batch-2,active
FY7191ZFYZ,batch-2,active
ID1FWDMI3D,batch-2,active
HFV09CWFCX,batch-2,active
647GEJGXNU,batch-2,active
K26TCGBWH9,batch-2,active
OBXKTILY1B,batch-2,active
SCA8TVQHZ7,batch-2,active
4B7A0JNUT8,batch-2,active
L2UILR4DVM,batch-2,active
8FYRC2ZU3F,batch-2,active
ND6UGTCZV9,batch-2,active
ITC11C7KH2,batch-2,active
K3K56YDB4O,batch-2,active
SSLWG58061,batch-2,active
Y0H37KDWQY,batch-2,active
6AWZBWQKI5,batch-2,active
453NR9TMPK,batch-2,active
26WDS7MTSO,batch-2,active
6DUTCA1B4Y,batch-2,active
4LGWR0TKY3,batch-2,active
YJ37NVKXPD,batch-2,active
G3POH0OT6Z,batch-2,active
F1W5V5QFO5,batch-2,active
AH787JOCMO,batch-2,active
B06CREP6IF,batch-2,active
RLHDYTKARJ,batch-2,active
GQOTF5YWXW,batch-2,active
B052SBJPRA,batch-2,active
8VCVUM2FA9,batch-2,active
1MPO8MA0EN,batch-2,active
9HO2EKRC4M,batch-2,active
E1MZCH9J08,batch-2,active
R26TAOG5DP,batch-2,active
8QWM5DV9QU,batch-2,active
9XCDA65PR3,batch-2,active
0PDCBXCZB4,batch-2,active
PQCN22CILK,batch-2,active
WFE6ES5540,batch-2,active
HCY4QRMUU2,batch-2,active
X71IBA5GOR,batch-2,active
8H3A15ZZ1S,batch-2,active
DYHFK35Z4U,batch-2,active
JX2GZUWWF3,batch-2,active
ASPIICQQ69,batch-2,active
FHM37Q87KS,batch-2,active
QSG7WX7BHA,batch-2,active
802AQYV370,batch-2,active
F2ILTYVB72,batch-2,active
G4Y0APZRVW,batch-2,active
121RD71W6N,batch-2,active
24URUBR9RS,batch-2,active
3UCXWQ5F8O,batch-2,active
0YXOI7DKQN,batch-2,active
JBU7Q9RZXJ,batch-2,active
NI2WLF1RRK,batch-2,active
YAE7D3GGED,batch-2,active
K5REIW80LS,batch-2,active
VC39QZ1P97,batch-2,active
54ZK3BV6TC,batch-2,active
4O5OE6FMNE,batch-2,active
QH1Y6FP6Z7,batch-2,active
HH993SJQBG,batch-2,active
OYWVUQV4L3,batch-2,active
Z4RJIQQXJ3,batch-2,active
L118RVE3E5,batch-2,active
JFMUEHU9F0,batch-2,active
LMOZS2G7OB,batch-2,active
NRVN094RT6,batch-2,active
92ODKSIP15,batch-2,active
1BUE8C4FW5,batch-2,active
09BD9O2V8U,batch-2,active
ZKRNV96S0Z,batch-2,active
55DMSLL75B,batch-2,active
SM65V1R93D,batch-2,active
006U3Y0ZBN,batch-2,active
FS6SKVWILK,batch-2,active
38PTUXP5SC,batch-2,active
MKKKM7C6KG,batch-2,active
98RTJSW2MU,batch-2,active
XF46EXNBP0,batch-2,active
UP1IBU7MKX,batch-2,active
9TID0Y1UCV,batch-2,active
SGKS0N26ST,batch-2,active
GYJHDHZGF7,batch-2,active
31OWBQGMRP,batch-2,active
WFQYW8NECF,batch-2,active
P8K1CQBQHW,batch-2,active
902CAHATLM,batch-2,active
X6E5L5XPLP,batch-2,active
81QX0IQ3TB,batch-2,active
1PN6YDOIN8,batch-2,active
0RN6QAD2O0,batch-2,active
7Z6W3Y8YWJ,batch-2,active
AQVMESEZWA,batch-2,active
6XPD4DLT38,batch-2,active
DR2UXKOHAM,batch-2,active
9WZOP58BB8,batch-2,active
AGA2093HVR,batch-2,active
7AAAFRR5LW,batch-2,active
RURI2OQ6N1,batch-2,active
JSJFOIM5SD,batch-2,active
GX6DJTS41Y,batch-2,active
KT6LGNP8SL,batch-2,active
7E2SU9I9HA,batch-2,active
M2BZNIX2H3,batch-2,active
JKK6Z9FNUO,batch-2,active
R1A85704AZ,batch-2,active
7Z7NKU67H2,batch-2,active
92S7QAR9G2,batch-2,active
SMMKWFKC1X,batch-2,active
OIM1W3GGUO,batch-2,active
UDC3TPEQ8B,batch-2,active
RKWWFK2KBD,batch-2,active
QL2X3SHHV5,batch-2,active
Y81EWXLFH4,batch-2,active
T3XS42AHOA,batch-2,active
E7F7I0GHDH,batch-2,active
K7V6JUSB4I,batch-2,active
G7RM3B0PQN,batch-2,active
W43V0PCTA5,batch-2,active
1CBYWGMITG,batch-2,active
YFG2U4AI21,batch-2,active
0FLNIGX163,batch-2,active
QUANELJJN7,batch-2,active
678O0VBDEA,batch-2,active
CXO34GNX3N,batch-2,active
06XHMCO6FO,batch-2,active
WOXQTBXHPI,batch-2,active
Q7H44SRN8Y,batch-2,active
N53CE9V6VX,batch-2,active
HTSMNDKHNU,batch-2,active
VKAKG99QU4,batch-2,active
4V6KO0573V,batch-2,active
PA6B0TL0RB,batch-2,active
L5R2TWOHBJ,batch-2,active
E7FA9PEYGA,batch-2,active
UXHRPQ9LOD,batch-2,active
1FVUYODLSS,batch-2,active
OFV0AK0PD6,batch-2,active
KMSXMYQNGI,batch-2,active
CVQCS3AT51,batch-2,active
CC4TRLCC29,batch-2,active
9HEDKC7J39,batch-2,active
W4D6LI5BNS,batch-2,active
0Z3CAFPZ9N,batch-2,active
WFQVFEFFNE,batch-2,active
WGICEQXODV,batch-2,active
L7NUP89CB1,batch-2,active
VEV05NYFZ3,batch-2,active
DE66UNDKKD,batch-2,active
VJ8PD7P2LJ,batch-2,active
8UHDYJFFXJ,batch-2,active
Z8Q6N3Z0KL,batch-2,active
VQLUVKI0QQ,batch-2,active
68DB3CIFKX,batch-2,active
FQB6320VLC,batch-2,active
XSKI3BF18S,batch-2,active
LCNW7LBCOE,batch-2,active
FD78AKG0U2,batch-2,active
C5379U90FR,batch-2,active
KHIQCRE8P3,batch-2,active
BRDYHP05L0,batch-2,active
W1E8GCAKF8,batch-2,active
O0IFQUYXAO,batch-2,active
9DBF87IXHV,batch-2,active
H66G1BT3WB,batch-2,active
096XPUUVGE,batch-2,active
CVDOK9QU7F,batch-2,active
77VYT8LO1S,batch-2,active
7OXXA3YKR9,batch-2,active
LDI300Y35U,batch-2,active
G7Y2RUYUW7,batch-2,active
844XYF2SLN,batch-2,active
OEG70V9XZZ,batch-2,active
0FZ2YPAT08,batch-2,active
IDDJ392CFJ,batch-2,active
4KZASYDXX6,batch-2,active
A0D8GUTIT5,batch-2,active
34HHVCASE8,batch-2,active
JWZC83CGJX,batch-2,active
L6ZTB8RQZI,batch-2,active
E2JDF69QUE,batch-2,active
JZSDJ9PC36,batch-2,active
PSDSBJESJL,batch-2,active
A7MOIE31U4,batch-2,active
GYKDY6P8EM,batch-2,active
L5S6T8RAPJ,batch-2,active
WR9BLBUQQO,batch-2,active
KRDXHNQ2BF,batch-2,active
R0P8N9PPCK,batch-2,active
EED2XQLQG0,batch-2,active
NHX750VKST,batch-2,active
O2C5GEI30E,batch-2,active
0GP87FS4MQ,batch-2,active
I6CZ9WS2NN,batch-2,active
0EIG59ISDI,batch-2,active
RP443MAZW8,batch-2,active
BDX2AIBIU0,batch-2,active
J1ASV7DVJL,batch-2,active
4379QO9GTG,batch-2,active
758NHYEJEF,batch-2,active
I60MB7NMAL,batch-2,active
CT3WMMGMFN,batch-2,active
0A8325LQJ1,batch-2,active
HVXG2P9O5Z,batch-2,active
F5GI8DEKLP,batch-2,active
J6IW8XRWXD,batch-2,active
AU696ZNZTS,batch-2,active
AY0WAYWZXT,batch-2,active
TL268KTIRK,batch-2,active
INTMG8E0JK,batch-2,active
VO71WPSCYG,batch-2,active
0GKH4JCRFA,batch-2,active
G4FVEWS2KQ,batch-2,active
4RFK7W8KIH,batch-2,active
T3X3TP4PTW,batch-2,active
9TB2HHYLRK,batch-2,active
PYE9HFEIY1,batch-2,active
0ZPUOL1419,batch-2,active
ONS3IO55U8,batch-2,active
YD9B6LJLHN,batch-2,active
8B9IJQ4K2N,batch-2,active
NETXXXU8S8,batch-2,active
4GFRVL7ID4,batch-2,active
SV4WBVPDM2,batch-2,active
4XITHWZEVA,batch-2,active
N43VSYO00C,batch-2,active
V2Z49XPNCQ,batch-2,active
YSNKFC47E5,batch-2,active
T3GBT91XSF,batch-2,active
93ROQS2QU1,batch-2,active
ZEAOPKJDVQ,batch-2,active
83OX2S4KNO,batch-2,active
MFIPTR8RDR,batch-2,active
2DS29P6J9Q,batch-2,active
FZADGMT7MB,batch-2,active
44ZWIDVGYK,batch-2,active
8K3KH3VU2P,batch-2,active
OYVXCRVSQG,batch-2,active
MM776PI27P,batch-2,active
P3F7TF4G64,batch-2,active
X63D948WZP,batch-2,active
OKPVPAWJNX,batch-2,active
4HH1IOTOD8,batch-2,active
RCL26CTJW1,batch-2,active
MGPJJSF2NK,batch-2,active
TZQSSYCTX4,batch-2,active
YFDLPESI8H,batch-2,active
OGFFPVVWLT,batch-2,active
1N4RNBS8UQ,batch-2,active
0K8ZLCIDCM,batch-2,active
AUAU5WMF4P,batch-2,active
XUOH91XJCA,batch-2,active
AYJ09ZXZEO,batch-2,active
NGX31X3A5L,batch-2,active
LKEQ9ZKFYK,batch-2,active
RE4Q4RM3TB,batch-2,active
32MC20PLIA,batch-2,active
0I184QIBXP,batch-2,active
67NICNOSK8,batch-2,active
U3WMBTNYQB,batch-2,active
B1NIQV5B8W,batch-2,active
SV9GFWOHKF,batch-2,active
QEVS79GIMN,batch-2,active
EVSHUWFWWN,batch-2,active
NQQ5OTQGP1,batch-2,active
PNQMWCL6HG,batch-2,active
QXZJUMX5GH,batch-2,active
UPMBFVLDJX,batch-2,active
SZ6IPAESD9,batch-2,active
KJURCJGXE8,batch-2,active
0A28P0P6W4,batch-2,active
22W9XGPVKJ,batch-2,active
EJJE5HDFQL,batch-2,active
LGB9H7NR8U,batch-2,active
9C9S68G7A1,batch-2,active
4SR9H7MS5A,batch-2,active
97L3ZXL1SQ,batch-2,active
LT73SHS9EF,batch-2,active
6BRVU3LMI1,batch-2,active
1O9HXE90TK,batch-2,active
12MBQJ5PBD,batch-2,active
YK63SHKLDD,batch-2,active
H27Y25SXC2,batch-2,active
3LY4ORG6V2,batch-2,active
IN6ROO0YKM,batch-2,active
VVZK4BHUZT,batch-2,active
J0OLG0VVOS,batch-2,active
QFC1UYTM18,batch-2,active
9KM1F2VY1G,batch-2,active
XSUV349GA4,batch-2,active
B3S2FAQ33T,batch-2,active
OE4DZOPXTL,batch-2,active
84RRKAXXAM,batch-2,active
1MGMVOCRLD,batch-2,active
KBGGJVQDHE,batch-2,active
5MSVRCZZ8F,batch-2,active
VH6U4FLYJB,batch-2,active
0EREE9XQ18,batch-2,active
TBEM92U2M0,batch-2,active
XGVEOBLFUO,batch-2,active
QDEMMG00JR,batch-2,active
Y41IMXAF6L,batch-2,active
LNPXOH8CCC,batch-2,active
WCW9C1Z1NV,batch-2,active
H6R0HZ7EUR,batch-2,active
W83E6298BB,batch-2,active
C4NF7O5XRO,batch-2,active
R871TTQ2MR,batch-2,active
JM71P19SXD,batch-2,active
MASZ48CXZH,batch-2,active
EYBM6B32ZP,batch-2,active
6AESHXL3NL,batch-2,active
38PJDZRECO,batch-2,active
A0SZUTNTJI,batch-2,active
FH2A2BMJAS,batch-2,active
X29WF8OZKY,batch-2,active
1O0SAICD3G,batch-2,active
ZWOLSKIO7L,batch-2,active
I0I2TAQZC0,batch-2,active
1TT60QXECH,batch-2,active
28PNVBJ7J1,batch-2,active
9778ZDEKR1,batch-2,active
MOJ5J2UWX6,batch-2,active
B8S0GY2F7C,batch-2,active
RNKG06O7NH,batch-2,active
4ORFKSL5WF,batch-2,active
KDWLOU71UM,batch-2,active
GGIXTMF4XM,batch-2,active
D2CB3SDUV3,batch-2,active
MAZZSYMWUY,batch-2,active
8M2O6228GG,batch-2,active
48GVFRURYB,batch-2,active
1IMYCIW13M,batch-2,active
5O2569P9UU,batch-2,active
IPS8XJVGLJ,batch-2,active
Z0UW7HW0B7,batch-2,active
BYOMYHHWF6,batch-2,active
S437Y9XJTN,batch-2,active
I4GK0C7MHJ,batch-2,active
SUHADWE4N3,batch-2,active
8GMYAM0KY7,batch-2,active
NWB068HQTY,batch-2,active
SZEZ8XA7IL,batch-2,active
4VG0QZ1UN3,batch-2,active
S4L7GE51WZ,batch-2,active
WNC0LQXB73,batch-2,active
CNORPPSAMJ,batch-2,active
45H69AL08I,batch-2,active
G1BKXF0NSZ,batch-2,active
LBS4W4QSSQ,batch-2,active
S7FMEGD96S,batch-2,active
2NQLK7OZ3S,batch-2,active
77IFDYOB8Z,batch-2,active
ZZ0EQH6X7G,batch-2,active
5TNM043GO0,batch-2,active
JK0Q6U5JNV,batch-2,active
EYOC2UX655,batch-2,active
6GS117898H,batch-2,active
S9528ZOORX,batch-2,active
3MLUG8QBIC,batch-2,active
QZMCZNP5QG,batch-2,active
U9XVD5LGLF,batch-2,active
TB3JV5V6ZA,batch-2,active
SWGC18RGRQ,batch-2,active
XDUNWHI9K5,batch-2,active
WKOGFYKP8O,batch-2,active
OXNQX3AT0U,batch-2,active
083FE8KSAL,batch-2,active
RI8FIQ6LVD,batch-2,active
V61WDT91BZ,batch-2,active
VSLM5FYBTO,batch-2,active
M4MNMKID4S,batch-2,active
XQ7JQWFU3S,batch-2,active
PGUVEI9833,batch-2,active
AIKPJTQ8EA,batch-2,active
M7GJLDSBA6,batch-2,active
3LOPCK1VEP,batch-2,active
2S62FEAD6D,batch-2,active
H9YY2U4DJR,batch-2,active
25DS3SOMM3,batch-2,active
8DEUJG4TT6,batch-2,active
6RAATAGN7T,batch-2,active
CY6UQNWSYZ,batch-2,active
EX5DS0DHJZ,batch-2,active
4TYG4JNZ3R,batch-2,active
KQ2YDPP0EE,batch-2,active
U9RT2MKMFS,batch-2,active
Y87AP1D84T,batch-2,active
1JDI58ME5W,batch-2,active
GSYBK7GTFD,batch-2,active
TDQ4K5AOS5,batch-2,active
B9FPSW30T2,batch-2,active
CKOIWQOAH5,batch-2,active
8DJGOTC07I,batch-2,active
V9CXCBCP9E,batch-2,active
TNX2WXFSWE,batch-2,active
NLUM0OT10C,batch-2,active
6BM83MMOO5,batch-2,active
U2KGXPE541,batch-2,active
EH5OXQHWO4,batch-2,active
KBWBHCW80R,batch-2,active
4QH9PMZO4F,batch-2,active
OIKW3MNPF9,batch-2,active
HKHJWM8XUZ,batch-2,active
ZABJMGF866,batch-2,active
4LWCP3I733,batch-2,active
ZWXWEYWVRO,batch-2,active
A27GFDLESX,batch-2,active
1VUASO4WRO,batch-2,active
4BGNOYD2PF,batch-2,active
Y7U8SMFNQ4,batch-2,active
RCU23MDP7Z,batch-2,active
MRWEX396IK,batch-2,active
X5XAFJ01GH,batch-2,active
JXPHG6YFW3,batch-2,active
GRILN57F49,batch-2,active
P6X3VFJVM2,batch-2,active
43CB0S1KB7,batch-2,active
VNXKNJX2D4,batch-2,active
4BG084L74Y,batch-2,active
UYP65MAVYX,batch-2,active
3EIBSOI6HT,batch-2,active
XJAOINB6RO,batch-2,active
84MUHHYRRC,batch-2,active
PTZLUK6IU6,batch-2,active
MIL41Q5PHP,batch-2,active
QGYR6MJNT0,batch-2,active
GPAALYPNDB,batch-2,active
WCF36QY4R1,batch-2,active
8ZG193TXBJ,batch-2,active
PV4UGJLRRN,batch-2,active
KPPH7K42H1,batch-2,active
GTFXS40EAV,batch-2,active
AV8VNW1A6B,batch-2,active
PX8B4V3FGL,batch-2,active
4FW1R8MKDZ,batch-2,active
KCA8USJDXN,batch-2,active
21ETUQVY7A,batch-2,active
HAOG2LZU3W,batch-2,active
MWOC2G3P8S,batch-2,active
ZWRRBPCF7U,batch-2,active
PAA2A5Z4MM,batch-2,active
RRJCKS3BKM,batch-2,active
S307LGTKZC,batch-2,active
OV3XLCLKQ3,batch-2,active
MDDY3OD2EN,batch-2,active
PEXEAP69MA,batch-2,active
4JN7PZ11WJ,batch-2,active
GIVPB94ZW5,batch-2,active
70ZES6FLAW,batch-2,active
SQFTXZ287A,batch-2,active
SO00XXRNPZ,batch-2,active
7U0PR1VB0E,batch-2,active
GK5YKI9X3Y,batch-2,active
CFVX0V0NHU,batch-2,active
4NYEDW8B60,batch-2,active
3YNRIEVW3P,batch-2,active
H8VBJVERCM,batch-2,active
GTHMIUOYME,batch-2,active
SV9BHJWK8E,batch-2,active
QK2FLU0XES,batch-2,active
VQ0ANUYW2K,batch-2,active
5FHFHKOMTN,batch-2,active
7SQ2WLSOOQ,batch-2,active
YUJW3YJMVY,batch-2,active
EI8L8X2Y0R,batch-2,active
RTKNTLEKDK,batch-2,active
RCG3LZ290P,batch-2,active
PCLY5BG1CM,batch-2,active
SJYDNHN8AY,batch-2,active
R1L2QHAF4Z,batch-2,active
YCRGV5N0ER,batch-2,active
I69HM3PU5M,batch-2,active
MHB0DR9R41,batch-2,active
9WBTAHGZMB,batch-2,active
XS1P6PZN3W,batch-2,active
T9JI4264UD,batch-2,active
T7JIE5D4A3,batch-2,active
3MPDDUY0CU,batch-2,active
OLC3AE2M9A,batch-2,active
YJF05HMSAT,batch-2,active
XJSHGDVQOM,batch-2,active
EVE3NHXCFQ,batch-2,active
6E4FWNSZZV,batch-2,active
MGIWSUWT7V,batch-2,active
Z2EITIPOR3,batch-2,active
B7ID81MJMG,batch-2,active
A1A56BYQ9J,batch-2,active
T0VB9K3AX8,batch-2,active
608L0UA0TB,batch-2,active
JKBSO6XTVL,batch-2,active
2HW7IFUV3H,batch-2,active
ZQX0EK5VLX,batch-2,active
0FPOZ68XBU,batch-2,active
4G69WW7DSK,batch-2,active
46VKWJRH6A,batch-2,active
FI1IT0DJTD,batch-2,active
V0BD181MUJ,batch-2,active
RNCPUTG16D,batch-2,active
TKU4ODK94R,batch-2,active
T7ZU9326V0,batch-2,active
O4E7LBQE9P,batch-2,active
1PIYF7M8ND,batch-2,active
XNCOYPAV0W,batch-2,active
NX8C59KPSH,batch-2,active
YFJ93XW0F6,batch-2,active
95W80M2LYW,batch-2,active
BE5AVZKO3V,batch-2,active
30YCDDYHAG,batch-2,active
PJ9N4QVM7M,batch-2,active
WSY5LZV3HB,batch-2,active
K5GH2GLB03,batch-2,active
84WQHJBIOP,batch-2,active
UL1BUAEIJ7,batch-2,active
Q98SOVCN2W,batch-2,active
23C1RZQ3KF,batch-2,active
T0J3FO6BO0,batch-2,active
V53O3N1CUJ,batch-2,active
0FEHDUVGI9,batch-2,active
27PT2IO83S,batch-2,active
TIE0SX03GR,batch-2,active
YEBQ7W3O5G,batch-2,active
4Q9P6330YR,batch-2,active
ZC7OM1JRNX,batch-2,active
I5HBITTP18,batch-2,active
I4S516ZXDH,batch-2,active
U3ND1NAV9C,batch-2,active
HIXQKQRK7N,batch-2,active
4A6LUJ3NW7,batch-2,active
TIQFZBTNLR,batch-2,active
0AJSW0B7UT,batch-2,active
FI72LRR3K4,batch-2,active
SANK7FBPCE,batch-2,active
BPHYEA3LU2,batch-2,active
0LRJ4NOXIM,batch-2,active
OKEM2LEB91,batch-2,active
SU66LA6P83,batch-2,active
CZMQJGXKUN,batch-2,active
AI4JM6K9AZ,batch-2,active
2MDJFUS6T1,batch-2,active
GVESK1QTTN,batch-2,active
PSBLP0BQWV,batch-2,active
URYTBI3XZ8,batch-2,active
T5UMSL446V,batch-2,active
EICQ48ZS4Q,batch-2,active
2384BUEX1I,batch-2,active
JSWGKLTYOR,batch-2,active
JXKAVMX60T,batch-2,active
95YO6IWRHR,batch-2,active
OKSB7S2698,batch-2,active
1UJRM8HNVS,batch-2,active
L3RVPGFNJL,batch-2,active
30G2WLL53N,batch-2,active
JC30PYB1LX,batch-2,active
8PRGBLGPKF,batch-2,active
THT90VN9BC,batch-2,active
SEO9QP865P,batch-2,active
346D0SIPT3,batch-2,active
TVH66MHKYI,batch-2,active
P4T6NZ28UO,batch-2,active
FV36QP2QKF,batch-2,active
4WLM7I6MT1,batch-2,active
8IFD5GT9UL,batch-2,active
XXKOWCSOXQ,batch-2,active
GOX6I2B6GO,batch-2,active
9IUPF10F20,batch-2,active
JEV0X4M1JA,batch-2,active
WPGYC7C5UV,batch-2,active
QRHDC469D8,batch-2,active
JLD3O5810H,batch-2,active
8PBR4XYCD7,batch-2,active
QBD9L5X6MV,batch-2,active
MAFK5LBGGL,batch-2,active
Y68PMEEETL,batch-2,active
068EV2SQUH,batch-2,active
06BIDWW19Z,batch-2,active
ECCS6YYYPS,batch-2,active
GG4BFE51QI,batch-2,active
9Y83VR5LG3,batch-2,active
C3ATVOAY5K,batch-2,active
8GIDK17SQA,batch-2,active
2V1HALQT78,batch-2,active
KZX8P1Z2QJ,batch-2,active
UZT2EELVKW,batch-2,active
SAOMON0P5U,batch-2,active
2QL3668G84,batch-2,active
CKNKMQ0S58,batch-2,active
7SEK5ERH2N,batch-2,active
W892S8629K,batch-2,active
46AMA47XR2,batch-2,active
FBA0LTWD15,batch-2,active
4574HN4EBS,batch-2,active
MEVCGAOEZV,batch-2,active
CGDOTTM4MF,batch-2,active
1GSO8WGOTZ,batch-2,active
S76XDIIJIX,batch-2,active
7DLL2353PN,batch-2,active
56M047R72T,batch-2,active
TTUAB8CLH4,batch-2,active
IE6YHV01UU,batch-2,active
RGDPYNSAGV,batch-2,active
8W8GP5BSL7,batch-2,active
Q5Z2PT8COK,batch-2,active
AXEHKDHXT6,batch-2,active
7F3YASOD0R,batch-2,active
6E3YPEDRZX,batch-2,active
QX4QEV1V23,batch-2,active
INTNG31BQQ,batch-2,active
5EYOUGFFYP,batch-2,active
OTATJZXLEG,batch-2,active
2ORHXCYHRQ,batch-2,active
H7RBKUSULX,batch-2,active
FKJUWJ6CY9,batch-2,active
ZWH0ZW0NPO,batch-2,active
T2NP92VN9L,batch-2,active
HLIQ0W0VX1,batch-2,active
TF93BYWZOW,batch-2,active
PZPNGVLSLC,batch-2,active
E96RBDUBPQ,batch-2,active
V3485HWWYN,batch-2,active
WFO9KJ46O4,batch-2,active
XZIQ28H21L,batch-2,active
FGBSXARMH4,batch-2,active
MV7YMW9ERW,batch-2,active
K7EETNH9VU,batch-2,active
V2ULPF37AS,batch-2,active
LE65VJ9Y4R,batch-2,active
EH5PAP3AT7,batch-2,active
R8RS7DG45F,batch-2,active
7C4UABIKCQ,batch-2,active
S96FB639CS,batch-2,active
86Q0GXE5TT,batch-2,active
N1KWKMKPL3,batch-2,active
7HZS6RKPGV,batch-2,active
NR7RIGK97X,batch-2,active
P0H6SP0FOF,batch-2,active
U97MOXGX00,batch-2,active
4HTMZMB5CX,batch-2,active
KQN87SQQM2,batch-2,active
KB28KWS3CJ,batch-2,active
K0XX3GFD8L,batch-2,active
Z7D6RRVLWV,batch-2,active
T4P7EFQWQC,batch-2,active
XN0ZS4SRHR,batch-2,active
3VTHW8KUV5,batch-2,active
OF0YER1ZRZ,batch-2,active
WW7HY3RI6E,batch-2,active
FAPG8XKC82,batch-2,active
89C8K3YA7F,batch-2,active
9JH7VCUMKC,batch-2,active
1S9DZ02EJU,batch-2,active
JT5BRRE5DJ,batch-2,active
S2J4PWJXWF,batch-2,active
T87L36G10S,batch-2,active
Y3UAFA8G6Q,batch-2,active
YIQPZY990O,batch-2,active
6YKBVS7KJU,batch-2,active
8RVPK4DGNI,batch-2,active
NTOTHZSB3A,batch-2,active
XSC3TOPKUU,batch-2,active
C8OTQGB5RE,batch-2,active
DG3PNXK1KL,batch-2,active
NP0ZLIKIM0,batch-2,active
7SB2D9V8DO,batch-2,active
45CMHNYLNQ,batch-2,active
LX98A7YID1,batch-2,active
SHGCIJQTPR,batch-2,active
OZ4ZBFWMTA,batch-2,active
AT0VMYI8LK,batch-2,active
T8S7EQD0GD,batch-2,active
4BAV1RYJ5L,batch-2,active
RD9DCH4K85,batch-2,active
A906OKSAWU,batch-2,active
V9R7D2DSLK,batch-2,active
AE17XTQGO2,batch-2,active
HUBOJGLNEV,batch-2,active
9ALEZH30JP,batch-2,active
K0CD53S48I,batch-2,active
BY5313S8WR,batch-2,active
N4C7I92C36,batch-2,active
KJ1SWSI55F,batch-2,active
PXPFOVSWQ9,batch-2,active
B0LIXPROPB,batch-2,active
UKLKYCQJZG,batch-2,active
4DQF85LYIF,batch-2,active
SGXNK5JIFM,batch-2,active
5WRBXQ1RDG,batch-2,active
YI6GV1J0Z4,batch-2,active
XXCTOANMZK,batch-2,active
WUXQTC3OMP,batch-2,active
S57PKCAJA8,batch-2,active
TK2OGMFK9F,batch-2,active
8VROBMAXS0,batch-2,active
BWBASXSJUU,batch-2,active
JAK6SBY82Z,batch-2,active
CAMS6MGI9X,batch-2,active
MFEBV28BVE,batch-2,active
SCG22UNKDJ,batch-2,active
UQV9FF346B,batch-2,active
5V9LRUOLKG,batch-2,active
K5HL7V9R4N,batch-2,active
7DI8NSTLN5,batch-2,active
3QPYEJ1982,batch-2,active
6ZUNL4LK2R,batch-2,active
AZEMJGJFHR,batch-2,active
FE3POO4D2Y,batch-2,active
B1EZ1PQKKE,batch-2,active
IGRHJ6DNL0,batch-2,active
TDINOPXCRE,batch-2,active
Z3EHJVUUAB,batch-2,active
TDEYWJ0NK4,batch-2,active
3H41Z0XTT4,batch-2,active
QQOKZSMAZY,batch-2,active
PBA1WE76QS,batch-2,active
OFJU5J63CS,batch-2,active
V5BJRBO5T5,batch-2,active
LX9BO90QEN,batch-2,active
XKQ7GAL16R,batch-2,active
NKNAADC5ZE,batch-2,active
96BYI1DVJY,batch-2,active
FNJHDYRLZO,batch-2,active
M87NH5GNY6,batch-2,active
EU80Z3EVVI,batch-2,active
62XTZH1JTY,batch-2,active
KCVMKYAUUF,batch-2,active
KCS1LNDVZQ,batch-2,active
JI9ISS0OWV,batch-2,active
5AACAVK7HB,batch-2,active
FCNO6RCVV2,batch-2,active
759DVQ1F6Y,batch-2,active
ROSYBT9EV9,batch-2,active
PFCJ7ZWPEK,batch-2,active
TLMBUPLDLK,batch-2,active
I7YYFIVV21,batch-2,active
VJJMWAQFAS,batch-2,active
WOMGBN6GDA,batch-2,active
236A4AMN9E,batch-2,active
7TK99MA2EF,batch-2,active
5HGA0PCSB2,batch-2,active
BP6ZNG5WSP,batch-2,active
AD408IBYQM,batch-2,active
7JJBCZ45CY,batch-2,active
P2CNK18TRW,batch-2,active
RNXNYRGFXI,batch-2,active
MFXYZ9NI9M,batch-2,active
O9ZZN2OVUU,batch-2,active
Z5BUUNOIQN,batch-2,active
SI5977SQKA,batch-2,active
TB8U95W59F,batch-2,active
E1HQ9K0K4X,batch-2,active
VT0Q0DELH9,batch-2,active
R0ONFDBKSN,batch-2,active
SJ89BK7LE4,batch-2,active
K6XZQUS5KL,batch-2,active
TGKTXB66PM,batch-2,active
BYW7FFEKFG,batch-2,active
DRL393VL7T,batch-2,active
K58TZUJGIF,batch-2,active
V1U9EZJT17,batch-2,active
LTEEIZMZHO,batch-2,active
YNV3M7VL9O,batch-2,active
LIRKNBLFMS,batch-2,active
U58QD9YS9K,batch-2,active
2AZ1BHXDBK,batch-2,active
CNK9EM2ZMI,batch-2,active
OZXO1QYNHN,batch-2,active
AFC6QWQSWB,batch-2,active
A7DT6YDWQV,batch-2,active
Z9TK1EMGLK,batch-2,active
L3V0NN2F3C,batch-2,active
IMBI1VRHGV,batch-2,active
KF9TF4PE4N,batch-2,active
UTRPLL35P6,batch-2,active
CTS35VDAPB,batch-2,active
SJ8LGFF5MH,batch-2,active
NB2NK3FMJ4,batch-2,active
P8CA8NHCGR,batch-2,active
ZY0JP5984F,batch-2,active
BC27G4NZME,batch-2,active
71TLK7IWTY,batch-2,active
N5PV7RXHQ2,batch-2,active
RP083YAFTX,batch-2,active
KROBW8EIX6,batch-2,active
R5S1T2CRMM,batch-2,active
X79KRS6RUA,batch-2,active
NMTWPRSBNH,batch-2,active
XG345KC2WF,batch-2,active
1F9O7LEFUY,batch-2,active
1Z7WBF14ZH,batch-2,active
NCYK2FQ3IU,batch-2,active
JL2QKVWYQT,batch-2,active
6TQLY1IMFG,batch-2,active
YSYJTUZ38J,batch-2,active
T75FDBDWXO,batch-2,active
Y9IXZCMCT1,batch-2,active
7WU8QP1EEH,batch-2,active
35CKE5ML6S,batch-2,active
HA51GOFQHK,batch-2,active
84GMTJI0BI,batch-2,active
CAU66XFY8B,batch-2,active
X4BVQFA1E8,batch-2,active
X4OA6SGGWW,batch-2,active
P01EA05I0I,batch-2,active
KBPH3ISRAW,batch-2,active
1R997ARETY,batch-2,active
PYODL7KG3S,batch-2,active
DQ3GB3VMXI,batch-2,active
4IVIJPFU6P,batch-2,active
C7H7ERDTZU,batch-2,active
725MX6FL5F,batch-2,active
0MSWRVE2YV,batch-2,active
XPUHLZKHXZ,batch-2,active
6LJQQYFRZ8,batch-2,active
O2TYK9KSQM,batch-2,active
E5HA02JD6O,batch-2,active
3FA10PPU4H,batch-2,active
HJILMIH22J,batch-2,active
NALOO5UKL2,batch-2,active
FVEQJ7BGX0,batch-2,active
NGAYCNQKMH,batch-2,active
N5WCJQA4JK,batch-2,active
TZ4R4DAPV4,batch-2,active
9YPAOAY7PP,batch-2,active
C43NF0W1RM,batch-2,active
KSD8UVQAZX,batch-2,active
V4XVSTC3HG,batch-2,active
ANIRIVRM1I,batch-2,active
P31LJGWFRZ,batch-2,active
BWQM33V28M,batch-2,active
IS79GURMXF,batch-2,active
4VGNU61TFN,batch-2,active
0J71LKXHAB,batch-2,active
4WCED49EFE,batch-2,active
11BCPD95PZ,batch-2,active
HQPE4FHP3S,batch-2,active
GSYYNTIPY6,batch-2,active
QGFU7KIG8N,batch-2,active
QWX3CSKP1I,batch-2,active
4IHFJ1JIIW,batch-2,active
RG9CE6B6JD,batch-2,active
AKIHTF1CDS,batch-2,active
38Z9WQ1LLD,batch-2,active
0LAOSMQVOQ,batch-2,active
GYOGHVUH8T,batch-2,active
DX5NT9DROL,batch-2,active
FBAM1MKJBA,batch-2,active
YAYYZG0IWP,batch-2,active
OLHXH1KIU9,batch-2,active
HF7AKP36FH,batch-2,active
5E5ATOUHVY,batch-2,active
ZXEBHVBRC7,batch-2,active
4F43WBMJU5,batch-2,active
KBKH0DI1QE,batch-2,active
O8X6K6TB8N,batch-2,active
FZPNC560ZM,batch-2,active
M32D6PCGMO,batch-2,active
T3KOAMSSOD,batch-2,active
INBQX7KHGR,batch-2,active
8ZYBIFS4TM,batch-2,active
HXG671IVDH,batch-2,active
5O17HXE4BK,batch-2,active
H788D8KYXH,batch-2,active
X0QY3YPYWE,batch-2,active
SIM0PCWEHK,batch-2,active
CS2P8HS1W3,batch-2,active
F76IPTSSHG,batch-2,active
X02UNTII7P,batch-2,active
QSZ6A7CW10,batch-2,active
T9OITEV7FE,batch-2,active
0JQ98N4MOF,batch-2,active
KBW6WT5YC1,batch-2,active
RB5NNKDOCU,batch-2,active
7NA0IWUBK5,batch-2,active
0H9MROK6OR,batch-2,active
SZBZLW7OWO,batch-2,active
W41SH5772Y,batch-2,active
XW3ARIS37F,batch-2,active
KBX6TZ9AF6,batch-2,active
O6XM9WM7CT,batch-2,active
SCJW0C6X9U,batch-2,active
X72BZFYAYF,batch-2,active
EHJI80ZI5P,batch-2,active
Q9LPRZ9I0P,batch-2,active
G8UUQTGP4K,batch-2,active
W4ZSX31SUS,batch-2,active
3R80NWWA4D,batch-2,active
TM8JWLPN7N,batch-2,active
88Z3JE81T7,batch-2,active
1TIHNGBKRA,batch-2,active
DGZKEWAB5Q,batch-2,active
OMTUU1B07F,batch-2,active
BFU87QCJEL,batch-2,active
TF70YA6ATP,batch-2,active
H953WAY1YH,batch-2,active
RHS3ZZXV7Q,batch-2,active
BUXQKSEN23,batch-2,active
8FP38C2Y4F,batch-2,active
SSLTPF7FAQ,batch-2,active
LNUD4I18LO,batch-2,active
RE3A2SZGV7,batch-2,active
KLPRCBQ7AB,batch-2,active
XR0QIKWI2J,batch-2,active
FIV0G5W63I,batch-2,active
XAZRTQDF6P,batch-2,active
VD8WN8GIFL,batch-2,active
UINOSUZM36,batch-2,active
PYKC9WLW3A,batch-2,active
908KG4A61X,batch-2,active
7V3M1AKLJL,batch-2,active
EKTFUJQVR3,batch-2,active
85GGLH26GX,batch-2,active
UDMMHZCKAA,batch-2,active
9Z70GV56CI,batch-2,active
V8IFRCTL7X,batch-2,active
321FYPA4EB,batch-2,active
1QL1UH7I2S,batch-2,active
C6YG5NGZ1P,batch-2,active
6LDNI9AKW8,batch-2,active
K4BYYEB1DK,batch-2,active
8A8FXI1Y3S,batch-2,active
HF0I8WD3SD,batch-2,active
3J0LZ5J5Y1,batch-2,active
NG4WH4IDU0,batch-2,active
HKCDFZMDU0,batch-2,active
DOYMLGN6JM,batch-2,active
QVYWUQUFT5,batch-2,active
U38I3YK4FI,batch-2,active
UFQFNBYBO7,batch-2,active
6FWKKCZ5F8,batch-2,active
JFIXGFK4I4,batch-2,active
VSNMGFB3D2,batch-2,active
4SO4K6SIW9,batch-2,active
Q2EOEL5OBE,batch-2,active
RXUHL4GHDY,batch-2,active
FGKIUHU3S8,batch-2,active
2CL7KMX4FG,batch-2,active
PAA39JNNCK,batch-2,active
G4GQ77WXTU,batch-2,active
BOLX0PUYDA,batch-2,active
A18B67H578,batch-2,active
JBRKDZGGUN,batch-2,active
A67LYPFO40,batch-2,active
0NMGCDEPFF,batch-2,active
MO8J24F1V2,batch-2,active
OUZD1Q3ZZA,batch-2,active
RVDBWUTP2Y,batch-2,active
XBULMQ9ZJI,batch-2,active
IVXN6L621G,batch-2,active
SXJZZ6DVAL,batch-2,active
PU4TWJD1L2,batch-2,active
681HN28FY9,batch-2,active
V2ZIFNLDTW,batch-2,active
L1DTVM4PZB,batch-2,active
E5MUTROB3C,batch-2,active
9QDL52OKEN,batch-2,active
LB4KF73191,batch-2,active
153KC8DFFY,batch-2,active
WI2XXJ2I97,batch-2,active
LNHXOXF0NV,batch-2,active
P77JPR481X,batch-2,active
CKOJPA8QCS,batch-2,active
Y8FW83KVX8,batch-2,active
BBHBJ1FV9A,batch-2,active
T1OR2XMN0E,batch-2,active
7HCF5PPDVT,batch-2,active
EUV11P7BH7,batch-2,active
SU12EVCL59,batch-2,active
82JXLYB9J7,batch-2,active
V6C0MRRH1Z,batch-2,active
GMHK1BWB78,batch-2,active
N3QHFN1CPF,batch-2,active
CVDY3OAWOO,batch-2,active
9RFAXVN741,batch-2,active
AQD5CPGLL1,batch-2,active
CLQP665I0L,batch-2,active
TV8L8RIF0W,batch-2,active
S76394KQL3,batch-2,active
7IJYM6COKR,batch-2,active
0OXY39L3XQ,batch-2,active
7RJ07SVKSQ,batch-2,active
79PT4TJ3L9,batch-2,active
73J5TGK1AB,batch-2,active
67DQV4EAN8,batch-2,active
Y4081Z5DPR,batch-2,active
0CY1OISC31,batch-2,active
5PDSH23O88,batch-2,active
AJ3TJ24HP3,batch-2,active
9F3ZEEVC1R,batch-2,active
DLD4WLI9ML,batch-2,active
0A2G1J6HP0,batch-2,active
35KEJ206KD,batch-2,active
X01Y0DDUMG,batch-2,active
YC2KWLJVS3,batch-2,active
GOBAAVMN56,batch-2,active
4IUJ91S45H,batch-2,active
52UYDXOFT3,batch-2,active
HSTNDCMSFO,batch-2,active
6XLHA9LBYI,batch-2,active
A99SYJR9IF,batch-2,active
FIB9V6UNEH,batch-2,active
QPXS5VJEN7,batch-2,active
T12TICHUUY,batch-2,active
5RZJUPGKV8,batch-2,active
AF0FVK4QJJ,batch-2,active
LNCTRQA6RR,batch-2,active
ZMT4ANFUBD,batch-2,active
ZHES9TBRDW,batch-2,active
SY0728P72F,batch-2,active
JPNQCUG3SY,batch-2,active
FHLQNPB6GM,batch-2,active
9V5GMHQZ0Z,batch-2,active
5YIT3M8W1G,batch-2,active
M5UM9L6M4A,batch-2,active
1V8W1S26ZJ,batch-2,active
QUTVRXW66A,batch-2,active
HNK58VUXVO,batch-2,active
J3JGVK1K1F,batch-2,active
SWGBIWJQGW,batch-2,active
BJ97VVAFXA,batch-2,active
660MNB4U8V,batch-2,active
CCFUU9F451,batch-2,active
FOU2MOJY0O,batch-2,active
O35R12R2M8,batch-2,active
355AIQFY67,batch-2,active
T01E0RYJLU,batch-2,active
4AT61JWFBN,batch-2,active
27FQNBRKK9,batch-2,active
QK06HPQN1F,batch-2,active
0B7GNAUG3J,batch-2,active
J2S6KOJRU9,batch-2,active
V0HX93BUEX,batch-2,active
ZWCFNTHM61,batch-2,active
88I84TXHZH,batch-2,active
4DYA3MUUEE,batch-2,active
LQAXQ81RSG,batch-2,active
XIPRSGDN9S,batch-2,active
HUUML788ZR,batch-2,active
NKUV2YNC8H,batch-2,active
VRFY7YNEHC,batch-2,active
ASKFXI24GO,batch-2,active
RMABQ4YL1F,batch-2,active
KUMPIOEZL3,batch-2,active
9W3GNHRUVH,batch-2,active
W8CYYX2KCC,batch-2,active
N3OX9S4UO2,batch-2,active
C0289Z8F51,batch-2,active
M8Q8V26OWP,batch-2,active
IDXHSZI47C,batch-2,active
0Y6W5KMWFV,batch-2,active
F9102K2P41,batch-2,active
BF574NXXBC,batch-2,active
HAA773F1K0,batch-2,active
1M2MAA6U75,batch-2,active
M06T4NNYCV,batch-2,active
8YZ29FQ97Z,batch-2,active
3H6JJ1XLQU,batch-2,active
2V5EMZ7AQX,batch-2,active
K9CB5Q8PX4,batch-2,active
PWW4MJT2U1,batch-2,active
ZH5FMDAR37,batch-2,active
3HUNNMDAJN,batch-2,active
4EDINRWSGO,batch-2,active
UY6ZFFIEGU,batch-2,active
HFT79JZ51E,batch-2,active
R046O1WO2I,batch-2,active
L2BV2T1SZJ,batch-2,active
UIDP5TWP9T,batch-2,active
TOXLW7XV0R,batch-2,active
BJVHXR8HF7,batch-2,active
1YN5CPKBSA,batch-2,active
HDC0YOD7TT,batch-2,active
8ANVIGLVQV,batch-2,active
1U82SJUHET,batch-2,active
DWTDSHZBDA,batch-2,active
OCS4IO5ZO6,batch-2,active
6QR7K609BO,batch-2,active
OFC6ONBLFR,batch-2,active
X131A6WE4C,batch-2,active
02V9W8J4N9,batch-2,active
WD2EBQSD4R,batch-2,active
G967OTCJTP,batch-2,active
6XYNF53PHI,batch-2,active
LYG3SA6EMF,batch-2,active
2TVP0CKTSG,batch-2,active
0P11MO60TG,batch-2,active
XI989V19DP,batch-2,active
GBCHXB706S,batch-2,active
0SBG9LBC8N,batch-2,active
J3WOOWT6BS,batch-2,active
ALRZTE5V18,batch-2,active
BM5ZUA8HDJ,batch-2,active
9RDU4RXQFD,batch-2,active
IVZKIY8WHU,batch-2,active
6E1J4YCNE9,batch-2,active
M9IQ74XXXF,batch-2,active
NGAF6RI9HL,batch-2,active
COZP8MZXZK,batch-2,active
G8Q0SN459N,batch-2,active
TS292S91GS,batch-2,active
A545DC4IZ1,batch-2,active
WJN97OHW03,batch-2,active
E9VB44DFAI,batch-2,active
7OWN6YXD9O,batch-2,active
M1I0YZW857,batch-2,active
7PG2LX1H2M,batch-2,active
NCENZJ89Y1,batch-2,active
001690RNJW,batch-2,active
0755ME5XVN,batch-2,active
XL2O8HWSIX,batch-2,active
6X7C0KICUM,batch-2,active
XQJXE719NT,batch-2,active
0BIRRKNYZO,batch-2,active
6AWM7ZXVEV,batch-2,active
HHHYQP5KHM,batch-2,active
JV5IQQEAD5,batch-2,active
27QQN1KZHR,batch-2,active
9EGH5GN560,batch-2,active
W4KCLIDPVA,batch-2,active
F2Q71CN4KW,batch-2,active
9UVMQ82GAE,batch-2,active
KWIC58QKPU,batch-2,active
VBGRL94XE6,batch-2,active
VV4VOENSF1,batch-2,active
LOCBXM2CQI,batch-2,active
O8HGC24452,batch-2,active
327502SW7P,batch-2,active
KQMPSMJ2UF,batch-2,active
T5T9XWJUEN,batch-2,active
1CIULREL1S,batch-2,active
14KBBIS0XI,batch-2,active
DZB1CMRLNW,batch-2,active
9LBOES5QIT,batch-2,active
5XFK2HEBRQ,batch-2,active
K549HAUK9U,batch-2,active
7CF400EWWP,batch-2,active
8Z9CX36OSD,batch-2,active
23P1ZOPG93,batch-2,active
3MF2D6ARUW,batch-2,active
RP1X1IVUKO,batch-2,active
9ZUICP0Q6K,batch-2,active
JZJA32XB7B,batch-2,active
0KGYES71OK,batch-2,active
G409EAXZ8A,batch-2,active
OVGEOK0QTX,batch-2,active
6XX5YYNI60,batch-2,active
UJA10LDENP,batch-2,active
8B5UY1WQ4M,batch-2,active
YZJWIDIGVW,batch-2,active
RTGEVECPYU,batch-2,active
N4HESSJXG7,batch-2,active
EQ6P9QBXM5,batch-2,active
QO68CZITM6,batch-2,active
QLHGMPJUO9,batch-2,active
332TFY4H9U,batch-2,active
VUZ94A75WN,batch-2,active
RASNZ0TVVT,batch-2,active
Y47HHKID3Q,batch-2,active
U3LXRU58F9,batch-2,active
8IE7MCO0NU,batch-2,active
HHL1M3SAFL,batch-2,active
K2O0BR1GLS,batch-2,active
XZKLO5EQCM,batch-2,active
30216CVE2Q,batch-2,active
QNBRDFATBY,batch-2,active
3IPOBMGWZ0,batch-2,active
KG1ZXDP375,batch-2,active
VVVWTUUQMW,batch-2,active
KFJYYUYYPH,batch-2,active
QJZO2KUNTF,batch-2,active
JLAJQ394MF,batch-2,active
BI2BNO7MWP,batch-2,active
IN9U7AHYUP,batch-2,active
G68YXN2YJG,batch-2,active
A7HCJ75MN4,batch-2,active
IG3T951DIR,batch-2,active
JL1FSLSLFC,batch-2,active
X2H5F08IJ0,batch-2,active
ADJ5QU52NB,batch-2,active
ZHO4DULAKA,batch-2,active
UQEWGEN97R,batch-2,active
GLSEK8O3BH,batch-2,active
1JG63OC4YO,batch-2,active
2O069K9987,batch-2,active
6W3LPUEHEO,batch-2,active
F5SKG78116,batch-2,active
1B768D1FV2,batch-2,active
L1EBU0K9SH,batch-2,active
HVNT2FTCWO,batch-2,active
X4R7ETFK65,batch-2,active
HNWN6E2KEM,batch-2,active
X3J3Y5RYBQ,batch-2,active
OYOX9L11W7,batch-2,active
PSPIA3DTO4,batch-2,active
AH1APWBKYM,batch-2,active
TEC16YBQ13,batch-2,active
4KBPXPB5Q2,batch-2,active
6ZT2L8PQEV,batch-2,active
YFIPIHMQFE,batch-2,active
L9X4PY383L,batch-2,active
NZPMXTNGO8,batch-2,active
R8DMHSU0BH,batch-2,active
P7T0ALAXLW,batch-2,active
AT0JE82COP,batch-2,active
FHLQTLOS9V,batch-2,active
ME4X9R89PF,batch-2,active
JEG1VVDPJC,batch-2,active
3IWV7G2JDN,batch-2,active
LJSFRAUOC7,batch-2,active
VCUI9RGS5P,batch-2,active
HFWENKOHDQ,batch-2,active
9VEHCX1MWF,batch-2,active
0W0YZZXGIF,batch-2,active
EHDX1CIB8T,batch-2,active
UHWG8ZSZRH,batch-2,active
AJLNQVA9XT,batch-2,active
RLA8F1NZD0,batch-2,active
8W1ONHTJJT,batch-2,active
0JF8E2X9LJ,batch-2,active
PK9TIZXLW4,batch-2,active
IVMVHRP5OC,batch-2,active
SBJ4Q4VDEG,batch-2,active
0HEUEMNNUP,batch-2,active
TD637VVBOG,batch-2,active
KPBE7YR50O,batch-2,active
A4CUDHFY2N,batch-2,active
2QW9FI1WS3,batch-2,active
DLL8L4K998,batch-2,active
3CEVWB1L6H,batch-2,active
XKUWX7E8T4,batch-2,active
64SFA90G5P,batch-2,active
76P8FOP0EW,batch-2,active
7SVRA76ZW1,batch-2,active
J63XNB7TVD,batch-2,active
MJ7FWYJEKI,batch-2,active
W9AYF3CTFU,batch-2,active
PUWS1QB0ES,batch-2,active
65QMT0KE2H,batch-2,active
0GWM5WA5WT,batch-2,active
7PJFCEVJMS,batch-2,active
8RGEEPDM7Z,batch-2,active
S483M2KUZ6,batch-2,active
AV0BK3M79Q,batch-2,active
T34QKOBE3Z,batch-2,active
63EKR8JAA7,batch-2,active
RR7ULDC78O,batch-2,active
WF4UVFRBVF,batch-2,active
B3R9LR1NRZ,batch-2,active
O8M02STRUR,batch-2,active
77KW4BUF73,batch-2,active
VMY3Y2DINZ,batch-2,active
401IQL1UZ5,batch-2,active
LA8LQN482N,batch-2,active
QCLE1CBFHR,batch-2,active
DGSHZVYTR5,batch-2,active
DBDBMBX0OO,batch-2,active
GJSCEW5JJ5,batch-2,active
UXOZPVOUVR,batch-2,active
AEOWGGTYPO,batch-2,active
RXA9JOGW3Q,batch-2,active
VQX8W4JI8G,batch-2,active
9RY1M5XZ1S,batch-2,active
CW014OE3PL,batch-2,active
PP5CDQ8XL9,batch-2,active
XAFDBVMWA3,batch-2,active
VZ5F8NS8AZ,batch-2,active
5BR6GCTBUX,batch-2,active
M5FILH81WF,batch-2,active
03JCDPAG3B,batch-2,active
ATC37YR89D,batch-2,active
EFEAW63V29,batch-2,active
E2YUEJ90A7,batch-2,active
F9F2RRIBW2,batch-2,active
BEBKRHRSKQ,batch-2,active
6H5H5DYQ8C,batch-2,active
50V4XX394Z,batch-2,active
Z6TT6PXJX1,batch-2,active
VCW8W5W8N5,batch-2,active
RKMPYMA0LB,batch-2,active
RPR9VOG3RB,batch-2,active
LQ9AXC3ZZ2,batch-2,active
VT1VMB0S84,batch-2,active
38VC3OR5R0,batch-2,active
0DNNS2ZTWO,batch-2,active
EMZYP640Z1,batch-2,active
GXROLUQ66I,batch-2,active
CRDAWEBR5I,batch-2,active
3BAM8Y4QB8,batch-2,active
BRWXJ6C9XJ,batch-2,active
LHI6JNJ7YM,batch-2,active
MBONS5EC0J,batch-2,active
73R7VR8J9O,batch-2,active
ZAASUDPMPM,batch-2,active
HRRDDII2ZS,batch-2,active
UW3EBKKXFA,batch-2,active
RFUI9PHK7Y,batch-2,active
SLVMSK91DW,batch-2,active
MPLUEYIOIJ,batch-2,active
86ARNAKVWA,batch-2,active
4P1Y0XDG9G,batch-2,active
Z8DHJQ9M86,batch-2,active
G5ETIC1RLF,batch-2,active
A5H1L7GRIV,batch-2,active
N9HPDL1GQR,batch-2,active
RK10XBT7LE,batch-2,active
XA1LR1DLLM,batch-2,active
QPWYCH5WDR,batch-2,active
QXJ750DOQH,batch-2,active
VLN14L1PFO,batch-2,active
EORFPTMZ0F,batch-2,active
H6WBQZQHS8,batch-2,active
S5ECVC7XBZ,batch-2,active
FE2QLMGMQD,batch-2,active
P4YKBS61RH,batch-2,active
AD4OBTSO0Z,batch-2,active
M8JEBOQTOX,batch-2,active
VZZE7XB0W0,batch-2,active
AICRN616O2,batch-2,active
Z51UKB54XZ,batch-2,active
DS4OWT5WXV,batch-2,active
62UX5DMLCB,batch-2,active
VS74XXO89I,batch-2,active
8M5348FUHN,batch-2,active
FXUQQO08NM,batch-2,active
GOF6Q1YB11,batch-2,active
774231277C,batch-2,active
O38C7HS8DC,batch-2,active
DMNLMSZ0AZ,batch-2,active
ZJ0UEIZGAL,batch-2,active
GH931IPD1X,batch-2,active
JK3A8H611Z,batch-2,active
TQVFCMBX70,batch-2,active
EX3O27FV7J,batch-2,active
ZBY01A1TXX,batch-2,active
OS9DJYOOC4,batch-2,active
4CME1O1VH0,batch-2,active
CFMVTMY0TE,batch-2,active
PWWXCTZO24,batch-2,active
LLKEILNHMA,batch-2,active
SOSNCU8714,batch-2,active
XTTJTPVG4G,batch-2,active
Q5O2ELK4AS,batch-2,active
ZQLQ8NAFCW,batch-2,active
KC1LA2RDJX,batch-2,active
B1XMTI45PI,batch-2,active
FFJKGA73I4,batch-2,active
NI51MWPK24,batch-2,active
EY7ECR5U60,batch-2,active
112KPOEF34,batch-2,active
M4ZYGQ32J0,batch-2,active
Z61N29PD81,batch-2,active
VMHVJ5ZK9M,batch-2,active
Z5H1PEEH4J,batch-2,active
5FPRB5DKGR,batch-2,active
R16F7KR4W1,batch-2,active
1GS0BNSSFD,batch-2,active
ZQ1U4CYOT6,batch-2,active
793JX7YDXZ,batch-2,active
1ZF7OHTGSL,batch-2,active
98KQPZCO1S,batch-2,active
BKW4C87357,batch-2,active
G7K5D40NEI,batch-2,active
X054WPFJYE,batch-2,active
8BYSJFYNCW,batch-2,active
AIAA6TDHWY,batch-2,active
5D1QXUN0LA,batch-2,active
RS379Y1SXB,batch-2,active
IOYE7VEJIF,batch-2,active
VECV4SVT11,batch-2,active
0Q73A7D4JG,batch-2,active
BPVRYZ8JJE,batch-2,active
7H6N6ENZ7O,batch-2,active
TDG4HWDYIR,batch-2,active
G79BSRAKA2,batch-2,active
QLGGNMKK3E,batch-2,active
1TSWBKP6LB,batch-2,active
KWQH5291SM,batch-2,active
MLZIRH9VI9,batch-2,active
1H5SXCDFMV,batch-2,active
P3B97ANHPJ,batch-2,active
0OBA3P7IWP,batch-2,active
90HHL6VF10,batch-2,active
XD4GA9J2NY,batch-2,active
HCXAJTO75V,batch-2,active
9CXCW4P6W3,batch-2,active
X5367RUBOP,batch-2,active
OJPZ1BZ7C1,batch-2,active
XMQSHT54U9,batch-2,active
5RRLFV5J4A,batch-2,active
9AF4G6HOEL,batch-2,active
ZUXBUXWSGB,batch-2,active
W3MOD70KX8,batch-2,active
CA1TJCQ739,batch-2,active
UKCCJNB7E1,batch-2,active
UVJN428X0W,batch-2,active
37FWQFPWRV,batch-2,active
BKHA5WX1VA,batch-2,active
HE9WU3EEDU,batch-2,active
C5VUJWZWCF,batch-2,active
PNS6TYQ4HL,batch-2,active
66VG99YFAT,batch-2,active
WDCA0FRC3G,batch-2,active
H1Z3HN940U,batch-2,active
P6GTPULKGL,batch-2,active
6BUZYH0K8D,batch-2,active
6CXTP564L5,batch-2,active
37UTXEHCPS,batch-2,active
831IFUZV9M,batch-2,active
IXX49FJTPT,batch-2,active
E0WQY91MJH,batch-2,active
J9WJ77ZUIA,batch-2,active
9E2N80DI3E,batch-2,active
HCLC2ZTBNV,batch-2,active
SLF8CNYO4M,batch-2,active
G1ZI1BYZOM,batch-2,active
AOW1VGL8QY,batch-2,active
T3X58VZZH6,batch-2,active
79IF5TJ060,batch-2,active
UGGM0EN5S4,batch-2,active
5FWCA2AW56,batch-2,active
L1LEVWMNQE,batch-2,active
Y4M6C4EKLT,batch-2,active
10EHAEWT79,batch-2,active
1LDP2IVC4E,batch-2,active
4Y87LMPZ41,batch-2,active
7T0WRONGWC,batch-2,active
4843CR6IXM,batch-2,active
PEVN0U81AD,batch-2,active
MJDAR5RB4V,batch-2,active
JMS89U4QOV,batch-2,active
RQZJAM6W5Z,batch-2,active
IOCJPW55GX,batch-2,active
MZNL1THLYB,batch-2,active
I7J62J0TD0,batch-2,active
ANPUGZL7G7,batch-2,active
S59V9XWO2H,batch-2,active
0FA88WXUW0,batch-2,active
MJ4YSXBM8L,batch-2,active
85E5SMJIO0,batch-2,active
FRYCKQ4JML,batch-2,active
86M5ST6GNF,batch-2,active
047OUC6JA4,batch-2,active
7ILA82QZVG,batch-2,active
ZTNZM19PXF,batch-2,active
JLWTVS5XO3,batch-2,active
DQU7M5WBFW,batch-2,active
Q0GMFJ4L9U,batch-2,active
F4NYUT8KA0,batch-2,active
G4D641XWTC,batch-2,active
H0PA5EHA2W,batch-2,active
1S7Z7PDW2A,batch-2,active
6KU47SUQW5,batch-2,active
YIAFHO7B4G,batch-2,active
RCL23LYXDS,batch-2,active
3M94ZYB7WA,batch-2,active
I45CWQXTV6,batch-2,active
SENAZT8HET,batch-2,active
G3676ZUKVI,batch-2,active
YGDZV6NPTD,batch-2,active
YV9UOBS8G2,batch-2,active
B0ZNDKKL0K,batch-2,active
EDREUS890C,batch-2,active
ADS75W650D,batch-2,active
NXFB8LVM00,batch-2,active
G4TYW7LEWS,batch-2,active
71ZPYXAXMC,batch-2,active
HKTHC77BRE,batch-2,active
JZ1S7PTPML,batch-2,active
WJF1Q9EWQ8,batch-2,active
3P7526T5RA,batch-2,active
P6X4DCN4Q9,batch-2,active
FKTEBMNZNM,batch-2,active
QCXROSF8ZW,batch-2,active
H29W4G5TM3,batch-2,active
UHTTRGY2JD,batch-2,active
A78DGTXILD,batch-2,active
5LHLQ7PVIA,batch-2,active
Z2683ZTFI5,batch-2,active
NIEQZ3LYBA,batch-2,active
9LG3YKDS4B,batch-2,active
S1QYTCANXU,batch-2,active
VIYKOOVXG0,batch-2,active
A0SLSXM6IR,batch-2,active
T6SUCNLZ58,batch-2,active
W7DJOBTIWN,batch-2,active
0D7CMR3YTN,batch-2,active
Z2ZI6ETA9U,batch-2,active
T3TMGARA02,batch-2,active
V5XMRXJRU9,batch-2,active
N4HNX4TJR1,batch-2,active
76QIVRPJUL,batch-2,active
GO6EPUN9XD,batch-2,active
FP3TQV0L8O,batch-2,active
Z7YW8DJDO8,batch-2,active
SA803GIF6G,batch-2,active
TRVNCD8N5N,batch-2,active
WZLBC42Q01,batch-2,active
IXWUUEGO75,batch-2,active
N0E0X1NXW6,batch-2,active
BO7NBK0R2G,batch-2,active
8RILLZBD53,batch-2,active
9A59G7XRCY,batch-2,active
L29KFCJ0BA,batch-2,active
WEHXM5SK0T,batch-2,active
NG6NG2IYAE,batch-2,active
9TNLA6A3KT,batch-2,active
O8WJV5HQQ8,batch-2,active
3BVCJR8DJ5,batch-2,active
T94ADZRTZF,batch-2,active
FYDZROUFNB,batch-2,active
HLLN2SRGBK,batch-2,active
ZFKBXCY3NF,batch-2,active
FPAIYIJ31E,batch-2,active
1YDSICIT43,batch-2,active
N4SH0LBC1D,batch-2,active
API8TYI6KE,batch-2,active
MGHUM4M780,batch-2,active
D3CQN68X7I,batch-2,active
70BIYRT1H2,batch-2,active
A0BFEWLTQQ,batch-2,active
G5WQD23OSX,batch-2,active
GEY8LSP7WJ,batch-2,active
XQGZN7DJP6,batch-2,active
YJGB54GJ9W,batch-2,active
2QWQGKZKRM,batch-2,active
M0CSGBPDV6,batch-2,active
71NT1QW8VL,batch-2,active
NZV32E3ST7,batch-2,active
YXG2I5WLLN,batch-2,active
48SBCUFJIM,batch-2,active
M6JSGNZNQG,batch-2,active
CAPROOBCJE,batch-2,active
KCJ0X3U5AP,batch-2,active
YZXFACPWAS,batch-2,active
U0I3ACHACZ,batch-2,active
TMV11RQBJL,batch-2,active
BJK352TS1C,batch-2,active
ZXHK1VM53U,batch-2,active
MOGVAY17AI,batch-2,active
Q775SNVVPR,batch-2,active
JWWL7FWBNN,batch-2,active
SVR1W0VW2N,batch-2,active
EMIWVJN95R,batch-2,active
VPLMQE04VN,batch-2,active
ZMMBN6KP34,batch-2,active
2T9YMPK902,batch-2,active
MDNYP6A60C,batch-2,active
PCRMNGJEOK,batch-2,active
UHPQD3GZ8M,batch-2,active
9TZGI26PHP,batch-2,active
8BJPZ1GZ3O,batch-2,active
4KCA0ZVXYI,batch-2,active
KXZ0C3R069,batch-2,active
JQPOWEA7VP,batch-2,active
OYCLUJB4TC,batch-2,active
59LSEPIK98,batch-2,active
U2PRPNTAEH,batch-2,active
4D715JUY1T,batch-2,active
NM45ZBYX07,batch-2,active
FIUHST38PC,batch-2,active
N7HHZRDHKM,batch-2,active
JIAPJHW74G,batch-2,active
UDCCPZC7FS,batch-2,active
7ZXAX4ZIES,batch-2,active
E5YDYMCBJI,batch-2,active
DHF6NDXVLY,batch-2,active
69MJ6ADUKI,batch-2,active
Y3FZKXLOZ8,batch-2,active
780KFAIYVP,batch-2,active
L5JUQ9XNMT,batch-2,active
F5LMVACIF4,batch-2,active
QO20BJKHE0,batch-2,active
TUQIOTIZTH,batch-2,active
SLXDXV2RDX,batch-2,active
HGD6MIR00W,batch-2,active
0XG5MORJOZ,batch-2,active
4AAT1QGG3U,batch-2,active
14UA0P5Z0U,batch-2,active
ZEGXD6Q5WE,batch-2,active
TDMA1BH2CX,batch-2,active
TYM6NLSR6M,batch-2,active
B50BOY3FIJ,batch-2,active
51R680ZLFK,batch-2,active
6RXMKQ5HZA,batch-2,active
WBI5MC65KH,batch-2,active
ZY3ZCL0QB5,batch-2,active
BLZW1PMBD1,batch-2,active
3NF4VVPG1F,batch-2,active
698MEAH2GT,batch-2,active
L5VSDSZP8Z,batch-2,active
EXTM2JGQZV,batch-2,active
7LH9O9EFGS,batch-2,active
VJJQ4P4R79,batch-2,active
05A8311NFO,batch-2,active
95B1E5X7QW,batch-2,active
YR4RTT13C6,batch-2,active
PT7V26LYZ6,batch-2,active
IQ2BJ7HTG9,batch-2,active
SYV9YYXJSG,batch-2,active
F8WBD795AC,batch-2,active
5UJPAFNY1Z,batch-2,active
HUTIRN0OSL,batch-2,active
DHSKVNOEFM,batch-2,active
74U4JJKEE9,batch-2,active
80652G98GO,batch-2,active
JRA5NRRJ7U,batch-2,active
TJPAT9148T,batch-2,active
TQ6DASG604,batch-2,active
AFYUS97TMG,batch-2,active
KRSWSDKTRD,batch-2,active
87LYCLILI1,batch-2,active
KG5UJG9P57,batch-2,active
BFFG7NCQIT,batch-2,active
BWZ6OOM886,batch-2,active
VPYSA4MASK,batch-2,active
SE47D9QKAS,batch-2,active
22A3Z4V69S,batch-2,active
9RPNCA3ZVI,batch-2,active
70YQ7IN2YK,batch-2,active
KGJNYQUDS6,batch-2,active
EAG8P0YXGZ,batch-2,active
81UFEW0R9L,batch-2,active
NYK35WII3A,batch-2,active
LQVUERDMBS,batch-2,active
ZQE5E3NBQL,batch-2,active
85LPN8Q38X,batch-2,active
0ARXT1I99I,batch-2,active
GJ4O7BSBIL,batch-2,active
IUZGRS0OUK,batch-2,active
GG0A69ICG8,batch-2,active
1OLNJ3I5AN,batch-2,active
ZV0CZGKRZ3,batch-2,active
HRCP1OR423,batch-2,active
QDNT5MN99C,batch-2,active
Z9W5TLR088,batch-2,active
5FRJK497EJ,batch-2,active
O96EY6G0C5,batch-2,active
7E9GUEO5SW,batch-2,active
H1UB7UA0W9,batch-2,active
1XB6J8U7D0,batch-2,active
35JD5HPQKG,batch-2,active
RBO4EN23T9,batch-2,active
EAECCKV9TO,batch-2,active
2N8JE533Q7,batch-2,active
VOUDQLHKE9,batch-2,active
M324Z94V5H,batch-2,active
3CS9774BQ9,batch-2,active
NPZ5O04UES,batch-2,active
FEUAQQ1ME6,batch-2,active
YG7F7YGCEW,batch-2,active
GC0TIRPVJ0,batch-2,active
AUL22LLQA2,batch-2,active
I5HQ3WQO4E,batch-2,active
WB6JJZHGKM,batch-2,active
K8OQWGY4S8,batch-2,active
N7RU13ZYFB,batch-2,active
V63UT1JCAF,batch-2,active
RA08Y0BW5Q,batch-2,active
QC1Y5QPGSY,batch-2,active
C43QVNDH3N,batch-2,active
MH9F7PBOM6,batch-2,active
9HJZKBCKIM,batch-2,active
VORMIQY06N,batch-2,active
XOH75XDOXK,batch-2,active
NP84A1IV5O,batch-2,active
TBVJVTMUOW,batch-2,active
2EMSEZVJN0,batch-2,active
3J98AU5CZ0,batch-2,active
HG6T1R4VGR,batch-2,active
FHJ70PH944,batch-2,active
AWOB5020YC,batch-2,active
8PCMB0NJ26,batch-2,active
LQ8TB2EQB8,batch-2,active
QR6NLAUNON,batch-2,active
AVOAQCGM9G,batch-2,active
QT6JLCZAEU,batch-2,active
I1ZXNDOWHA,batch-2,active
88VDV7JOBW,batch-2,active
Z7SS6GZLZC,batch-2,active
72DGL34O8G,batch-2,active
HFZXQDW4NF,batch-2,active
K3KLD7NLDV,batch-2,active
UT918PDFX2,batch-2,active
W55Z4TLHC8,batch-2,active
JZ9PKRLE1S,batch-2,active
S66C7TZA5Z,batch-2,active
4AUWXIWGV1,batch-2,active
DADNW4SGPW,batch-2,active
U0230BTP69,batch-2,active
IENP9CM602,batch-2,active
4CKLDPABS8,batch-2,active
AWM6C744SL,batch-2,active
ZULH8TOIQK,batch-2,active
SXYB97OU1A,batch-2,active
QL5V7KZ8LS,batch-2,active
FPM5KEIJIE,batch-2,active
I5X5ODKMZS,batch-2,active
J5X2UMRRI7,batch-2,active
F9BF1V1T4Z,batch-2,active
I09O0JC0H2,batch-2,active
EI6QXBUN8Z,batch-2,active
VYWF8IMNW9,batch-2,active
7TGXW283TW,batch-2,active
CIAQGS4QWS,batch-2,active
ZQBHX19BKS,batch-2,active
08W0W7Z3EH,batch-2,active
W85YJ6U1SQ,batch-2,active
W5T7FULQOG,batch-2,active
GT4YBSJBN1,batch-2,active
MY895Z6G5U,batch-2,active
1I1CCLF9JZ,batch-2,active
JHYX6LSM0Z,batch-2,active
RVR9MNHW7E,batch-2,active
X01V4H6W0H,batch-2,active
08HTLGCN0Y,batch-2,active
IEUOPWLTMV,batch-2,active
FGOIXFWGLO,batch-2,active
HHJJPO2KYY,batch-2,active
QBI3INFO0X,batch-2,active
MW1VPNBW2K,batch-2,active
B2LL2O5H2M,batch-2,active
1D5TBLNFMM,batch-2,active
1HR5QJ0LTU,batch-2,active
74KXC5GUAL,batch-2,active
2PVHLYP76C,batch-2,active
3RN7EUZP8U,batch-2,active
IZZYYK9YNV,batch-2,active
JWGWWYQXNE,batch-2,active
5HAZNKD4L5,batch-2,active
FY548GPPHR,batch-2,active
75W58M7J0S,batch-2,active
S4DHU78C45,batch-2,active
YP0SME9XHQ,batch-2,active
FEKJC2BBBK,batch-2,active
1UZB73RZLX,batch-2,active
11TPQLUTQ4,batch-2,active
I3D3XPLITH,batch-2,active
Z3BAGY499C,batch-2,active
U5LK36N17H,batch-2,active
BUXH033QS8,batch-2,active
D4466M24SI,batch-2,active
M20LFUCXTS,batch-2,active
B7SOT6DZ7I,batch-2,active
G8JZAHXIEQ,batch-2,active
DU65HEPFY5,batch-2,active
GYQ15MBMVA,batch-2,active
HVAW68M2FG,batch-2,active
AMCYIZLDC1,batch-2,active
BB96MOR2CW,batch-2,active
SDPMRQIMVV,batch-2,active
80VW3UMHKX,batch-2,active
QQQ53JKGPB,batch-2,active
3WXZNCGOMK,batch-2,active
F7T6QLV1QF,batch-2,active
9UX6MAI3ZF,batch-2,active
7FNJLJEC4E,batch-2,active
BKE19TR65V,batch-2,active
MABN8S53C8,batch-2,active
6DX2W01M9K,batch-2,active
N8TLUBYV7K,batch-2,active
MBUFGM00ZA,batch-2,active
7GHEYYWKU2,batch-2,active
IG9TJMGVJZ,batch-2,active
YXAABRJUZ3,batch-2,active
2O3ZPOR8F6,batch-2,active
FNAAX46R8D,batch-2,active
PQ8T7YPLR1,batch-2,active
DJ7OJWQ2L6,batch-2,active
NS3FJF3X7Z,batch-2,active
NHBRBUFJ9V,batch-2,active
OLFM7M98E5,batch-2,active
9941N25DBD,batch-2,active
MCPA8STQ8D,batch-2,active
XSFK9JKF8Y,batch-2,active
DSM9PH4TLP,batch-2,active
JVPS005Q0K,batch-2,active
9PB3F5IWFI,batch-2,active
8UDI0LZA3R,batch-2,active
OVCUFTETO3,batch-2,active
B4IRQKL4T2,batch-2,active
GHP7LRQ5BW,batch-2,active
CI6EB1X109,batch-2,active
T0YEY44RK2,batch-2,active
4F2PGHSQDF,batch-2,active
HLJZIUYS1Q,batch-2,active
S7315FUII8,batch-2,active
CXSWZ7GCFS,batch-2,active
1IUJRN4S8U,batch-2,active
3WIJSYC7WT,batch-2,active
2K1BOMGOLQ,batch-2,active
ZFL685O2PE,batch-2,active
2OSO01ZT99,batch-2,active
W9H7WGCSVC,batch-2,active
AE8P5VP83G,batch-2,active
MTKYWZN2HR,batch-2,active
2W2POTS0RV,batch-2,active
317ZVVSKSZ,batch-2,active
JSQZJXHAJZ,batch-2,active
8EYGB50Z8G,batch-2,active
1XLABR2O4B,batch-2,active
WQXH3GL4FY,batch-2,active
SFDD5DNN5K,batch-2,active
B5CAK921JH,batch-2,active
O3IS5SR2ON,batch-2,active
UEZGMTR74T,batch-2,active
O9HJO5NHX2,batch-2,active
JM8L50JXDV,batch-2,active
6LG7RADBIQ,batch-2,active
4R85BRWO4J,batch-2,active
T0FF40G1ZG,batch-2,active
SV24N7G7M6,batch-2,active
1279B50EUG,batch-2,active
OQ3P9PFM8B,batch-2,active
QP618PP6HK,batch-2,active
AF990LPD1T,batch-2,active
NKFATPXTUO,batch-2,active
TCFBTIY494,batch-2,active
DLEWETPKSO,batch-2,active
PYRJMNPXHN,batch-2,active
P9RPWEBZRU,batch-2,active
IK8KY127KO,batch-2,active
HH25AXK7GI,batch-2,active
N5W584GDOD,batch-2,active
4GLUP5XW01,batch-2,active
TGS25R44BF,batch-2,active
BOEPD5333N,batch-2,active
ISI04QILXN,batch-2,active
HV6GJMX248,batch-2,active
74UW302RYY,batch-2,active
66BCAFLIU2,batch-2,active
LFV6BIF8JI,batch-2,active
DZTMEPGORT,batch-2,active
JX0CQH8ATF,batch-2,active
RQKTQ9HLWN,batch-2,active
N6XCGO0CJY,batch-2,active
DDWMU5DUZB,batch-2,active
U2GCD69H8O,batch-2,active
0E9JBR9Y2H,batch-2,active
76QAG5VJJF,batch-2,active
OKCN917HL6,batch-2,active
SS57LH1D5F,batch-2,active
KMLW2L86M8,batch-2,active
9KGQGLW6LU,batch-2,active
8SMBOQYB28,batch-2,active
PEA4RFY1I2,batch-2,active
OYSA4FF4S7,batch-2,active
BSH2DTBDSU,batch-2,active
JUOHGQI38U,batch-2,active
U8ED3KMQ05,batch-2,active
UCRJK75C81,batch-2,active
F1NN6XSWX0,batch-2,active
DLHM237IZN,batch-2,active
0H46PE7RYC,batch-2,active
DIWW9M0DUD,batch-2,active
6PWIRCWJ5F,batch-2,active
QPQY5XEFBH,batch-2,active
A0HX7PTM5K,batch-2,active
MHS3XZR0NS,batch-2,active
CEBUV69FC2,batch-2,active
WAAQ4NJW78,batch-2,active
ZBWHFZXKTB,batch-2,active
YKNG3LE2TI,batch-2,active
R5Q6R62P4V,batch-2,active
SXB0NU0CVR,batch-2,active
KVQID9VFAR,batch-2,active
CC3P8AA0YL,batch-2,active
CK6Z893SGG,batch-2,active
0XXQYQYQJM,batch-2,active
FWXLXC2HKP,batch-2,active
Z9W7L7H78U,batch-2,active
03Q2Y9GILO,batch-2,active
EAD28URU38,batch-2,active
FTW67FCXFT,batch-2,active
52MFWHEOLQ,batch-2,active
ORJR25VIIA,batch-2,active
MU3WNECHNQ,batch-2,active
ARLVNT1WZN,batch-2,active
WQYPF0OYZI,batch-2,active
GSFCI366KC,batch-2,active
M389WUKBO6,batch-2,active
5PCQEHK722,batch-2,active
5RQ3CJM3MT,batch-2,active
N1FUBXJWGL,batch-2,active
M0OO0I2FAA,batch-2,active
ULEUUR4Y6P,batch-2,active
AZWCFNMPZ3,batch-2,active
EHI9FWH637,batch-2,active
WXB90RL8S4,batch-2,active
8A5S08J28A,batch-2,active
5M5OVRI5R7,batch-2,active
5N9L7EX6AP,batch-2,active
3ZGJ2MCB01,batch-2,active
7FQ4ODO1CP,batch-2,active
JR81OCA7Y2,batch-2,active
FR89WRNG6K,batch-2,active
M7J481LUN4,batch-2,active
BBCYCRD41V,batch-2,active
03RMANM42N,batch-2,active
7ZHNJTN93B,batch-2,active
HRYT04JX6M,batch-2,active
ZGGL5G5XC8,batch-2,active
BUFQPGI07N,batch-2,active
HDSDQBIV27,batch-2,active
5JM97XK1OW,batch-2,active
KKTUBD71C5,batch-2,active
UROJT5R46J,batch-2,active
MJ2J098U8Z,batch-2,active
AWLGWEDL4P,batch-2,active
KKX5W35KE0,batch-2,active
E9C43LDGPJ,batch-2,active
VMOBIR0IYR,batch-2,active
39RBE5PKYL,batch-2,active
TN0WFL94WJ,batch-2,active
FI2KU0R465,batch-2,active
0AO8QPLSND,batch-2,active
RT47U365VW,batch-2,active
HU1VVUFT5H,batch-2,active
C6CPHGQ2PC,batch-2,active
L8SY80PFDN,batch-2,active
EZ3P44QYH3,batch-2,active
ZI99GMJ4S8,batch-2,active
WFNY4R4GRM,batch-2,active
2QBTP0TLX5,batch-2,active
NLL9JZPUZZ,batch-2,active
XT8JKEXYCD,batch-2,active
4C3Q1XVWU5,batch-2,active
4V2WEZJRAJ,batch-2,active
V4D1LXRN8D,batch-2,active
4BBYDQQSVN,batch-2,active
5D7PD1UZN7,batch-2,active
AW5UNCQXMU,batch-2,active
PAMRB2CHGB,batch-2,active
Y3WLQE96S5,batch-2,active
40UKS2291P,batch-2,active
HKZP6OHC22,batch-2,active
1NTGBXIAKG,batch-2,active
PNKLBFXVJN,batch-2,active
GB1IMX2ZF8,batch-2,active
D7OJRCL6CB,batch-2,active
XXD7L5JHZR,batch-2,active
VSE4B5BC84,batch-2,active
NYNXOPSVEL,batch-2,active
CVSGZR5BSX,batch-2,active
S1VMJUJ2CR,batch-2,active
51QCJYRZJS,batch-2,active
JMZNB1K72C,batch-2,active
9OZ1YNKLCB,batch-2,active
F6JZ98HXOL,batch-2,active
0XNJI5XH2R,batch-2,active
BY72WO4SAB,batch-2,active
9HIAOT8EWB,batch-2,active
LAS94QTXCE,batch-2,active
SU85NOJ9YJ,batch-2,active
CDHEZD4YG9,batch-2,active
HFIY7YQA7O,batch-2,active
J5HMQH7T31,batch-2,active
JTKS4GURLP,batch-2,active
W02CBV5GGY,batch-2,active
VWJYWGBT95,batch-2,active
12ZWZOZJCV,batch-2,active
VSI4Q07ZZE,batch-2,active
62UJ1BWHDX,batch-2,active
HYXYAIBEHH,batch-2,active
X1JGSJZ2TY,batch-2,active
KE51SG7HLF,batch-2,active
RW73CV2QXG,batch-2,active
JANUKIEKBU,batch-2,active
YJATFQOSEQ,batch-2,active
IMUN49JLJH,batch-2,active
V615Q1ZGMV,batch-2,active
QJYYF12X3I,batch-2,active
8GE6O2HS74,batch-2,active
ACBY73XVR8,batch-2,active
ED5QRKEQBI,batch-2,active
8HE6LCGDID,batch-2,active
SQ5O7SHO3B,batch-2,active
V7FDDYLFQT,batch-2,active
DE6T7Q2SN4,batch-2,active
Q1OTLI0Z3R,batch-2,active
FVWZN86ZW5,batch-2,active
GYLHS7UHXO,batch-2,active
N2NCI5VLU5,batch-2,active
OVLKRPXU2I,batch-2,active
28GI4OCQ36,batch-2,active
7WD4Q46MO9,batch-2,active
7Z6XOEL586,batch-2,active
DA2NQC8T1D,batch-2,active
X83G0SSZK2,batch-2,active
2XT1JUNBYF,batch-2,active
UCYV4G5XAN,batch-2,active
GR0US3HTDA,batch-2,active
BST5QSYV7J,batch-2,active
9JYQHYL0FM,batch-2,active
POQQO1TK91,batch-2,active
FHG2J25Y61,batch-2,active
8L5OH7HWJT,batch-2,active
JIE809I5UG,batch-2,active
WI2TYXCDYJ,batch-2,active
17I3ZQJ3UK,batch-2,active
HL4OWD1KVF,batch-2,active
D0AIW601ND,batch-2,active
S13G2KI1CF,batch-2,active
06YTC53DZO,batch-2,active
RU4LQ181J9,batch-2,active
TA4N1KS0FN,batch-2,active
KYWXHZFBM6,batch-2,active
09LV8TAKPY,batch-2,active
88262YMEKA,batch-2,active
KF3GHXO3J4,batch-2,active
2YATBEOEGP,batch-2,active
FFMGGWLPF6,batch-2,active
VAVL7NEIGE,batch-2,active
7N507NNZXA,batch-2,active
YPJVSG5P6S,batch-2,active
Z3TT4WQUK5,batch-2,active
B7H8VAQAHM,batch-2,active
QCNL1S8NHW,batch-2,active
I0SZX4FQ8P,batch-2,active
AYM77K04XW,batch-2,active
IBKMQQYZG1,batch-2,active
SPBHWUBQ4R,batch-2,active
CUHLYZPG2W,batch-2,active
36NRMX22DS,batch-2,active
PIISWQHHNO,batch-2,active
DEGCVUBIHP,batch-2,active
CJMPFB0B04,batch-2,active
5VJ7C8YEMD,batch-2,active
JJLUZIA7IL,batch-2,active
XEZNA1VJZS,batch-2,active
BOOHXC3SGJ,batch-2,active
PLYO49X278,batch-2,active
7Z0XM2UPUO,batch-2,active
R8E6DN98EF,batch-2,active
SM83KVWMT6,batch-2,active
FQTJ3GVYZ6,batch-2,active
XYVRATAHXB,batch-2,active
GS3YJTY1VG,batch-2,active
VD3WNCE7EQ,batch-2,active
U60SDHPLCH,batch-2,active
39CGX199PP,batch-2,active
SNDLD567V4,batch-2,active
PTIRK1XOPO,batch-2,active
VLXEJD3V9L,batch-2,active
VE2ITW0FUI,batch-2,active
TXS67MZUCD,batch-2,active
QXH12ZS2BT,batch-2,active
OARK9VGSV5,batch-2,active
TTELVPYTHS,batch-2,active
NARCY7LHVA,batch-2,active
SJPJGZI6LG,batch-2,active
J3IMITL2MI,batch-2,active
CTRF88XSX5,batch-2,active
LGRXUOXR5J,batch-2,active
X2WDSCIIJH,batch-2,active
3W7XH8ABCJ,batch-2,active
YV3BYPJ3V2,batch-2,active
JYP8ZX45K3,batch-2,active
PDTSWCYD3M,batch-2,active
155FKLDM1E,batch-2,active
K2K73TI7LQ,batch-2,active
SKPDPC0AV8,batch-2,active
8ROW4ZGG6H,batch-2,active
17R1QEGEBL,batch-2,active
NGX16OB79F,batch-2,active
2ZR2PP8LBI,batch-2,active
PWT1U6D89I,batch-2,active
0OUIMBEQCU,batch-2,active
A1EIMW1X6U,batch-2,active
U7ZMBW7TUT,batch-2,active
861OFOZBMY,batch-2,active
6TTACZGBJD,batch-2,active
P81IQNG629,batch-2,active
0W3NWZJDIX,batch-2,active
S0WJUNWR9X,batch-2,active
O93OKBV793,batch-2,active
RDYXQQVRF5,batch-2,active
WZ70PPSNB8,batch-2,active
X1TD24SUK5,batch-2,active
6KCO0SLGIL,batch-2,active
IF4IH9IM8K,batch-2,active
PRR9BSBL6N,batch-2,active
D3G9Q8YQSX,batch-2,active
UDQDCSI4X5,batch-2,active
8TQ6M45PJL,batch-2,active
K88SLRQYP2,batch-2,active
Y8LCO3D9CA,batch-2,active
56PBPL951M,batch-2,active
6BZQ5VZUDM,batch-2,active
GFB41XZF1S,batch-2,active
J5FRH6KDWP,batch-2,active
ZWPLMTUV14,batch-2,active
JYRJ83GH6D,batch-2,active
WXH4L58WJH,batch-2,active
0NTCOPMNHN,batch-2,active
NOTR5GV4TR,batch-2,active
40DAEH1UHJ,batch-2,active
ZZY615E2X1,batch-2,active
8C5V8GTPLZ,batch-2,active
8KET53OGUS,batch-2,active
DJVXN9B87N,batch-2,active
92U9W9ZVQI,batch-2,active
1CNWZN8CSF,batch-2,active
2WAC6GRTKL,batch-2,active
9M595Y8OK4,batch-2,active
OTKOXQ8Q7T,batch-2,active
47540VOBW5,batch-2,active
2M7CHRI02Z,batch-2,active
2289W1EKZ7,batch-2,active
2OC47RMWT6,batch-2,active
XUOAM8KCDM,batch-2,active
TRTZ6CBN2W,batch-2,active
9H98POM1L6,batch-2,active
8X7V8B5W12,batch-2,active
R3F9V8YXR8,batch-2,active
DH2OTL3FN3,batch-2,active
31QLHSG8G0,batch-2,active
TRZY6WQPC5,batch-2,active
3T0GOACWGP,batch-2,active
FQG9VWHS2D,batch-2,active
7XF5NHRY84,batch-2,active
57UIZ087MC,batch-2,active
4C3A2LN3HY,batch-2,active
7WPQ7GBOV8,batch-2,active
9QF0BGY6Z4,batch-2,active
UZOLVY60MK,batch-2,active
VU23J3IX47,batch-2,active
8YFTRNJVMZ,batch-2,active
A7C0E7YT54,batch-2,active
OBJREOK06L,batch-2,active
GVLKP7F49Y,batch-2,active
ZYRNF4XT6V,batch-2,active
F7GHT2X1KP,batch-2,active
RXYLK8C3C1,batch-2,active
MWKN8LTZPF,batch-2,active
1U26O0Q5KE,batch-2,active
5MFDTKZBT4,batch-2,active
9WWH9G132Z,batch-2,active
F9D8ORBXEC,batch-2,active
034DRXS76I,batch-2,active
C1LYEBO9S3,batch-2,active
HOONDPHCJ2,batch-2,active
MJDP88HNQO,batch-2,active
CH9RFUCP22,batch-2,active
RL0B0JGZZN,batch-2,active
EKUF3JF9I8,batch-2,active
ERQ5BASIBC,batch-2,active
KFMFN7EG9I,batch-2,active
YJP4DNI7GA,batch-2,active
SVHKGIDH4T,batch-2,active
UFVO6DQRZZ,batch-2,active
DT642TI4CC,batch-2,active
NNCYVAKDYZ,batch-2,active
1UZP18PJIR,batch-2,active
L34KCD5FOT,batch-2,active
XM09T3OVZM,batch-2,active
QFH1DI2RM0,batch-2,active
JI3HUCXJXB,batch-2,active
0J6MZCH18G,batch-2,active
P85VZY593F,batch-2,active
VQGZEBSTLS,batch-2,active
6SJTP9N8S3,batch-2,active
V72X1RVVMX,batch-2,active
ZRYT6I18YS,batch-2,active
NZ164QDLJ4,batch-2,active
V7D9K0JUVW,batch-2,active
RF1PC0G4QE,batch-2,active
AO4F2JWJX6,batch-2,active
RCKW97GP8Q,batch-2,active
ZIT09YGLT6,batch-2,active
PFXRT007VP,batch-2,active
M1FI547162,batch-2,active
P2QOMABZDN,batch-2,active
2YD59RMW59,batch-2,active
19YWGPDOEB,batch-2,active
0VINKN9QZD,batch-2,active
TGKPFZCYDN,batch-2,active
3ARLS0GZLS,batch-2,active
2F9N0LIYUA,batch-2,active
MXJG7Y2IH2,batch-2,active
TRF03GPXVI,batch-2,active
3E8N3KGNMS,batch-2,active
3NQ9WMIISD,batch-2,active
6B0Y4DT8VB,batch-2,active
2YT5E0QIEU,batch-2,active
BOU06IZTZW,batch-2,active
PJIIMH07WD,batch-2,active
JYKRRSR3FB,batch-2,active
NE7QRC4ESS,batch-2,active
7EJMSCGPH1,batch-2,active
BCXHT3U2PC,batch-2,active
8R290PL0LX,batch-2,active
7PB4TR8QJ0,batch-2,active
6Q42JDQ3SS,batch-2,active
VCACMRZZK0,batch-2,active
4SDVEOB7SJ,batch-2,active
PGTYGT2QM9,batch-2,active
GF06XUTQHT,batch-2,active
TXN1ZJ873Q,batch-2,active
J0VJHO842Z,batch-2,active
A7VUX5SOGF,batch-2,active
HG0CH33CNH,batch-2,active
ITISL1C5OX,batch-2,active
SM3N8FZ8Z6,batch-2,active
ZSUIS39LEM,batch-2,active
CU17TSGBUE,batch-2,active
JACH4E9BUD,batch-2,active
1MJ6NWR8WR,batch-2,active
I0O9SPF8R1,batch-2,active
88EFI14QK0,batch-2,active
WQZLFCGRRS,batch-2,active
U3PB0SC32X,batch-2,active
7Z6SJTX99A,batch-2,active
LVUHIQKHKV,batch-2,active
NV5ZE2V37Z,batch-2,active
TS6LLFDAW5,batch-2,active
YLOTMQT7A8,batch-2,active
G9847M2LE4,batch-2,active
V5RWFKJH9J,batch-2,active
45PBSGHYQL,batch-2,active
DWKV8I80MS,batch-2,active
HKGQA8DQZS,batch-2,active
8ZU5OGJ9FV,batch-2,active
YCBSQG87QM,batch-2,active
CE9L4CZJM5,batch-2,active
3DMGFG4USN,batch-2,active
YBZRW3HB3T,batch-2,active
9XV9JX5CDU,batch-2,active
LA1W4MYZYX,batch-2,active
UW2UMZ09FN,batch-2,active
H52BE044MA,batch-2,active
YOU2Q945SI,batch-2,active
5235VCW1HX,batch-2,active
UYZBV68Q2J,batch-2,active
SPE4SBGPN2,batch-2,active
IIEF2TSBYB,batch-2,active
F8P85S4KZD,batch-2,active
S65G8H82B2,batch-2,active
Q0Z27QMSCV,batch-2,active
ZG8N9GCDIR,batch-2,active
Z687MT5SPJ,batch-2,active
89HK5CXE7T,batch-2,active
GPE6AS7E6C,batch-2,active
RDFDU710AF,batch-2,active
LN2Y8HXX2C,batch-2,active
FMDEG1BT22,batch-2,active
ZUYYVJZO1T,batch-2,active
4VBIYEWYTY,batch-2,active
H2E41AKQ39,batch-2,active
JYBQQFUTDY,batch-2,active
MI8IQ5R5F6,batch-2,active
HLKL69FLCY,batch-2,active
6UAOXWRZ4L,batch-2,active
2HN13YL5LW,batch-2,active
SE2D4MWZ0G,batch-2,active
XVI5SHM4U5,batch-2,active
Y1PJS3EGYE,batch-2,active
ONYDVJ7ILD,batch-2,active
3FB25ZU1C2,batch-2,active
8KO3AA0SS7,batch-2,active
3LAUOBN37E,batch-2,active
OPA3O0RHZV,batch-2,active
F054LNXBZG,batch-2,active
VQ05WI87VN,batch-2,active
OSIPL8R2AD,batch-2,active
AU83RN5HYY,batch-2,active
9BNDGY0V8Q,batch-2,active
0PSL32T5QF,batch-2,active
ZYQDJKX1SS,batch-2,active
UIH8MDND4X,batch-2,active
BZ1ES82LG3,batch-2,active
SA41AWR8ZY,batch-2,active
RUBE9K1ZZ4,batch-2,active
ENNXLOOT55,batch-2,active
ENBW8SDHVQ,batch-2,active
9OTWBPSBVB,batch-2,active
81OJJEPQO3,batch-2,active
PECGPKFH99,batch-2,active
7QTWMSQ1GS,batch-2,active
5MPNQRE2OI,batch-2,active
U064LX9QHC,batch-2,active
A6L2ABVDH6,batch-2,active
UVCGD2XCT8,batch-2,active
K3R9DM2MIN,batch-2,active
4JS988NLL4,batch-2,active
OOFASNSTU4,batch-2,active
EDZUYAJSM9,batch-2,active
9YMEB39RY2,batch-2,active
Q3WFJRGC5D,batch-2,active
FHY9H4CV04,batch-2,active
4QJE4GIWCB,batch-2,active
CMOW13GMYZ,batch-2,active
05EP2SU4NV,batch-2,active
9AGVY4623F,batch-2,active
TEYZ6YRSSQ,batch-2,active
3RZH4ZBCVY,batch-2,active
IGLU930G2A,batch-2,active
PEZBT448KC,batch-2,active
TATEDHT163,batch-2,active
1V8IGBF66Z,batch-2,active
VBYBE7I30H,batch-2,active
DYHY5IT3F5,batch-2,active
BSYIOMJ3D0,batch-2,active
BKVNJY7Z0A,batch-2,active
4CBOKWRPOG,batch-2,active
I4HWRJAHIO,batch-2,active
3F1X6EIF8V,batch-2,active
JBFLWJFY6Z,batch-2,active
ZIIV15JGHK,batch-2,active
OGD4XOEMUY,batch-2,active
OO93ZYZ255,batch-2,active
KI3ZD8D5JU,batch-2,active
JBGZAGV9MQ,batch-2,active
MPO5ZMP7QD,batch-2,active
ZZCIF4B9DN,batch-2,active
6B4BQVYQB7,batch-2,active
LW65BX212Z,batch-2,active
K4TTEK8ULH,batch-2,active
FU0HVK31I4,batch-2,active
9GRG4I2S3S,batch-2,active
UMXLJV3TED,batch-2,active
8XVYZD8M62,batch-2,active
84E887KTYO,batch-2,active
6A1GVM3CIN,batch-2,active
2OT3ICSFFG,batch-2,active
FJW5M6HF92,batch-2,active
33ODAC3L4D,batch-2,active
49G9CS97EL,batch-2,active
N2DZEMS5F9,batch-2,active
CHH159Z3CR,batch-2,active
EMLV7YNPOE,batch-2,active
93P0KIOLDA,batch-2,active
FXEB94CQQE,batch-2,active
IPPINQE2GO,batch-2,active
0KOHSV7UYM,batch-2,active
40VH1UOM6A,batch-2,active
DB8AFR7NR1,batch-2,active
I4YEEEM8LC,batch-2,active
192JSTO59A,batch-2,active
PATF0X00TS,batch-2,active
QMRD7SB7BV,batch-2,active
XYZ5DBTXLU,batch-2,active
98GF38ZQ40,batch-2,active
EMLAUBCM22,batch-2,active
DZR679TAOQ,batch-2,active
VDEEQOZTB5,batch-2,active
XUA3XAOS6U,batch-2,active
LR9IBIYQ9H,batch-2,active
HHJNQ5BMJL,batch-2,active
281C5NR76V,batch-2,active
5YOTLQHQGY,batch-2,active
GCGLP4P766,batch-2,active
6D7SZOGB7T,batch-2,active
76AA40CXKJ,batch-2,active
OG5WCHJMTP,batch-2,active
B6SSTANHKX,batch-2,active
KYM61UWXH5,batch-2,active
YGJNLKMH0U,batch-2,active
L92DFV4YCI,batch-2,active
TIX7BS7TJ0,batch-2,active
LGPQTUQ5Z4,batch-2,active
YNCU0GF23S,batch-2,active
HRJVUVJX4P,batch-2,active
RDTSTO3C2W,batch-2,active
RFNGD6N5EK,batch-2,active
E3ZSOEZTEI,batch-2,active
3URZUU6ZX2,batch-2,active
NKVEIBDIVJ,batch-2,active
2WT7BP25FY,batch-2,active
995R0T0103,batch-2,active
6DMX4T03A2,batch-2,active
DUQUI38H4T,batch-2,active
B067RA80Q4,batch-2,active
D5CRSZPDL8,batch-2,active
POPPNR6HB0,batch-2,active
HWXYXFOLXL,batch-2,active
NC2PFNP9PJ,batch-2,active
D1HEXWBE48,batch-2,active
BPJJNEXCQ2,batch-2,active
NOKKL8BU11,batch-2,active
3YNKGDJYGB,batch-2,active
SFCWA3PO11,batch-2,active
72X858BZYO,batch-2,active
7NFVR2T345,batch-2,active
2AUC5TT14S,batch-2,active
ENJTIXLF6U,batch-2,active
JLYTC7P03P,batch-2,active
OXP6RWBMBQ,batch-2,active
RTLE5OF4RP,batch-2,active
S6X66HBE6W,batch-2,active
GGQMXG3L6F,batch-2,active
UCAU1JKTIE,batch-2,active
OL8SZKMDU5,batch-2,active
DGC9DPNCE0,batch-2,active
D8KP4J8LAF,batch-2,active
DKLOODRPWD,batch-2,active
6OJVG4YQKV,batch-2,active
ZNSFP7GDG8,batch-2,active
3AYLAPNLZ9,batch-2,active
9ZTTFSFV54,batch-2,active
C20QX2GWB7,batch-2,active
2TKO2GJ1RW,batch-2,active
Y8XY5WNPWN,batch-2,active
NHH96W1EVE,batch-2,active
X4MF8YW9W7,batch-2,active
ICSOPDSCTL,batch-2,active
OUOVYCPSOT,batch-2,active
TQJSMXOQPT,batch-2,active
7II2AO4KER,batch-2,active
7B9WYR8339,batch-2,active
8ZZ87GHCH4,batch-2,active
R3DYUQ5SJO,batch-2,active
CU4NSVSUZ4,batch-2,active
GS818VN1Y5,batch-2,active
HZH3RZZRET,batch-2,active
FOWYPCTI84,batch-2,active
42FACLNEBB,batch-2,active
8G1ZSE5LPZ,batch-2,active
4L397OVQV6,batch-2,active
QZXRJD4J3U,batch-2,active
SO503T1CCM,batch-2,active
GLR012KC2U,batch-2,active
50I9EFNQDR,batch-2,active
1TMD9TBXH0,batch-2,active
H487Y4MLY8,batch-2,active
19EBFRATAU,batch-2,active
OP6C0MNR5D,batch-2,active
U6FNFSI2YX,batch-2,active
IQEHCACQGH,batch-2,active
V0EKHM6FCG,batch-2,active
FX8UNW9KQH,batch-2,active
H4D7FNDNB1,batch-2,active
UEFZ29EK7S,batch-2,active
UJDACYBRXM,batch-2,active
CHH4CP9P2G,batch-2,active
5BEQJOBM2J,batch-2,active
N7RSQM4SEL,batch-2,active
YCNVS3M0O0,batch-2,active
C3WWR0OWLE,batch-2,active
ZDXB5RWJCD,batch-2,active
HEQ5SQXKB7,batch-2,active
M7V0Q7YNU6,batch-2,active
94V1ZKWSFI,batch-2,active
0DOY88B66G,batch-2,active
6FYJFOB44E,batch-2,active
Q5FI9S1BYH,batch-2,active
A4L6FHM63F,batch-2,active
QTJY3T3SBK,batch-2,active
S3UDLZV9ND,batch-2,active
6NTCTPIL0R,batch-2,active
KUAU24D5XW,batch-2,active
0ZAPKWI30Z,batch-2,active
EJFJUPHHCU,batch-2,active
LURE1B81BQ,batch-2,active
9QVYDM2S46,batch-2,active
9PZ19GQBXM,batch-2,active
OIJ5WFV02Q,batch-2,active
OLRR0YKB4S,batch-2,active
BGGT8390MU,batch-2,active
AAWT048ORY,batch-2,active
H8GAWMJ50T,batch-2,active
4ZSW9PGRA8,batch-2,active
XA3Y8OML8O,batch-2,active
AFWIW6DM2B,batch-2,active
XQSHYDSI3K,batch-2,active
3ZQFQ101FS,batch-2,active
KCFDIS477F,batch-2,active
L16CSUX3CG,batch-2,active
PKSQML1TAQ,batch-2,active
WMFLOR806A,batch-2,active
O42G74X6BZ,batch-2,active
AOLWTW2X2Y,batch-2,active
Q94AX8JB0M,batch-2,active
UFIF7RMT87,batch-2,active
NEFKQRRTH4,batch-2,active
CR87YXVU6Q,batch-2,active
6NCL9THW9J,batch-2,active
8ZI1SUB8XG,batch-2,active
IHTCBIH7YT,batch-2,active
2X002IYXUB,batch-2,active
K1LNFR22ZR,batch-2,active
F9PU0CISLT,batch-2,active
YMUYLHSKWN,batch-2,active
ZU1EPTZ1MC,batch-2,active
KSBCUG11S9,batch-2,active
ET7XCBGKQD,batch-2,active
NY92OSNS34,batch-2,active
VY05DX5XDV,batch-2,active
ZZQR0X6FF7,batch-2,active
L7QHDDTG5K,batch-2,active
Q2H6HY2CO8,batch-2,active
DWSNDBFQUH,batch-2,active
EIE2SFGKYF,batch-2,active
PHM3BTWTGY,batch-2,active
60UXZA6SDI,batch-2,active
BIFRG0XQXP,batch-2,active
XEA9NC8HOU,batch-2,active
BJO1Y7NS8Z,batch-2,active
D262UFRPWO,batch-2,active
L7TQL629FQ,batch-2,active
WLPIL1EARL,batch-2,active
54SPU1RCLI,batch-2,active
D7Y7WKXP98,batch-2,active
7V7CP7QFPW,batch-2,active
2K5MW86XZS,batch-2,active
G4NZYSCV0O,batch-2,active
5IUMG1TX4U,batch-2,active
W8PYYUD035,batch-2,active
SDCG5497AG,batch-2,active
CZMDYAFJ5B,batch-2,active
07MQUO7LCV,batch-2,active
3XPLOQF6BJ,batch-2,active
6V2EXN6OLH,batch-2,active
5B8MZPH9UT,batch-2,active
7TAF8ZC1Q0,batch-2,active
V6Q4SCWW1O,batch-2,active
IPI5WYK05E,batch-2,active
UZL1LH8SDT,batch-2,active
DG7BZK9RSL,batch-2,active
5S8U4PSI5L,batch-2,active
UL3O2FZHTP,batch-2,active
U3ZL4LSZDI,batch-2,active
MB8IA5Y3T8,batch-2,active
7Q56FW6RCN,batch-2,active
B2EE5UMTQX,batch-2,active
9EOVL3XLQK,batch-2,active
673YS84YDZ,batch-2,active
WCHM458QJE,batch-2,active
ES4P8S0SAP,batch-2,active
IDDZYXX6SN,batch-2,active
P5QTLMBBN6,batch-2,active
B94UTTOEAT,batch-2,active
BQ8XJXUGOC,batch-2,active
87F76RQVA8,batch-2,active
DAV6LRZM74,batch-2,active
5WRYWVCKU2,batch-2,active
J2ZIJFOPR2,batch-2,active
F3EALOIJTD,batch-2,active
YCL9AHJLMG,batch-2,active
WFOGOPWHJ3,batch-2,active
4MRCBTECMT,batch-2,active
E2DY2L1O00,batch-2,active
U6QNGJ952D,batch-2,active
UYK15DMIG4,batch-2,active
EB6O1PSTRM,batch-2,active
8FEWB8PA8Y,batch-2,active
OD2460AHJO,batch-2,active
CWIG7U6JWB,batch-2,active
GH8ENYKHOR,batch-2,active
H9DSYDCYKB,batch-2,active
VG0ZR5ZKLE,batch-2,active
Y8QJN0LYC0,batch-2,active
9J3E43HFBP,batch-2,active
2PARNOE61K,batch-2,active
6CVBHO48QI,batch-2,active
BMPEMM2GZV,batch-2,active
GFFU469C5P,batch-2,active
RL75KQSGNG,batch-2,active
J3PJH6AOTM,batch-2,active
26QIIUYQH9,batch-2,active
5X4I81HFJD,batch-2,active
EZU47Z16JC,batch-2,active
GEKNAE522V,batch-2,active
1WE16QLHE7,batch-2,active
GJF8KQW9AD,batch-2,active
PV6PUGBO56,batch-2,active
1THDOJXENK,batch-2,active
UYDRBVGF1A,batch-2,active
VV4102IV8W,batch-2,active
J6AY3VFB0O,batch-2,active
WRIMGZYVUY,batch-2,active
3UHRAZR0BO,batch-2,active
UXEJISU219,batch-2,active
FZ7TNZOH6X,batch-2,active
0JVVW1Z6MA,batch-2,active
GR0FDG6XGA,batch-2,active
SSZIAHCSDD,batch-2,active
0SC4TVKTUA,batch-2,active
9M7PU46Z67,batch-2,active
BO3L2UJCNM,batch-2,active
AWMBIPM0QY,batch-2,active
AFLYN3PG6R,batch-2,active
3695XUSU3B,batch-2,active
XO9HXXAII6,batch-2,active
UMAD2R5DUF,batch-2,active
HFGSFU3RFB,batch-2,active
G1LAKN7YN5,batch-2,active
2QR19GEW2B,batch-2,active
E472D2JEN0,batch-2,active
AIFBS3DB8W,batch-2,active
UE34XLWEOG,batch-2,active
Q4X2KU8T2R,batch-2,active
DMYOBWCOKQ,batch-2,active
ASD8B2ZC8N,batch-2,active
ANTWGUCH9H,batch-2,active
8ZW2O03DV4,batch-2,active
2MQW29FZGU,batch-2,active
NCYBJ60OVL,batch-2,active
0J6CUQA910,batch-2,active
F169H9HQA3,batch-2,active
1SMHWKHGCV,batch-2,active
3GTMV8OBKM,batch-2,active
GUPL4FWE0M,batch-2,active
B8RGILGCA0,batch-2,active
73X3457BTA,batch-2,active
PPAJOAE5UZ,batch-2,active
6O825G6CHX,batch-2,active
Y89WDEMSPQ,batch-2,active
L6EU1WJL8R,batch-2,active
4ZE4JXWPGR,batch-2,active
YBQHN9CG98,batch-2,active
L6AE9F9251,batch-2,active
OQHENOGH0J,batch-2,active
C746RJEAG1,batch-2,active
4WW6N5ZBK4,batch-2,active
Y48VQZ00UG,batch-2,active
IJCXBB94K4,batch-2,active
2JN9P4B9Y1,batch-2,active
R6TYZ6JXR7,batch-2,active
5K6G0POHPM,batch-2,active
8OIKMRCO5J,batch-2,active
AKEXKEVV83,batch-2,active
AD6FP21FEC,batch-2,active
NB405YTRDA,batch-2,active
7UEAY2NKZS,batch-2,active
8WVCG2NDQZ,batch-2,active
TNVBFBSXPX,batch-2,active
GIIW5KZN63,batch-2,active
T9UVKS808Z,batch-2,active
ZB8PKWXYET,batch-2,active
67PZ4TYDYX,batch-2,active
MBAF0R3PM8,batch-2,active
FU7JD3HGDT,batch-2,active
OMAQ27V56R,batch-2,active
EMOT5IGCDX,batch-2,active
8RSNXF1MSZ,batch-2,active
63HOFJ6A4R,batch-2,active
VAPD12CVVG,batch-2,active
AQMAL5R8J4,batch-2,active
WWPKMY2LOZ,batch-2,active
S83NYRK7XL,batch-2,active
BG2S7USGU3,batch-2,active
CS66LZ4TN2,batch-2,active
LYZ6JNURWF,batch-2,active
9GURQLD9KM,batch-2,active
P9A8LX0L44,batch-2,active
JJ6ICG6UPC,batch-2,active
LC3B4VJQW6,batch-2,active
O08UXUWWNH,batch-2,active
3AFNB7T6WI,batch-2,active
FLR7JMF4C2,batch-2,active
8M5QWYU5ZO,batch-2,active
YFYNWSTRTT,batch-2,active
LT7SH2OVM3,batch-2,active
RIGFNJWER9,batch-2,active
P4E0LZD2L7,batch-2,active
S4JCS6MI2S,batch-2,active
OV92QHD2JN,batch-2,active
2EH1JU4QD6,batch-2,active
MIEOEJW70C,batch-2,active
6E85J6CFWT,batch-2,active
AXKCQ1177B,batch-2,active
KEP5PU2BE5,batch-2,active
D56T0JQ915,batch-2,active
TSFVYQAVWT,batch-2,active
J2IFDMJ11R,batch-2,active
WX2AW74THU,batch-2,active
87BJMG4EUD,batch-2,active
5S78Q893S9,batch-2,active
T8UU9WSK8Q,batch-2,active
9F260EU56T,batch-2,active
HQE6B894P8,batch-2,active
9FDD9CJXYS,batch-2,active
HP4EXH6SM4,batch-2,active
FXM8S8KPX5,batch-2,active
JIM4WYUUHL,batch-2,active
GAZOFVEZ11,batch-2,active
N30380JQI1,batch-2,active
TRJ0D3V1IR,batch-2,active
3YZER5UFKI,batch-2,active
DVPTT4PYYJ,batch-2,active
897ONW8S7T,batch-2,active
G3L9PI927M,batch-2,active
QT67GVE0MT,batch-2,active
VSRDC0DZHT,batch-2,active
XHAU93V74C,batch-2,active
SJTF9S6EQA,batch-2,active
28FTE5CU66,batch-2,active
1EDLKP7VEP,batch-2,active
3BU29AY7NB,batch-2,active
F6VPDZ7P3R,batch-2,active
TK9785AC3L,batch-2,active
WNGOG6VHUG,batch-2,active
FZVU0TT3R0,batch-2,active
9E2Y77D7KQ,batch-2,active
CJBEOFONHA,batch-2,active
JW6KCNLJXO,batch-2,active
8U1CCZZPYN,batch-2,active
LT5PNN878D,batch-2,active
JXW2860T60,batch-2,active
ETU5KEQY6E,batch-2,active
76GFUA38C6,batch-2,active
7C9V407CR5,batch-2,active
RFOYO9W6M5,batch-2,active
AB4P6DCADA,batch-2,active
PGLULJALUB,batch-2,active
IYH3L430P8,batch-2,active
FZL7IAWF6M,batch-2,active
K6WUG8MUFP,batch-2,active
U4QHIDH2LT,batch-2,active
T5OVXGDLFU,batch-2,active
IMUYWLRC6G,batch-2,active
87FKNKYCQJ,batch-2,active
EWPKBS1OP7,batch-2,active
AF1NLCK5IY,batch-2,active
S6DN1786SX,batch-2,active
NU8SR5HBZ5,batch-2,active
HCGYAXU22T,batch-2,active
19URDPS0Z4,batch-2,active
S4X4U0LE72,batch-2,active
55MXRH0BLP,batch-2,active
302FWL8JN9,batch-2,active
5HBUCG3C97,batch-2,active
T5LYS3FCR5,batch-2,active
GNBUFPUBDH,batch-2,active
3NXEWO1KOH,batch-2,active
ZI7JWDC1H0,batch-2,active
P8NTK6TU8O,batch-2,active
T6J3E2KFK4,batch-2,active
PZNFIK9R11,batch-2,active
XMU1YQDGDV,batch-2,active
G5T2XB1I0I,batch-2,active
MG6WVU4KZU,batch-2,active
BPXECRMYPZ,batch-2,active
Z03MHUCEH4,batch-2,active
1TF6OKELAI,batch-2,active
1JXZ9DOSIN,batch-2,active
1A9AZ6STWL,batch-2,active
7E26POTFEV,batch-2,active
FI1XFAQ7IR,batch-2,active
QP45N86S3J,batch-2,active
E4XUIK6D32,batch-2,active
JS3LQH7Z1T,batch-2,active
N4QPO9AEWZ,batch-2,active
5249HZCWZV,batch-2,active
OP8JOZL276,batch-2,active
DFV46ACGSZ,batch-2,active
8RIJK1HLPM,batch-2,active
CP8ABGVGEA,batch-2,active
5ZVH1T6Z7E,batch-2,active
QEV05BUBKU,batch-2,active
8WLM3JZD8G,batch-2,active
G1AIP07P7X,batch-2,active
D8GOL529DD,batch-2,active
GF76JJHIKH,batch-2,active
8TZIX0H3M9,batch-2,active
NA07672AUV,batch-2,active
KPURAL4GSQ,batch-2,active
QKXFS3DEAD,batch-2,active
3U1XTGB928,batch-2,active
9TFLUPFY0F,batch-2,active
M55BTT2WUE,batch-2,active
UC1DR3WE5E,batch-2,active
M5T30NP1X3,batch-2,active
K8S5WT3Y2V,batch-2,active
P35RLCEA1J,batch-2,active
BQWHP98PEM,batch-2,active
49STKAO4GZ,batch-2,active
JBBDG3QPWS,batch-2,active
LD3836WJTX,batch-2,active
CFGH9K3U25,batch-2,active
ABTV8281Z3,batch-2,active
F2AP3RRVLU,batch-2,active
MST6SXNTQF,batch-2,active
LFF1Y7OH45,batch-2,active
J797UPV2ZP,batch-2,active
RUQVVUT76Q,batch-2,active
W06DRD70VU,batch-2,active
ZHBPZIK0BD,batch-2,active
4KQ45X6LR9,batch-2,active
G9IG9OSJCP,batch-2,active
VO21GISLQZ,batch-2,active
M1QRLMKY3D,batch-2,active
5K06ZFQ2EU,batch-2,active
7FGQFFJBPV,batch-2,active
I7IFWUFJDE,batch-2,active
74ROZ2EKLK,batch-2,active
NEYBALYZ9O,batch-2,active
1CVXE2WBA3,batch-2,active
AIUGO5U28C,batch-2,active
20GSV32IDV,batch-2,active
C6QJTE4ZHR,batch-2,active
956XV2NTNI,batch-2,active
QA3GBDKGK2,batch-2,active
M2YJALYLNJ,batch-2,active
CUHKYX9MWF,batch-2,active
UDUSUQ047R,batch-2,active
2HAX48YJG5,batch-2,active
F7AF1F6809,batch-2,active
W20BLV75TQ,batch-2,active
KOLOILGCHA,batch-2,active
B680UIWXNK,batch-2,active
CAY7NRDJJQ,batch-2,active
DRMT0KTLGT,batch-2,active
UEZCMN81S0,batch-2,active
HDLPZ7P0VN,batch-2,active
A6XIB9GA85,batch-2,active
BFGSYQ3E2G,batch-2,active
XEXQBNG373,batch-2,active
ELTW86HZWH,batch-2,active
EPM2KA9DDM,batch-2,active
DYJQ9NAR6C,batch-2,active
86FOE0ZU0M,batch-2,active
5Q3SXLXOHD,batch-2,active
JDDBNPG838,batch-2,active
WVQR31I4YU,batch-2,active
WIAEW6G1B2,batch-2,active
GXWGQXYWFN,batch-2,active
AY4P9JU2W2,batch-2,active
9UH9OI3C44,batch-2,active
SCVWXK6VEY,batch-2,active
J3YZY0UBE3,batch-2,active
PZT8RHZ5OQ,batch-2,active
14TTGJW2L2,batch-2,active
BSRWSGKQBC,batch-2,active
3Q7OAOUFIK,batch-2,active
D14BLIY0DX,batch-2,active
ZFSIIM8TUN,batch-2,active
FGKIFFHH29,batch-2,active
T03OAQQTP7,batch-2,active
ZTKGR65CLF,batch-2,active
FU0VYCHUFE,batch-2,active
3L8X8MTVXJ,batch-2,active
9JJBO83Z86,batch-2,active
72EERIF4B1,batch-2,active
VFO2MUEI9X,batch-2,active
NHLU99YBG7,batch-2,active
JPETZZ5PUK,batch-2,active
YP5864W2R2,batch-2,active
QV2XRGAMAO,batch-2,active
WE5AG8W3RA,batch-2,active
BFFTDP7TKY,batch-2,active
6JKD1MCDFY,batch-2,active
LXM0NJ64OY,batch-2,active
MCRN7V1MU2,batch-2,active
HV01JFZIRD,batch-2,active
NS8S1MBB9X,batch-2,active
4UKAXDBTO8,batch-2,active
N6VZ45V2TE,batch-2,active
JMEKK72FMF,batch-2,active
LY0KKOEHPY,batch-2,active
C455C2S2MF,batch-2,active
FZX97SR5IA,batch-2,active
89MZZF4I4X,batch-2,active
WHR7ICAJM6,batch-2,active
V3OVUIKVT6,batch-2,active
FKSE9DC354,batch-2,active
TS6XL109KC,batch-2,active
ZW3QHHJBME,batch-2,active
2N7EWG9DKS,batch-2,active
GTJY0L0BPT,batch-2,active
0QRJBSUS60,batch-2,active
4X2F1BSR3D,batch-2,active
W9D5RHKJ63,batch-2,active
9B13R7OR1N,batch-2,active
SDSB54HHHU,batch-2,active
GXLC8FCM1B,batch-2,active
OTIHY7EXZ0,batch-2,active
OR44AYVWFQ,batch-2,active
O82I8KB7CL,batch-2,active
W3G41H0DBW,batch-2,active
FV1GKVOS1B,batch-2,active
6KAHTN4XY8,batch-2,active
J9TO5AFF1L,batch-2,active
R4IM0G0WZY,batch-2,active
1J3IODLC30,batch-2,active
N0IYH57TVL,batch-2,active
5RKUQ88L94,batch-2,active
DRF6PXJZI4,batch-2,active
BX4049C5FH,batch-2,active
XODYLH7N5E,batch-2,active
O0EB1WGBOA,batch-2,active
JPVICZSPIK,batch-2,active
2VLT4ZGYAI,batch-2,active
TFWEG4JOM7,batch-2,active
V5JIZJMIWC,batch-2,active
Z3T2YUIE5B,batch-2,active
OA7YB6MFS2,batch-2,active
0UY23I6ORE,batch-2,active
GW30GQC9L8,batch-2,active
PHULOPYVID,batch-2,active
Z8EG41XH6S,batch-2,active
HBDIAVBSZL,batch-2,active
5YI4JS6LLO,batch-2,active
CCFH6VJ857,batch-2,active
PV415HIIUE,batch-2,active
ZHT25FPG2A,batch-2,active
SNI0J8V974,batch-2,active
MBSTUWREHH,batch-2,active
YVP4FAXQOD,batch-2,active
I1AXLXTG9R,batch-2,active
Z5KSCQOFH6,batch-2,active
CO2PQ9CHDC,batch-2,active
K929YMIWWB,batch-2,active
AE6WCGAWY4,batch-2,active
PN4TITXZXI,batch-2,active
YIQTIVPTC1,batch-2,active
G25G61HZSV,batch-2,active
2ZP1L9YBOL,batch-2,active
W70ZKYY7MD,batch-2,active
CD7ZH69OIZ,batch-2,active
ESCGDR2VH7,batch-2,active
ZKST2GJ6T5,batch-2,active
2CBU3LH80G,batch-2,active
Q7I0N9VGUX,batch-2,active
J9EUXIECPR,batch-2,active
96G9F2VKJD,batch-2,active
6S8RBWO06R,batch-2,active
8XAZAZHWDQ,batch-2,active
LG31RCP5RF,batch-2,active
IOTBRE3LU4,batch-2,active
UETG6KZDI1,batch-2,active
85LUYZ3D1H,batch-2,active
I1FPPUIMAQ,batch-2,active
VN76C9DQ2U,batch-2,active
EX6ZHL3WS1,batch-2,active
IUFZAWFCC7,batch-2,active
KXLX3U9PON,batch-2,active
J4MT2O0D3J,batch-2,active
NS42XH6U4R,batch-2,active
AQ64LFWJCN,batch-2,active
5ZLNZAE3VP,batch-2,active
VEIPZ0OKRN,batch-2,active
U9FB6BV90S,batch-2,active
I5LYIKXK4O,batch-2,active
7M84ERF8GI,batch-2,active
9JBWMO40KJ,batch-2,active
X1OFR4IZBH,batch-2,active
DRX07K4VY8,batch-2,active
OSX2SF53WD,batch-2,active
72R9MKVT1J,batch-2,active
MXSAXY2QGD,batch-2,active
8PQYORNP5M,batch-2,active
HTP67SI6T9,batch-2,active
D7HL7P68V5,batch-2,active
0Z375K1VJB,batch-2,active
VMC61WLVQH,batch-2,active
XWB8O6297Y,batch-2,active
1EW01ERRXX,batch-2,active
H8IYWAWFE0,batch-2,active
FFH70A5NGO,batch-2,active
JCIOGDPLKG,batch-2,active
SSR61LJM40,batch-2,active
39EK1H8YP8,batch-2,active
7BGIYOIWG0,batch-2,active
C186Y26UDR,batch-2,active
W3314DJIB1,batch-2,active
VY4AFCC5E1,batch-2,active
MST6CMJUOC,batch-2,active
63R5X8UPVL,batch-2,active
BJWZS3Q41K,batch-2,active
38X29DK38N,batch-2,active
XSKW9SVRC8,batch-2,active
ZHNQG72KFU,batch-2,active
O1VW60RR6C,batch-2,active
YALVMX4D2Z,batch-2,active
RK6MO465NL,batch-2,active
6P4KKQ1ROH,batch-2,active
2I5I4GWDRY,batch-2,active
Q31W5M6VNS,batch-2,active
N66E4Y0XT7,batch-2,active
0C74JZ43E5,batch-2,active
JCSOI1IMK2,batch-2,active
FNRGV9W910,batch-2,active
GN6A8EXL1U,batch-2,active
LA4XXH2Q3G,batch-2,active
IY9SAVCKTQ,batch-2,active
PWIR0AUOVF,batch-2,active
5VEB89AHW8,batch-2,active
ZGXQP4406V,batch-2,active
MG49TKMQ5A,batch-2,active
55HM3H7B3G,batch-2,active
D429DPYWLW,batch-2,active
T8ZZZWKQYW,batch-2,active
4S6FI0BJ9T,batch-2,active
GLAVEF9LP2,batch-2,active
FS20ICYTLC,batch-2,active
HVL46LLBQ7,batch-2,active
J5NP7DRLA8,batch-2,active
NPDRGHSC1E,batch-2,active
X7FI36SCPR,batch-2,active
9S1OPHOCK6,batch-2,active
E9BEX4YR9S,batch-2,active
0PJRG8ABWQ,batch-2,active
GPANZ6X87O,batch-2,active
IVQSVWLQH7,batch-2,active
TR865KP47D,batch-2,active
KMVWONMPD7,batch-2,active
JEWEYYVXMC,batch-2,active
14LYD15VSA,batch-2,active
ADK3GO4SYW,batch-2,active
ZMZITYQ4ZR,batch-2,active
YMQ2H4X422,batch-2,active
WHMXH80X3O,batch-2,active
GZFXRIH264,batch-2,active
26YOOM7F47,batch-2,active
LMEIYOFVYB,batch-2,active
3CQL7R4TX2,batch-2,active
D98FKQ0NMW,batch-2,active
D1RQ2ICB6T,batch-2,active
R11AYMO2ID,batch-2,active
E6QTOEG2QP,batch-2,active
664B667TPA,batch-2,active
ZNTWC61XBC,batch-2,active
5LAJJ6NRNA,batch-2,active
4QEXHQXBC6,batch-2,active
UEVLI3M1KO,batch-2,active
PRB89DML2K,batch-2,active
EDCTQU0XCP,batch-2,active
LYKOGO6DM0,batch-2,active
ZP8AE0C28F,batch-2,active
JUJBYAGYRW,batch-2,active
9ZFDYBTY1U,batch-2,active
HC1MUKMKVB,batch-2,active
IF70O72HLS,batch-2,active
TXZ1FK7I8B,batch-2,active
MJLMUSZVLJ,batch-2,active
PPKLJP2CSQ,batch-2,active
ZFFJ1EKY4I,batch-2,active
5IA5IQ15AE,batch-2,active
U56Y7OQXG2,batch-2,active
ULUUV31GHJ,batch-2,active
QMATH22DQ3,batch-2,active
FI18ATQ7SA,batch-2,active
UDJAM0R0RA,batch-2,active
7IQNWEH2YS,batch-2,active
KYYOXF6PQU,batch-2,active
5WDA3LQMUH,batch-2,active
Z1HRA7HV0D,batch-2,active
2BVHU2N73Y,batch-2,active
XWEEDSZPYK,batch-2,active
2CRACOPG7J,batch-2,active
ZXLAXCK9I6,batch-2,active
GZ8P6PC73M,batch-2,active
GM95DCOHCZ,batch-2,active
2P2ZCQ481J,batch-2,active
CYO8UA3E4J,batch-2,active
ZE2REL64OK,batch-2,active
JTO6NYRSTI,batch-2,active
UN7AQFWZ9B,batch-2,active
55L2PDUFW2,batch-2,active
CL3RI6F4L0,batch-2,active
OD3UMEWM2B,batch-2,active
D48ZEVJNPA,batch-2,active
RTT0QPWMMC,batch-2,active
7BZAO51QKS,batch-2,active
KKSXH7YSD9,batch-2,active
BJ8QG7VF8Y,batch-2,active
ZPBJLJ9XPR,batch-2,active
997WELBCYO,batch-2,active
5ULZROB9ZP,batch-2,active
V624S3EMM5,batch-2,active
GW3V5787M0,batch-2,active
5N4375LM9Y,batch-2,active
1KCHR3XRCV,batch-2,active
JBUH8Q0XGM,batch-2,active
4IYS42FS4K,batch-2,active
2MIP9BSS4I,batch-2,active
24H3WFPC3H,batch-2,active
0DHR78O06M,batch-2,active
KCQDQLOTGB,batch-2,active
OMV7ID24U1,batch-2,active
UIZA1XKR0N,batch-2,active
2T7TP5AMJ3,batch-2,active
S1I17KCEZI,batch-2,active
TWQC4M124P,batch-2,active
UMYR8D7124,batch-2,active
DCUZUCRD7N,batch-2,active
N03O5EH9HY,batch-2,active
D48WGP2U5F,batch-2,active
OHAMG1T3OW,batch-2,active
Y6JCFAALQZ,batch-2,active
YB1G1EXLD3,batch-2,active
N5ASW6IFKM,batch-2,active
XNLHVQ161R,batch-2,active
G9PKUROB0R,batch-2,active
4354T6EQ4P,batch-2,active
0OAOGNWLMP,batch-2,active
YNNWLM4HAX,batch-2,active
7TI7VT3X5D,batch-2,active
Y6B7ULBPLJ,batch-2,active
TIQS849IVY,batch-2,active
LT3AC80SVK,batch-2,active
XO0NRRAG4Z,batch-2,active
WDCBCY06YP,batch-2,active
TABUUA48HB,batch-2,active
H9CJ9N902U,batch-2,active
LCKYS2HZUT,batch-2,active
JCURA9G32R,batch-2,active
NXJWVWV2F9,batch-2,active
IT0RMT2FGG,batch-2,active
M2HOT2Z11L,batch-2,active
U6IVH2KQ1K,batch-2,active
TUIJI2WFEG,batch-2,active
MY5GGOJ7KM,batch-2,active
KQ5YT0NVDZ,batch-2,active
BXNURNG9BF,batch-2,active
JH9T85BLV5,batch-2,active
KCUNCK7YCV,batch-2,active
2I2S151GGJ,batch-2,active
QIKROEAPIC,batch-2,active
JNZIFXX2OU,batch-2,active
8T7WMEG2BY,batch-2,active
SHDDY9F3XV,batch-2,active
JI6WAC9RZI,batch-2,active
LP3V935PZ4,batch-2,active
1MHFMX9AY7,batch-2,active
D3WVDHA2IT,batch-2,active
1WYKNLERW2,batch-2,active
Y2VEXNV2XL,batch-2,active
SIAAHSFIVW,batch-2,active
2WRNT8STW2,batch-2,active
JFPPMI6I89,batch-2,active
MQN4A3UXJS,batch-2,active
4CFSBB6U2C,batch-2,active
H17ATUT25U,batch-2,active
CGS58885BU,batch-2,active
BKF42KJURA,batch-2,active
1VO60DSPX6,batch-2,active
OG79MJY7TU,batch-2,active
KTKMSBVBCN,batch-2,active
580TI0XV3E,batch-2,active
87F3IQ2WB1,batch-2,active
DYPPYK614D,batch-2,active
19XU428UJ5,batch-2,active
I1IUJ477AG,batch-2,active
868YIBHYQU,batch-2,active
K4TTY6QPCE,batch-2,active
GLRQE2ALXJ,batch-2,active
1IJ4BCG3PS,batch-2,active
LTL4QC7A0K,batch-2,active
8QQREYHUPG,batch-2,active
QBTAHZAFLV,batch-2,active
Y5PQTT4AW1,batch-2,active
FKWTAQAATP,batch-2,active
S9B7LECQBX,batch-2,active
8GT8088YF2,batch-2,active
X9LSJU2R8V,batch-2,active
JB6L7AF6GQ,batch-2,active
08F3L3QSRR,batch-2,active
1YUBPRQ0AO,batch-2,active
20LFSD0Q29,batch-2,active
JZSOQCMZ5O,batch-2,active
8C0XWE10Q3,batch-2,active
8RX7T2F5TD,batch-2,active
NVS7GCWEU3,batch-2,active
36MWRFCCKN,batch-2,active
4M0FBS1J30,batch-2,active
Z2CYACHEYP,batch-2,active
SO1UCJRE8M,batch-2,active
C9LFH26RWT,batch-2,active
71SGMTMVF2,batch-2,active
MMLKHJZ9DZ,batch-2,active
UN6KRPX919,batch-2,active
9YB7IPUPCL,batch-2,active
G6VUFU853L,batch-2,active
PABX1Y1FF2,batch-2,active
O2B1LGMU00,batch-2,active
X9GIMNIRSG,batch-2,active
3XC220AFJJ,batch-2,active
JP7MLIEW6I,batch-2,active
LFKCERTB7K,batch-2,active
3SO9BVOD9Q,batch-2,active
9IWOTIUNF9,batch-2,active
3X4FM1NHCW,batch-2,active
P49FWI1JAQ,batch-2,active
7VJ1AZ65PW,batch-2,active
SN2DQ7IJ9J,batch-2,active
55TOO9XA3G,batch-2,active
K433APXMZG,batch-2,active
4LO48CCZ2F,batch-2,active
XZAFBD72HY,batch-2,active
NU44E7G0B9,batch-2,active
Q2NV9AFGWA,batch-2,active
L16CK5Q6SC,batch-2,active
181XL1NZQF,batch-2,active
3XCLRBG8LA,batch-2,active
EX0REOA9FE,batch-2,active
C1QJQFX1C6,batch-2,active
46B4PNR09L,batch-2,active
XV2IWQO09V,batch-2,active
9HK4CJ6ALJ,batch-2,active
ADHCAYCHM6,batch-2,active
XS00QV9N0D,batch-2,active
ONBYYUTTWB,batch-2,active
X4CLVIU8FZ,batch-2,active
AR72AV8HLX,batch-2,active
3WDYYI3SRZ,batch-2,active
PJ3L2ZTPT2,batch-2,active
4XKMLNSO0E,batch-2,active
XUKNOMSQCE,batch-2,active
2OATJBMSDK,batch-2,active
IYQOX28DVK,batch-2,active
6LGV1WVM0C,batch-2,active
EC6ZK8JDQB,batch-2,active
GXLODR17PG,batch-2,active
UT3YUO0JIO,batch-2,active
7FDT7TTAYW,batch-2,active
RGNC33ETJ7,batch-2,active
C8IIHV2JO9,batch-2,active
ZQCD078I52,batch-2,active
4A8HWKHABJ,batch-2,active
9OK1MOTRAX,batch-2,active
S17TQCQ6AU,batch-2,active
ZVDBZ2PA4Y,batch-2,active
U3MW2MG3VZ,batch-2,active
V22NM87J2N,batch-2,active
8AV6V92UQ6,batch-2,active
CMB72AL2OT,batch-2,active
WOC1DXXBI1,batch-2,active
NXFVMAJBBD,batch-2,active
D84MBOKOZA,batch-2,active
DZ6CW5BKG9,batch-2,active
9MFUYOQQ1P,batch-2,active
PVVF0KV76M,batch-2,active
DJXOQQSZ50,batch-2,active
1H6E9Z72BV,batch-2,active
L3QEGTBLLD,batch-2,active
5VVSEWQ7BP,batch-2,active
3ID7KFD3E8,batch-2,active
GHOORTVGTB,batch-2,active
36VKTGXF81,batch-2,active
4ZJ7TZP4D1,batch-2,active
JTHZCKNBN3,batch-2,active
6QLY0OU0IF,batch-2,active
5HBXZAPIP2,batch-2,active
C0I8RKYX48,batch-2,active
DPFPLLW3C7,batch-2,active
4PTQ7Q55BJ,batch-2,active
TPC1YNQWEE,batch-2,active
K4EX3NU1UA,batch-2,active
D63SPJXN87,batch-2,active
I4QM2Z9T9P,batch-2,active
S3KF6S2QBU,batch-2,active
H3YJ5XIUZ0,batch-2,active
0C1WWT4HRC,batch-2,active
BZ1EFOOUSH,batch-2,active
K7RHAWMXLD,batch-2,active
IWPD2BVALB,batch-2,active
D3L6LXR79L,batch-2,active
CG1921RMYD,batch-2,active
0RY394KE16,batch-2,active
BMWNSCDUC1,batch-2,active
4Q82A6ZX1E,batch-2,active
ZQE58PXG57,batch-2,active
DQ3K6KJ22I,batch-2,active
CZNQ8MHSWI,batch-2,active
YBSU5ZZEYS,batch-2,active
XUOORRXO7G,batch-2,active
JE1M659ZOZ,batch-2,active
O66ZAP7XF2,batch-2,active
1LCJN7VJQM,batch-2,active
GXYZH7X1LQ,batch-2,active
WZT4W7S8BX,batch-2,active
NR2H9RSL0W,batch-2,active
6M1027R08C,batch-2,active
UA9E6KROTN,batch-2,active
8H380B1DWX,batch-2,active
PUATS2362M,batch-2,active
U503CR6EPY,batch-2,active
SVS6ARW9WN,batch-2,active
R7ATJ1RK6V,batch-2,active
FIR7Z8W9B2,batch-2,active
5J5IBR2R9X,batch-2,active
ATBX71LUN5,batch-2,active
DCMF61DZGC,batch-2,active
N9XK30DLPJ,batch-2,active
BEQ5VA5QRY,batch-2,active
ERRHMI1F07,batch-2,active
QSTK7J1G0J,batch-2,active
DRQN5B0PNF,batch-2,active
6QBKYB8CYD,batch-2,active
BGV20JQYRJ,batch-2,active
YLZ7ZRLRI8,batch-2,active
UH4R8JTFH3,batch-2,active
OKRYXDNKSC,batch-2,active
1QST6669L0,batch-2,active
39SKSQSYRW,batch-2,active
HP8SLNMZX0,batch-2,active
BS9EKBEF9M,batch-2,active
FY5X456E0S,batch-2,active
GUYQQDPETV,batch-2,active
E8IZYCSPVN,batch-2,active
GBXGZ9N1ML,batch-2,active
N4ZITBM3D5,batch-2,active
9M9FVCS6GP,batch-2,active
3SPNSNY5KN,batch-2,active
NMXKIMHATK,batch-2,active
44YR3JC4KV,batch-2,active
MOPQ8WS0ET,batch-2,active
6BFQKZWUIZ,batch-2,active
DO7MT2AGUG,batch-2,active
3VGIGHF7OS,batch-2,active
NSXIS8SL87,batch-2,active
0BLHUGG643,batch-2,active
WS08CYA2C4,batch-2,active
BIP6MPI8CI,batch-2,active
UK3BW04ZLN,batch-2,active
CJT60VT1KM,batch-2,active
8JV35GCJB4,batch-2,active
WTFSNNFFRY,batch-2,active
QGZQH23EVD,batch-2,active
3JQ2E77WGT,batch-2,active
6TZO01MC5T,batch-2,active
HI893FLMG3,batch-2,active
3L5MCNB0EC,batch-2,active
Q4MOK5BNUK,batch-2,active
28GMA2SLWF,batch-2,active
VHLPA13K53,batch-2,active
CA4N2C0JV3,batch-2,active
NXFJ2013S0,batch-2,active
DD5OHEBIRJ,batch-2,active
EESMKH8JRM,batch-2,active
DNPPNE1RSQ,batch-2,active
VB740WMAVT,batch-2,active
XAZGBVLI76,batch-2,active
1GLLCHP9KW,batch-2,active
Z6UEIEA82U,batch-2,active
AKF023QP4P,batch-2,active
S6FGNPCI7L,batch-2,active
YZHGNAQQKK,batch-2,active
SW7BFK4QMZ,batch-2,active
FRAUYQ90TW,batch-2,active
U87AU4HVFT,batch-2,active
Z6RNATJ2MT,batch-2,active
ZSK7AC195T,batch-2,active
X64QJOFNEH,batch-2,active
19184F8WWH,batch-2,active
VW60FSV6R9,batch-2,active
0IIH85K35L,batch-2,active
8ELX6E59TF,batch-2,active
3F1BEK0QIE,batch-2,active
2X4EU1AJ3Q,batch-2,active
UBXVGSP9GK,batch-2,active
8Z1DO7U8UO,batch-2,active
D3KNELN7WK,batch-2,active
IJSWRTN51U,batch-2,active
594ASL3J4J,batch-2,active
DPTQ8LSOIV,batch-2,active
6I3NIONX0R,batch-2,active
6LOUV729L1,batch-2,active
LUYROEMPNI,batch-2,active
IOCU7BTIUT,batch-2,active
CM3QT64OZM,batch-2,active
T4RF8JUD6I,batch-2,active
D8E3GWHCDE,batch-2,active
X09CUGXX47,batch-2,active
8J9AWUO9R2,batch-2,active
SHNQ65OZ5D,batch-2,active
FMWKGXBZHM,batch-2,active
Q0IYQ6N74T,batch-2,active
U0CVYNO0Q8,batch-2,active
XVI70U8LKM,batch-2,active
00Q56VEGV9,batch-2,active
X3FJDL9QTL,batch-2,active
LAORKFVY9D,batch-2,active
RUJ0SZ7KLF,batch-2,active
B05TPVJPLJ,batch-2,active
4SE91AW7IW,batch-2,active
2B0R0RMCNK,batch-2,active
OOY0N6ZL1F,batch-2,active
JFZDL5FF01,batch-2,active
EZZW1I44BX,batch-2,active
D6Y7WGPMAW,batch-2,active
4JV0098OBB,batch-2,active
8LB29M2PQ6,batch-2,active
8DS4T0C6RG,batch-2,active
PIHZ51A50L,batch-2,active
T78YBF29M7,batch-2,active
95CSXOWQVT,batch-2,active
ZH6358M7EP,batch-2,active
0B6GSXZWVQ,batch-2,active
7TRQ8SFXWO,batch-2,active
W8N4XM4DTU,batch-2,active
G3CIYUUW35,batch-2,active
MTCIV62XRB,batch-2,active
2VCLRU6ID5,batch-2,active
4ERUASEDE3,batch-2,active
XMJOM3CNZX,batch-2,active
5FC3PVHXQ8,batch-2,active
CDAYKQX4WF,batch-2,active
3YX4XB3QGB,batch-2,active
OP9ESGVTA5,batch-2,active
JE4NEQXU7H,batch-2,active
G4KF36MS66,batch-2,active
XQINDVWXLY,batch-2,active
ZOYYMXAEWG,batch-2,active
KEO1T6EMKC,batch-2,active
0VSMIUHYSS,batch-2,active
TWN9XJUPBZ,batch-2,active
3N2EKAAB6U,batch-2,active
FV6QPMR3EA,batch-2,active
FUIFZJHP3P,batch-2,active
SNPRYZPZSS,batch-2,active
GJIYWHIHB0,batch-2,active
3YL5J3L4Z3,batch-2,active
2QC89F9JRR,batch-2,active
A4LMVMU2WZ,batch-2,active
SPW63CGWCL,batch-2,active
HEOR5CNH78,batch-2,active
09DOCKTVA6,batch-2,active
TL81H4UH3Q,batch-2,active
2H2524G03F,batch-2,active
2N9P6QAM42,batch-2,active
CT0GRVHHYW,batch-2,active
KOPWP69M2B,batch-2,active
O77IEEIQK7,batch-2,active
4YKRROUEGM,batch-2,active
WSOLQ29VQE,batch-2,active
8VV80R60JW,batch-2,active
6U6XIAPKN6,batch-2,active
Z29TC038VW,batch-2,active
75P1UT6124,batch-2,active
THIV16JNIO,batch-2,active
RJEK7J8ULS,batch-2,active
N5YCHW7GD1,batch-2,active
I5PR9Y46XB,batch-2,active
1T1NRVBDWQ,batch-2,active
RMVBD116MM,batch-2,active
3YY07PFWHD,batch-2,active
WWTR9ECXTK,batch-2,active
2I2VTS7ZD5,batch-2,active
WBDBSUO0DX,batch-2,active
QW5WWI1UYB,batch-2,active
K4RX0QS1ZK,batch-2,active
AJ324FCL3V,batch-2,active
4PI1LT8JRT,batch-2,active
FXNECZFLB3,batch-2,active
CL0PQSL4WP,batch-2,active
WBHSE6AEPC,batch-2,active
75XOJZV6D1,batch-2,active
639XFVQ6R1,batch-2,active
FIF4GA9YF1,batch-2,active
4YX0EI714K,batch-2,active
JG8NFTL47T,batch-2,active
2M1T83PW1S,batch-2,active
4BJVCJAJ18,batch-2,active
R0FXB36NE6,batch-2,active
S5CO7T9VEQ,batch-2,active
I5GBR7QUEJ,batch-2,active
PB1W1BZCLI,batch-2,active
65IGSRQ2RY,batch-2,active
WMUZH8EBV6,batch-2,active
1A2ANLY86Q,batch-2,active
BKJQGIFJQH,batch-2,active
W8FD9U6ZAN,batch-2,active
LLNYNOZQ8U,batch-2,active
GIBGU5WEHX,batch-2,active
M66H74OWLG,batch-2,active
3ANPSJDBKP,batch-2,active
JCE242NK27,batch-2,active
V2J9MG9LPU,batch-2,active
YSF7BR2AHG,batch-2,active
H1NXFF8WT7,batch-2,active
VFWHUEOW1D,batch-2,active
W0MJOQ4WDQ,batch-2,active
F2UC4HLB3F,batch-2,active
MGV6TJHNWD,batch-2,active
I38I05I57W,batch-2,active
E8DNGGUITP,batch-2,active
45BLCM67NC,batch-2,active
3LC07LRFZY,batch-2,active
CT6JS23CEQ,batch-2,active
JKBUUZMWDF,batch-2,active
FAKFMEF16D,batch-2,active
NCSUPRU5NX,batch-2,active
FF14NMOTXZ,batch-2,active
4OE3NJXOKT,batch-2,active
KEEZFK5RMU,batch-2,active
RN7G38XO3Q,batch-2,active
GV5Q8ECE3L,batch-2,active
GB9P008RUQ,batch-2,active
ZZNSNY2W2T,batch-2,active
5WIS2AT0ST,batch-2,active
D3ZE69U43R,batch-2,active
UWQ073S48L,batch-2,active
0ZYHEXVGJH,batch-2,active
T48UGLR7M5,batch-2,active
CU7S70MIY1,batch-2,active
89QUF1MTFN,batch-2,active
93OZOMXUGP,batch-2,active
ZQTFR2IP4V,batch-2,active
J89WWL57VX,batch-2,active
6N352ZQFUR,batch-2,active
8UBF58D3X3,batch-2,active
4Y0LJO09LM,batch-2,active
UB5E49PVTD,batch-2,active
AD5QB1BU85,batch-2,active
2V2WGJSGFF,batch-2,active
NI0WXUB9K9,batch-2,active
S6JZDAIGW0,batch-2,active
IWPXF9SBY6,batch-2,active
UJJP9XZP9H,batch-2,active
PA5S8TKGA9,batch-2,active
QSGL1LYVB5,batch-2,active
6S7931X9P9,batch-2,active
IY28C9B0L1,batch-2,active
1ASBD5GSUN,batch-2,active
ARG2YZXKTD,batch-2,active
84JARGREM0,batch-2,active
FK38A4A7VW,batch-2,active
FT9BLOK1R0,batch-2,active
ZS9ZJ9U7V9,batch-2,active
IFD7NZYEHR,batch-2,active
5YUM80PKAP,batch-2,active
3W48GJAWQB,batch-2,active
W6PRNE0DSQ,batch-2,active
CWZOUQVC1Z,batch-2,active
JQPA16BT7N,batch-2,active
DKTYOYOVGT,batch-2,active
8RSG4SCMLC,batch-2,active
MIV6IG8EW1,batch-2,active
96PL1O91PD,batch-2,active
O717DVG9QR,batch-2,active
7H8WMAGGJJ,batch-2,active
NFBH9CLL5V,batch-2,active
V9E9CFCBXH,batch-2,active
E1IL13H9KK,batch-2,active
SMBCJVRPYQ,batch-2,active
QLEDZNXSKX,batch-2,active
MVNB81RWIM,batch-2,active
GELKGXUW3Z,batch-2,active
OODL39OYIA,batch-2,active
O4Y2HAGGK0,batch-2,active
QK9JXQ1HJ5,batch-2,active
7UKSMVC513,batch-2,active
ONY3L5DJSR,batch-2,active
CCHEBUMFLD,batch-2,active
61AEMX0J59,batch-2,active
56TONV3DU5,batch-2,active
Z9LHOLAK6I,batch-2,active
T1C1F24FL3,batch-2,active
NKJU6LM1X1,batch-2,active
GRJ1UVZSD3,batch-2,active
NBWOBHPHDE,batch-2,active
AAOHKRZRZA,batch-2,active
53H86AUCN4,batch-2,active
9Z904IQY5A,batch-2,active
B0J6H2KVZH,batch-2,active
SAXO9GBSHR,batch-2,active
1A1M33Q7EP,batch-2,active
HLFYB0CLZZ,batch-2,active
J8CBN88P6A,batch-2,active
UWGK0TH7B0,batch-2,active
QJU8V92G0Q,batch-2,active
Q8HOUXD5IB,batch-2,active
3DCQSYKGDV,batch-2,active
ULXOQAW6ZM,batch-2,active
VI3QCK5IZJ,batch-2,active
QHXDXOI0SC,batch-2,active
5R7W9QDMZZ,batch-2,active
EDGLYEYZ2D,batch-2,active
26S7NRYNIQ,batch-2,active
MANCBYJF2S,batch-2,active
EEIORP35OF,batch-2,active
1BPAQIW2ZF,batch-2,active
BPHLUW2EF9,batch-2,active
9I1FSV65C6,batch-2,active
YT2X0X4XO9,batch-2,active
4355UWE977,batch-2,active
MXIADAE8A8,batch-2,active
PXXS4Y9XFU,batch-2,active
540FHNLYE7,batch-2,active
925L2C35IL,batch-2,active
IDVW5IY87V,batch-2,active
HJVJP3EMN0,batch-2,active
722QBCFM2R,batch-2,active
APEO09FDH0,batch-2,active
Z7XMRUFLJ1,batch-2,active
IP8AJYNZVC,batch-2,active
61P9LSGXQK,batch-2,active
PS93PCB9VH,batch-2,active
U5N2TFVGGR,batch-2,active
4WK705C3EK,batch-2,active
S2E9QEGCZO,batch-2,active
5T31GBPHNR,batch-2,active
XLFAACZUJ4,batch-2,active
IYXXQ7TXQB,batch-2,active
NGMU3SE08Q,batch-2,active
1LS1DMSY5Q,batch-2,active
Z1145BT41D,batch-2,active
WQKZ6B09TZ,batch-2,active
V5I0SVAQ83,batch-2,active
6F4747JWY6,batch-2,active
XY8X65L61B,batch-2,active
K2DER3KJXY,batch-2,active
YSFGCDV755,batch-2,active
T0M4O5Q6YV,batch-2,active
OV1YVZGRFE,batch-2,active
7EX17F9Y6C,batch-2,active
AVSK6GZD04,batch-2,active
9LV244IJEN,batch-2,active
86XL4CGAF1,batch-2,active
KCAKCLCWEM,batch-2,active
U4QQ3CPTJG,batch-2,active
EN0LACSJYS,batch-2,active
9YV7X90RLS,batch-2,active
JWHAAF8SYQ,batch-2,active
FDF9YIXWD4,batch-2,active
UMZA0OA6M1,batch-2,active
LTUDVURIU9,batch-2,active
4C11E1X6I5,batch-2,active
18MFENL37N,batch-2,active
IZ970OCRYW,batch-2,active
J5MEK6DY6H,batch-2,active
HVAEZINJHJ,batch-2,active
BV0B3ASECZ,batch-2,active
R24IEC41ZX,batch-2,active
KEIJIBB27V,batch-2,active
0PCXSW5TDA,batch-2,active
EF57U29MBM,batch-2,active
V7TDOVTI2K,batch-2,active
T43CZISJKA,batch-2,active
B95KKM4034,batch-2,active
UB3B6T7M8W,batch-2,active
5GP9CC1AS1,batch-2,active
1RPKWSTB86,batch-2,active
5LKKUKSGIP,batch-2,active
FE2CI1DATU,batch-2,active
O3KYZ906MF,batch-2,active
DXHFJWZ24C,batch-2,active
RDAKCSJOSE,batch-2,active
NCLPSSC7R1,batch-2,active
1XQ1Q0Q0IF,batch-2,active
77CHIU0QTF,batch-2,active
ZGZY5NTXU3,batch-2,active
0BK5K7AGG6,batch-2,active
WJ4VHSNWVI,batch-2,active
UNB17CG6HL,batch-2,active
DT51O9S10J,batch-2,active
RKRVU2M1FM,batch-2,active
GR8TQNEVRU,batch-2,active
1B6F9YKSH3,batch-2,active
E2ZL8WYQBL,batch-2,active
SVCOM56FT9,batch-2,active
13520IQWTU,batch-2,active
ZGCWT2NV99,batch-2,active
BZFA6A6VAX,batch-2,active
CW23Q2SLPH,batch-2,active
OYS65VGXQR,batch-2,active
NHVPEZY0H6,batch-2,active
IEWBU2YUOY,batch-2,active
85SK2HLABL,batch-2,active
FE29DMT8H2,batch-2,active
TDGAXVWQFT,batch-2,active
EH31I136T0,batch-2,active
KYSYSJTDTT,batch-2,active
WXRBWUOIQA,batch-2,active
KJ0L6H9QWF,batch-2,active
JVX7AW8NW4,batch-2,active
QCZUM3XJS5,batch-2,active
11Z6MQVFPC,batch-2,active
DVIDZNEGTU,batch-2,active
Z6PDAAVP2Q,batch-2,active
MTIIYQW5M1,batch-2,active
H5OODU7HUX,batch-2,active
13Z6HVEDS5,batch-2,active
DEKX6YXQIX,batch-2,active
Y7IQFIZNI5,batch-2,active
2MTNH06NH2,batch-2,active
AA9JQB3IV9,batch-2,active
WNQPWC0TQ1,batch-2,active
7FMVO1S5SD,batch-2,active
L28TINHM5R,batch-2,active
864250S4VY,batch-2,active
F77PQD8014,batch-2,active
3N1NCJYVF4,batch-2,active
9LIAW8QCBK,batch-2,active
66PT6SL62G,batch-2,active
8T8R1ACZMK,batch-2,active
ZA2SMWMAFW,batch-2,active
4NXDM73UKP,batch-2,active
QLXTQDXVD4,batch-2,active
7FPOY4XZC5,batch-2,active
PQJUNCOBHK,batch-2,active
HYCZKQ7T65,batch-2,active
1A1WF7TZKP,batch-2,active
HDGNIYJQPU,batch-2,active
EX7CO2VE21,batch-2,active
X55ZPADLAP,batch-2,active
1P1QEZOGZE,batch-2,active
7UMPSRELUQ,batch-2,active
4H9XWQEIVA,batch-2,active
2QZPO19XEV,batch-2,active
BC1VVU3X41,batch-2,active
R586XLAS37,batch-2,active
KC9EBQLTD5,batch-2,active
26EAC0TCV6,batch-2,active
KRUMKMMTLB,batch-2,active
LC5J2WBE9U,batch-2,active
3IPTJT8M4U,batch-2,active
JSER9GABEX,batch-2,active
6PAKPFBB6Q,batch-2,active
R3OAW8I8PZ,batch-2,active
OGS7N9F9ST,batch-2,active
Y2U3L1D461,batch-2,active
SXOQU1Y1AS,batch-2,active
7Q05W57YLD,batch-2,active
IF9PZHI1Q2,batch-2,active
3HX8NTDK6F,batch-2,active
RDAD4YIV6U,batch-2,active
Y5X4C4YMTA,batch-2,active
H2QMK4H3CK,batch-2,active
PL09ZA731O,batch-2,active
4R66OGUV9P,batch-2,active
XKZW6RNPFM,batch-2,active
P6AZ17VCYU,batch-2,active
EUPMN4HUF7,batch-2,active
GUHDCCC0U9,batch-2,active
07ID2NB8QN,batch-2,active
66R1TJ4XGB,batch-2,active
0Y7DFEBDW2,batch-2,active
FHQX5D7X13,batch-2,active
O6CN51LMV5,batch-2,active
379VZ6KVP3,batch-2,active
48RQXML0OS,batch-2,active
RCWU7MIL2F,batch-2,active
K54TX4X3P6,batch-2,active
M5ZTERRWNM,batch-2,active
61EJMAU5RX,batch-2,active
EKZICQ42NF,batch-2,active
PIU4UCF4BK,batch-2,active
EXW1VA3MVM,batch-2,active
0WTKCCYNLJ,batch-2,active
RAEFSHRTPN,batch-2,active
ZPZAC1YQOL,batch-2,active
36BHBEPSQE,batch-2,active
O6X7PXFDXW,batch-2,active
QH1T75A63V,batch-2,active
J3GG6RZJ9H,batch-2,active
N5R2FLXSLV,batch-2,active
FEHT1AHGWM,batch-2,active
AQ790IO20L,batch-2,active
UZY4XG72RR,batch-2,active
C3UQD997CB,batch-2,active
AB83RPK81I,batch-2,active
SUY0H0UVUT,batch-2,active
F4A5TD87Y6,batch-2,active
H3H1E93I7R,batch-2,active
EPH64MLDU2,batch-2,active
I8OJ9TGGMK,batch-2,active
SQO469Y65Y,batch-2,active
LND1X8VWU8,batch-2,active
KU4AZ03514,batch-2,active
F9WBOAI76X,batch-2,active
COCATOZYFB,batch-2,active
ZCVY7ZAPD7,batch-2,active
MQA42PUAX5,batch-2,active
HJ6CBAT65C,batch-2,active
FE5EPV1R60,batch-2,active
TOQCTI2Y10,batch-2,active
IRX951GRN8,batch-2,active
HLN4X4RMUJ,batch-2,active
G6DFQ3DHF7,batch-2,active
4U4I9WO8AJ,batch-2,active
CGJULI86CS,batch-2,active
ULYBNV6R5O,batch-2,active
K92SGPZGU8,batch-2,active
FMZNKYU2HE,batch-2,active
LJ8BK1BI7R,batch-2,active
IXQ7DX5D18,batch-2,active
AH6DT3P7SW,batch-2,active
W2OJU0JSWO,batch-2,active
F198ZNO68D,batch-2,active
BDSVVXVX20,batch-2,active
RTFXBRYG2K,batch-2,active
QHST4QH4OD,batch-2,active
D8ILV97Q1U,batch-2,active
8AZOEECK1L,batch-2,active
1BWP24R4Z3,batch-2,active
67OR2MVQNF,batch-2,active
X184AOAYPF,batch-2,active
IAIZURJH41,batch-2,active
GQJJ23BVWT,batch-2,active
NPO1MTNX7N,batch-2,active
ZID8XP3PGW,batch-2,active
MOGTIVWWWG,batch-2,active
JFZ8WF8HLP,batch-2,active
5VD5KDPCCV,batch-2,active
KS37SOAEKA,batch-2,active
FZ1CGMJDIY,batch-2,active
J5PTE7T8OM,batch-2,active
1DXOT2X2K5,batch-2,active
9GKVYVL98E,batch-2,active
SCJN7CNX7D,batch-2,active
YZH7RLGS7R,batch-2,active
UBZOSXH79Z,batch-2,active
QT8DA9G02D,batch-2,active
97CX3A68OC,batch-2,active
8RTPZ1NUP8,batch-2,active
W35VVTLVM1,batch-2,active
HCBTFY4RSG,batch-2,active
Y6R8V4LIJ9,batch-2,active
FAGWEOFW6S,batch-2,active
ONEU3M9WQL,batch-2,active
KENNSXKB4H,batch-2,active
V2X9CKHPV9,batch-2,active
CA0MNWNOHQ,batch-2,active
956QSQR7AW,batch-2,active
24WI2BFNGH,batch-2,active
7BOR2M8LLO,batch-2,active
JADOLHOPH0,batch-2,active
A66R55T36Q,batch-2,active
M7MMFLBEVL,batch-2,active
PB16KKPLPL,batch-2,active
QJCPWXWEBO,batch-2,active
4CROUP5IMK,batch-2,active
K2HG3EGEVO,batch-2,active
NN67JX0Q67,batch-2,active
WVPWQ3STF5,batch-2,active
02LI9HKV3D,batch-2,active
M1YC5RV2NM,batch-2,active
EG075EGWZR,batch-2,active
BBFU5P2JKG,batch-2,active
BHDDG45D30,batch-2,active
7ZUW56N0ZV,batch-2,active
99RUFO4FZO,batch-2,active
E4C6PWDODX,batch-2,active
55IVWU2RTC,batch-2,active
GDCRWVZMMA,batch-2,active
3B4G9X5LHF,batch-2,active
NOAGS9OXE8,batch-2,active
B7LQ156URG,batch-2,active
ZFMOHOH30N,batch-2,active
T4HCCMKIU4,batch-2,active
G8VF6JBTXR,batch-2,active
FL83AHKEMB,batch-2,active
6VRN7E66DO,batch-2,active
O7UON3SDVZ,batch-2,active
FLLH7IC3O9,batch-2,active
B4QPSB53MJ,batch-2,active
0ZKKDA0YEY,batch-2,active
R89J2DU1VC,batch-2,active
JFADK98INQ,batch-2,active
EIO3FVZUK3,batch-2,active
HJIJIOG0PQ,batch-2,active
B2VHQTNVG3,batch-2,active
Z5TQ4Q8AUL,batch-2,active
G92K7QU6P5,batch-2,active
EF3WU44M3H,batch-2,active
0HOVW55IUY,batch-2,active
RBTKTXPYR6,batch-2,active
S6PVPR5LPK,batch-2,active
XP71Y5WNW6,batch-2,active
JE70N0QTSX,batch-2,active
VVTKI223KT,batch-2,active
OUPICQ4GXI,batch-2,active
M2EM27UOT4,batch-2,active
6LDBCNY66Y,batch-2,active
MSI924KN6H,batch-2,active
THYC1SQTX9,batch-2,active
45ZGP5NI5U,batch-2,active
TZ4V88F5N8,batch-2,active
TRT7CA3G04,batch-2,active
Q8ZOFEXK2G,batch-2,active
UD97S11DWO,batch-2,active
909BLVS4OT,batch-2,active
T0NFW5UZ9O,batch-2,active
77ETQ0DX7M,batch-2,active
GY346F3EBO,batch-2,active
0VI5ERMSD6,batch-2,active
1W95B6CN95,batch-2,active
1BBLZ92AAD,batch-2,active
LXGDJGEMYH,batch-2,active
5Y7Z2D4Y7A,batch-2,active
DO9I47NX21,batch-2,active
65HS8ZZ3O5,batch-2,active
C95FUD8AFS,batch-2,active
KNHFVIULOA,batch-2,active
6CEN2O4KBD,batch-2,active
DCPQ2WOVIY,batch-2,active
IB3E20YG7W,batch-2,active
5W21OJO4FH,batch-2,active
DPQQI4OW59,batch-2,active
5F55L9MK8Y,batch-2,active
9CO3IK3NLD,batch-2,active
12JTB376M0,batch-2,active
KJAK2OAMY2,batch-2,active
CQWFZLLJSF,batch-2,active
49GRXGJM5T,batch-2,active
ACUYQ0R53D,batch-2,active
FW0Q14IKRR,batch-2,active
XPS98JIE7Y,batch-2,active
2JT1M1330F,batch-2,active
49H07TQ1XM,batch-2,active
JZ3OJP38I7,batch-2,active
A4RAUUBNCK,batch-2,active
F4ZKPGOPC8,batch-2,active
BX6BGTF926,batch-2,active
UIQ9HI5DDZ,batch-2,active
LCIN8C1H0Y,batch-2,active
PEOYUTXQ5H,batch-2,active
3RQALVI5H7,batch-2,active
5W2QSLPB3G,batch-2,active
2YV0KGWFH9,batch-2,active
NLQV2KST41,batch-2,active
S4XUWM3W38,batch-2,active
CF5XLODLRY,batch-2,active
NDDBENA65N,batch-2,active
CSN0MW9C6I,batch-2,active
H0JKPLHAC8,batch-2,active
TZQQJM3E96,batch-2,active
4FVVMX08OF,batch-2,active
3JLJBURM4P,batch-2,active
BJVC7G8AQD,batch-2,active
N6K6MEJNN0,batch-2,active
OT47KHE3P8,batch-2,active
3ILI8FJNCS,batch-2,active
3MFE32IEWR,batch-2,active
1OB4NODV2L,batch-2,active
0DNIWERJ6K,batch-2,active
95V4TW3RV6,batch-2,active
8B1UD57JAI,batch-2,active
BXYKNP6LYH,batch-2,active
CKF7HPB4RW,batch-2,active
914B64K391,batch-2,active
75J1YA4X9V,batch-2,active
OQZ7LCX5TZ,batch-2,active
HPNIEL7CZ1,batch-2,active
S4JN2WI09T,batch-2,active
T6XWXGPS0K,batch-2,active
6G28JV5DTG,batch-2,active
UUI1EJBI1P,batch-2,active
W7B2WQ6IXO,batch-2,active
L11FCG7YJD,batch-2,active
6ELWZ2J0AG,batch-2,active
P984EWTJ4X,batch-2,active
7NSECTQOS9,batch-2,active
8OKOPRG2PG,batch-2,active
NIP3NX8X7R,batch-2,active
YPBN60B8Z5,batch-2,active
T23U6HCY0E,batch-2,active
XISSNETI16,batch-2,active
72AI9V16JL,batch-2,active
N0RZVGZKCJ,batch-2,active
RGSC683N0F,batch-2,active
SKSXYSIG6D,batch-2,active
G8X6KB3KKS,batch-2,active
BCSCK3BGJ8,batch-2,active
996YLFG1IJ,batch-2,active
ZVFHRKWZK3,batch-2,active
00KB5QP7JO,batch-2,active
3YXKSBOEXW,batch-2,active
UZMGYGUILN,batch-2,active
4VWNGXNNWY,batch-2,active
UPX9Z5KDY7,batch-2,active
HDICUAP46N,batch-2,active
CCOHRWEKBK,batch-2,active
X89MNNX18V,batch-2,active
216OAQI31C,batch-2,active
IYQYN963U7,batch-2,active
H71IYQZCNW,batch-2,active
0I6CW9BY1Y,batch-2,active
JBHBL595PC,batch-2,active
HG4L9P6C1J,batch-2,active
F3HTRTSJ5E,batch-2,active
4IIIFH3KRQ,batch-2,active
WBM3KMNZGC,batch-2,active
50MGNF9RQW,batch-2,active
RJPR4KY1OI,batch-2,active
QQE8H7Y1QB,batch-2,active
0791R8XVYW,batch-2,active
6TSO3M5UFT,batch-2,active
IHGRXKC4B8,batch-2,active
H1LKBVXVAV,batch-2,active
ETEBF5QM2D,batch-2,active
9YFU24KV67,batch-2,active
P3NZ64VWFS,batch-2,active
D7H0DQILZ6,batch-2,active
LBXJGKX2PV,batch-2,active
PUFE9LZMLY,batch-2,active
NP1R2SA3TY,batch-2,active
12PVWJLZ08,batch-2,active
EJPFVKN9UT,batch-2,active
R800GHOS9R,batch-2,active
LI1A88PFI4,batch-2,active
61XFBBOX60,batch-2,active
YG7NE6572I,batch-2,active
YSKX34G893,batch-2,active
P9R4LBVSKE,batch-2,active
MU1668ACYT,batch-2,active
CMMKI1N7R3,batch-2,active
3CO7I60GFC,batch-2,active
DWO8S7GP0Y,batch-2,active
4RIVUVD429,batch-2,active
CG6AGGQE7O,batch-2,active
NI7BGON1C8,batch-2,active
CRFXS6ICNW,batch-2,active
OTU9E943TU,batch-2,active
9LCKC0LOXS,batch-2,active
BEP176NZ0P,batch-2,active
3OIJ0DZMJJ,batch-2,active
PWTLDA6EHL,batch-2,active
DVM0NZSN5X,batch-2,active
ER5VED4U5E,batch-2,active
H1VJXPTLQA,batch-2,active
XC8BF7MQHL,batch-2,active
CWU6229AI8,batch-2,active
OXLZ31UBMA,batch-2,active
XRCTVD8TL6,batch-2,active
BASEQSFPS3,batch-2,active
AZR11FE93T,batch-2,active
0FBS1BBMP3,batch-2,active
F08T1RLJW6,batch-2,active
PRDXMVGKPD,batch-2,active
GUMQFS0EIJ,batch-2,active
VUXMRCXKCT,batch-2,active
IEJT27ULO1,batch-2,active
FDS0R3SS9S,batch-2,active
L9SK602YXN,batch-2,active
IFAH87FQTZ,batch-2,active
6Z4AFU3QOG,batch-2,active
0O46NC2DCB,batch-2,active
SZSG0B4MBN,batch-2,active
GOD12SIEFX,batch-2,active
AA500KCZXQ,batch-2,active
L7Z255VXUR,batch-2,active
D90TSAKR33,batch-2,active
UOW6SPFPBV,batch-2,active
EYCJKGFU0Z,batch-2,active
SFX0SAN8Y0,batch-2,active
4RK57SF4ZU,batch-2,active
SMW05TEYDW,batch-2,active
7QSISYTZNY,batch-2,active
FWJRTY0I2X,batch-2,active
VF21Q52Y4J,batch-2,active
L3GXWNSRPU,batch-2,active
AZRZJ1BICS,batch-2,active
4VT8EI7579,batch-2,active
5WMJFPW1QB,batch-2,active
1WWONOO9VK,batch-2,active
628CHJ03WT,batch-2,active
D2WF7MIP57,batch-2,active
FIQ2P3VFTF,batch-2,active
S9RKTGNMYE,batch-2,active
QPHFDUVYYC,batch-2,active
BY0GVLJU7B,batch-2,active
D4R5RSDB65,batch-2,active
4DOAA92VY1,batch-2,active
E7HY8M9XX7,batch-2,active
TQDA03BTKE,batch-2,active
R3I7ZQUN1R,batch-2,active
TDJABN8IB8,batch-2,active
6TS4IZLS76,batch-2,active
CZM9TY7XPL,batch-2,active
X705O129M6,batch-2,active
1QKKYFCF0F,batch-2,active
QIP86CK031,batch-2,active
TF7ZKKPH3D,batch-2,active
6HNV7K3HI7,batch-2,active
NWCTSL181O,batch-2,active
L3Y2HPDDWR,batch-2,active
9Y809CQ6FT,batch-2,active
2RB5T4EX0C,batch-2,active
BJ22FR5BRP,batch-2,active
03SDMHCBH8,batch-2,active
0L14GQKYNF,batch-2,active
ZOLT644FHW,batch-2,active
H0M04QGH3U,batch-2,active
426RAU34RZ,batch-2,active
02WBZQRG04,batch-2,active
FNZPACHKG8,batch-2,active
RVESFZE02T,batch-2,active
04S0KW7RK3,batch-2,active
BZZF220SB2,batch-2,active
IENRMZ50OB,batch-2,active
ULND4QBXLI,batch-2,active
DQV4RCFXDR,batch-2,active
YKCCXBYEGQ,batch-2,active
C6TR7XZHF0,batch-2,active
FOSTEGMICQ,batch-2,active
Z2RHD9F6EP,batch-2,active
KSYYFNEQYF,batch-2,active
RPJ223WHZ8,batch-2,active
4C7AZRSBCC,batch-2,active
BRQ317HVRZ,batch-2,active
UDQSSWE2N4,batch-2,active
QOMNOZ6V9D,batch-2,active
0B8VA9F217,batch-2,active
J6VBFGFUQF,batch-2,active
N18YXJM7UT,batch-2,active
ET129MKR9O,batch-2,active
EA1BPEX3DF,batch-2,active
BPWN9UPZ5F,batch-2,active
313QJZD6ZR,batch-2,active
LNBW2OZYYP,batch-2,active
2VNQI22T1R,batch-2,active
1RMGSY1U5N,batch-2,active
DBXH5LXXOH,batch-2,active
LFVLIWFHPO,batch-2,active
DI5XB3Z6CO,batch-2,active
ESGNLMRPFY,batch-2,active
FM1NLQ5P78,batch-2,active
KEGCDVXZWV,batch-2,active
0X44HU9E5X,batch-2,active
1VWC0ZWHDE,batch-2,active
ZLYBKKQYP0,batch-2,active
QIH9RMIRGL,batch-2,active
NQB29X8CNS,batch-2,active
QB96HUB2CZ,batch-2,active
ZRZ63POL7F,batch-2,active
70Z5TLA5TD,batch-2,active
AIKF8WRI82,batch-2,active
WVX8W7ITT7,batch-2,active
D6JQIWRLC8,batch-2,active
ESL15KZ1KM,batch-2,active
IKRC0GX9Z3,batch-2,active
UHMXL920QW,batch-2,active
K7L21N3L1R,batch-2,active
Y51AAB33CJ,batch-2,active
ZQLG5WP6UN,batch-2,active
EVOCR9GL1G,batch-2,active
Z6GFC0FP5F,batch-2,active
X897YLERJQ,batch-2,active
142J24T70V,batch-2,active
OM1HKYTNYT,batch-2,active
UD60F7IE7Z,batch-2,active
YAROA5HTKY,batch-2,active
CJOKX6AK0L,batch-2,active
2P1KDJI9HF,batch-2,active
C7W0AC4LPO,batch-2,active
OF2S6K0YZE,batch-2,active
GH04IYHBVH,batch-2,active
M7CVQ94DO6,batch-2,active
VGZPJNJ52P,batch-2,active
QYRPXDGMEE,batch-2,active
PEFP1ZIHAR,batch-2,active
7BR7R7MT7E,batch-2,active
A2AVOAR5T8,batch-2,active
PZBQK1HV8C,batch-2,active
LF7JB50P8Z,batch-2,active
WETKFW5SO8,batch-2,active
2LB7DJAQCS,batch-2,active
9A3ONORU0M,batch-2,active
EZ9ALDBR8N,batch-2,active
QYFAQFCSAY,batch-2,active
6QE560APJS,batch-2,active
7EGODCP7IF,batch-2,active
94VBPGO881,batch-2,active
JIFI2RX1UR,batch-2,active
1KD17XTWAH,batch-2,active
GY1IA658KH,batch-2,active
0Y0IAAP2ZT,batch-2,active
RSZO5SSCRU,batch-2,active
2SHS0PY80W,batch-2,active
EESQ8PSE6O,batch-2,active
OEFEAK4TYF,batch-2,active
BELLP2VE3P,batch-2,active
BZF6Q2XTXM,batch-2,active
NBYJJPDI9K,batch-2,active
4QA85TWHCV,batch-2,active
LCZOH13SF3,batch-2,active
WZR8HTP19N,batch-2,active
KOWLLBWM99,batch-2,active
WFRVQQO4HW,batch-2,active
S44KFNERO3,batch-2,active
DXYA76SOD3,batch-2,active
TFQ85IEAE0,batch-2,active
1LHGOK8FRW,batch-2,active
TSTYAJ57B2,batch-2,active
ILVXDU94QS,batch-2,active
OXF6GM3TAX,batch-2,active
YFH0VCTH6N,batch-2,active
5S4KHGYLKS,batch-2,active
85TM6H0ZW1,batch-2,active
NU8LQLJKAB,batch-2,active
9MG3EBSNHZ,batch-2,active
7VABF07Y5T,batch-2,active
QU87LCA2CA,batch-2,active
V45Q082S0D,batch-2,active
VAR0OC44UQ,batch-2,active
4SH7ECDYSL,batch-2,active
FXIIB6HHNW,batch-2,active
DFMZ3J9RAC,batch-2,active
7BYO5WISUB,batch-2,active
UH7XRYGQJW,batch-2,active
SQLONFB57G,batch-2,active
9AZ7TJWDCN,batch-2,active
6ELQ9UDK0K,batch-2,active
IPOF4WCKYU,batch-2,active
STQJMOUPKZ,batch-2,active
ICHZWBL2AR,batch-2,active
QCA8FKWXEX,batch-2,active
O2R59X4Q8E,batch-2,active
REXS8A0TCA,batch-2,active
ANSDKCF1FS,batch-2,active
NJH7NRA5BY,batch-2,active
QG59AKG1OP,batch-2,active
XVKB0W551K,batch-2,active
TTRFDRPO9K,batch-2,active
10QMYMBLUI,batch-2,active
4BTLQMDV93,batch-2,active
3U36ORX8KA,batch-2,active
T78HAUOHVH,batch-2,active
1J2XW32YD0,batch-2,active
5K6UUWHXYM,batch-2,active
R3PWGB4FXE,batch-2,active
HMBAR6GX03,batch-2,active
75NN9ARL9Y,batch-2,active
OXRR8D02P2,batch-2,active
1ZVDXH8750,batch-2,active
128X9F5FDH,batch-2,active
XICGO4Z148,batch-2,active
DUO915C6QN,batch-2,active
SH733BWNK4,batch-2,active
E7XWROAZAN,batch-2,active
IWHBSLQZ8A,batch-2,active
KL8GLG37VR,batch-2,active
H13WWDYNM9,batch-2,active
KPJON4B8B9,batch-2,active
98Z65HXQEK,batch-2,active
0E01RX2UQX,batch-2,active
71RWZEP1OB,batch-2,active
TTFEM2AHSX,batch-2,active
A3ITULE55Z,batch-2,active
C163IDD93J,batch-2,active
LJVDDZKM44,batch-2,active
C33TYV7MQ7,batch-2,active
JKI39JGM9S,batch-2,active
CTKAJGC3HE,batch-2,active
2X72UJ5XJK,batch-2,active
4Q89HE6MEN,batch-2,active
27Q6S2CRVC,batch-2,active
48L1V34992,batch-2,active
ZZC2N34T1H,batch-2,active
0F1MU0EORZ,batch-2,active
5V8ZGLBHEV,batch-2,active
03ZU6BJ2ZY,batch-2,active
0T8BLPKOK0,batch-2,active
3WH5TCI6AR,batch-2,active
9J1AS7O7D7,batch-2,active
3HK202I11G,batch-2,active
FN77E2OPG4,batch-2,active
249SM3JZ95,batch-2,active
KNR2V9RTAW,batch-2,active
9YNV34LT9V,batch-2,active
2V0JDA2T0D,batch-2,active
XHB4BVH4TL,batch-2,active
H7M4WB0UG3,batch-2,active
7HCVH32AIJ,batch-2,active
35FVCRMRBX,batch-2,active
O23A1H4A5S,batch-2,active
5AOHY8FI0L,batch-2,active
U629XCP1CX,batch-2,active
61WXJYNGPC,batch-2,active
1STD29UERZ,batch-2,active
S5NIEETONE,batch-2,active
63UX7ABTP1,batch-2,active
QGSKLK5LLI,batch-2,active
HKBY414G3L,batch-2,active
HTZORUYB39,batch-2,active
O745TQ2F4J,batch-2,active
RSRLYVQNOZ,batch-2,active
XQKO2V132N,batch-2,active
QGICVWZUKG,batch-2,active
IUZFWBBK9V,batch-2,active
5AV1NTQZ1G,batch-2,active
LY9GQ9RC23,batch-2,active
42E9OLRA0R,batch-2,active
ZXYME47WPG,batch-2,active
TIHWRSJC3F,batch-2,active
J1FJGY9VI7,batch-2,active
4UEFY8YNQK,batch-2,active
PTBYIB46H6,batch-2,active
BK1XDFHK7T,batch-2,active
WZVFB1OWG0,batch-2,active
0BWIOEGTXR,batch-2,active
H7IWNMK41P,batch-2,active
NZT6SR1BNT,batch-2,active
UB76NSJNLX,batch-2,active
XKJZKU3O12,batch-2,active
5PEFRTLO4Z,batch-2,active
PT7RZ58BUO,batch-2,active
LV6IMF1CFI,batch-2,active
N225SK1D2K,batch-2,active
A50RSE3CIW,batch-2,active
P4T785Y53W,batch-2,active
1ZTJ5BD1NG,batch-2,active
5YR4HC0KLM,batch-2,active
G7O0Z4VEZA,batch-2,active
A6ED5JT3BU,batch-2,active
72OE6OQRH1,batch-2,active
HB56GY72GE,batch-2,active
ILNTYS7SD6,batch-2,active
1998E25ALB,batch-2,active
ZN5B2P5598,batch-2,active
GO62AQ4ZV8,batch-2,active
IZBVOB22JQ,batch-2,active
5DKDNRF5PT,batch-2,active
5XKUWU31QT,batch-2,active
HL1I3H18C2,batch-2,active
CRWUW1PN9K,batch-2,active
DOR527AIHQ,batch-2,active
7TPYRULS4H,batch-2,active
24S3W0NRB1,batch-2,active
IF06Y9EJSM,batch-2,active
R0BMU1LCZY,batch-2,active
5L12VQZOTX,batch-2,active
WXCDVPEMY6,batch-2,active
5G095R1PJ4,batch-2,active
8TJEZ5NZIK,batch-2,active
3TV3G7KID2,batch-2,active
12SY8J2XOB,batch-2,active
XOEAWX5UGA,batch-2,active
QY3BTL4V5D,batch-2,active
DYKW81UHXL,batch-2,active
CVFENDNHCJ,batch-2,active
KTEWHQ7IBV,batch-2,active
2RNE880AUR,batch-2,active
R0Z3NFP3U1,batch-2,active
78Z83XJTWF,batch-2,active
HHDIHJ4T7M,batch-2,active
RBFL4QMVAU,batch-2,active
K98LN9INPI,batch-2,active
Y70Y8WZ4B7,batch-2,active
R2B1MPLMK6,batch-2,active
XG6WWVCO5K,batch-2,active
RBZMFPG5BG,batch-2,active
W7POPAAS0V,batch-2,active
QL6OBLM9A4,batch-2,active
50BEAMSMG4,batch-2,active
OCGOBBUDSR,batch-2,active
HP4S6PIJ7D,batch-2,active
A8XKOOU2JM,batch-2,active
1R4AE8B7BV,batch-2,active
POYYLI11V6,batch-2,active
NWPU3F9W1F,batch-2,active
8TIMC8127Q,batch-2,active
54LCBZNANX,batch-2,active
JSLTDP6AG0,batch-2,active
CHHDZFRF40,batch-2,active
61VZ1H1JVZ,batch-2,active
SUE88BJH24,batch-2,active
QUT7LCI4KW,batch-2,active
CPGFI7ZBHW,batch-2,active
EEJOD20WK9,batch-2,active
WA8ZIFBLYW,batch-2,active
ZI428ANW1Z,batch-2,active
Y7WMLU3OZW,batch-2,active
72H82H5FBV,batch-2,active
DYKGDJS3JH,batch-2,active
42F9X4Z4HM,batch-2,active
F1TJ9USUER,batch-2,active
SXYT8JGXGE,batch-2,active
MGXA2W9L6J,batch-2,active
9NDZ1ZVUC2,batch-2,active
1KJFWE2F6K,batch-2,active
UC34U3L0U8,batch-2,active
D9GK9KFTD8,batch-2,active
6B4T5IBVS6,batch-2,active
TXE13A6DR8,batch-2,active
8CRHSM73KM,batch-2,active
3D5ZQEBPA1,batch-2,active
3ZPNGCIT58,batch-2,active
H4I1FSXYKO,batch-2,active
T3UGHZFF17,batch-2,active
91XDIPWPB0,batch-2,active
BKAN6JRAW8,batch-2,active
AMEBQFJ9OG,batch-2,active
YRNQQPYU4R,batch-2,active
BTNCKV9PX4,batch-2,active
9FZAH70S8D,batch-2,active
C8KMLM44MX,batch-2,active
CJOQYPGLYG,batch-2,active
TM1YT1Z52Q,batch-2,active
G31KZ2GKCL,batch-2,active
UWV9X4ACMT,batch-2,active
A5NTPQTI6E,batch-2,active
BFW64Q76PO,batch-2,active
KH0041Y88K,batch-2,active
1XHZ1MQG0Z,batch-2,active
HO0MDDPNUK,batch-2,active
UCSIY87EAF,batch-2,active
5GQ31Y7LR1,batch-2,active
KRQHC5XLGO,batch-2,active
MUBJH5LDAN,batch-2,active
U6A0FH64L6,batch-2,active
0K5QLWRMX0,batch-2,active
M8IEFFLBJZ,batch-2,active
LH0UTAK3QM,batch-2,active
7LYA0QETYG,batch-2,active
XFAHK8X82Q,batch-2,active
DVCQ56AABL,batch-2,active
194N5JNX3J,batch-2,active
J75USICYS8,batch-2,active
RPU65XSYMX,batch-2,active
IW4WJSZX0W,batch-2,active
IZ9PTM8BN1,batch-2,active
S5A7ZG3TGR,batch-2,active
84GYA75414,batch-2,active
OJ7HBMBHD3,batch-2,active
FM1D0B1D0C,batch-2,active
F69L2IST8B,batch-2,active
4X90XI0GZI,batch-2,active
1DLPUOO24O,batch-2,active
72BGPH8F13,batch-2,active
DR20SEUQD0,batch-2,active
ACXCXX6FAZ,batch-2,active
DN5OG2IJ0O,batch-2,active
5UEAYOKUG9,batch-2,active
RGYBG7ILDS,batch-2,active
XXE9XVMOCJ,batch-2,active
CSEM6WPGL8,batch-2,active
7VU8FAFII7,batch-2,active
NMEU7S2U68,batch-2,active
5EBZ5DHC1J,batch-2,active
10ARM85R23,batch-2,active
U26R0GXI7Y,batch-2,active
P263HBY7EO,batch-2,active
I8HGL6OVIM,batch-2,active
4D7UOXXO09,batch-2,active
3Q12BWM5H5,batch-2,active
B6229DM42R,batch-2,active
C59CQ525GE,batch-2,active
BAHPUQR7A6,batch-2,active
L0CZ25R17T,batch-2,active
PO0GNQJUCF,batch-2,active
KOBLMGHU48,batch-2,active
DEWU3BV47S,batch-2,active
YT2EBL6VHP,batch-2,active
MEMSQLW94E,batch-2,active
6QSIH7VRWJ,batch-2,active
GLRJT9PF53,batch-2,active
1DT37A418J,batch-2,active
ZBG6SROR55,batch-2,active
0PZ2X3PZ3R,batch-2,active
ZYKTLNK17G,batch-2,active
A1YSI78NTS,batch-2,active
SEEE82LQIC,batch-2,active
WEXM2PXSLG,batch-2,active
JJ6JAETYYS,batch-2,active
UZ2QDUP08E,batch-2,active
TEH95KBPWM,batch-2,active
K4L8NIAFLM,batch-2,active
MYQW5SI789,batch-2,active
7AZV0OCT2T,batch-2,active
NYOWZ3ZKNS,batch-2,active
LQS34EK77Z,batch-2,active
HBIVKF8JTI,batch-2,active
S9BE2OVCBF,batch-2,active
1PX6OQCG8J,batch-2,active
HM52UIPJYV,batch-2,active
UX0MLJNUR8,batch-2,active
O2R01QH10K,batch-2,active
YE1A0SRDSL,batch-2,active
T99X7VCQ8L,batch-2,active
5XTWXE17US,batch-2,active
X9C3XGXW0N,batch-2,active
SY4PBV33R0,batch-2,active
W6VTBRZ9QX,batch-2,active
OW84UASDT2,batch-2,active
9CX1ZJ1Y3Y,batch-2,active
GE90Y9H03T,batch-2,active
HE5G7MJVPF,batch-2,active
40UUQEGGI1,batch-2,active
4GC68LZ37G,batch-2,active
YWM3S81B7X,batch-2,active
74MV2HGINZ,batch-2,active
JC20W8NJ1J,batch-2,active
UX54HNZ49Z,batch-2,active
XU8SP3F22J,batch-2,active
CT9SYZHC25,batch-2,active
A1CA0QIN76,batch-2,active
44S1WMP9LI,batch-2,active
QPTGMW7CJ3,batch-2,active
7YG5SI3PU3,batch-2,active
Z29MYHDHXQ,batch-2,active
AT61XS5I30,batch-2,active
LBCRN3U9WE,batch-2,active
1NQGK186S8,batch-2,active
9RE5A7V15B,batch-2,active
3BZTHBS9A6,batch-2,active
AE4NV73NBJ,batch-2,active
ICY45SFGPL,batch-2,active
54M1ONTZZL,batch-2,active
3BWW6KWORE,batch-2,active
1YHEHYGCDR,batch-2,active
2XKDUICFYY,batch-2,active
TY5YM170U9,batch-2,active
99H3C9G7AA,batch-2,active
THUY0N3QYH,batch-2,active
3T6GZAM28I,batch-2,active
5CLYZAEVVL,batch-2,active
RZ7K3VRRKT,batch-2,active
WBP4TDNKJT,batch-2,active
0WORA2L00D,batch-2,active
GH9TMOZML8,batch-2,active
COQHYWX3O6,batch-2,active
UBADNLWU14,batch-2,active
ISYF34OXHH,batch-2,active
P4RXKU5S2C,batch-2,active
T68E3H99V5,batch-2,active
SVBVREJ44I,batch-2,active
AK07TYMDMO,batch-2,active
Q1WNWXS9I6,batch-2,active
TEFVMHB8AV,batch-2,active
LY7MC07I52,batch-2,active
FH2HIXYZCF,batch-2,active
NDS1PWUCZV,batch-2,active
P0M6P479NZ,batch-2,active
WZFBUWG4JC,batch-2,active
PAT0UTTRUY,batch-2,active
DOS0A7LE9W,batch-2,active
N2ZTLK2C95,batch-2,active
DQI8O9T6FM,batch-2,active
OX2IYA5LRD,batch-2,active
CSVLCKIYHW,batch-2,active
M6BFOGJB7J,batch-2,active
RHASJX1HU7,batch-2,active
IDWV2K8YA0,batch-2,active
ZHAV90LBBB,batch-2,active
MOZSZSQ442,batch-2,active
VN8SJBR42H,batch-2,active
D0LRHYVXL3,batch-2,active
P7WS344HFS,batch-2,active
HQFQOMR26S,batch-2,active
MBPXC0962E,batch-2,active
RXZNWE5AZM,batch-2,active
0AAVC2OM85,batch-2,active
2Q3X6AW4UY,batch-2,active
OGD3ITVMZZ,batch-2,active
FP1OV09EVP,batch-2,active
RLFQYYJK62,batch-2,active
YS1RGOZTUI,batch-2,active
JI98WN8VNH,batch-2,active
I2EX6VTUEI,batch-2,active
7D8RAERWI4,batch-2,active
YO7C6QTI8F,batch-2,active
0W4T9H1WOX,batch-2,active
PKAHSLHJBB,batch-2,active
I8GPO4C0OH,batch-2,active
DH96QWM8QT,batch-2,active
7E7EQNBL46,batch-2,active
8OCA5S7C18,batch-2,active
GR1XGJ4SOL,batch-2,active
LKRU6QI8K9,batch-2,active
NQ79EAYOXP,batch-2,active
LU6O3XMM4X,batch-2,active
R3UP2PRC64,batch-2,active
LMIPEA5LM1,batch-2,active
WDMEYV1D0H,batch-2,active
KYYDL3YALN,batch-2,active
BSME43AKYM,batch-2,active
M8ROHCUDQU,batch-2,active
R0NPC1P1UD,batch-2,active
WZVDW79R2D,batch-2,active
SJ6FMJQ48S,batch-2,active
XQQZTMNP2B,batch-2,active
EE064ZJVYB,batch-2,active
EHDIQG73IA,batch-2,active
EZQNJGH34E,batch-2,active
IM6P2CPN00,batch-2,active
5E5H86MFXD,batch-2,active
H132TKP81K,batch-2,active
LFJBE315Z1,batch-2,active
INJ7NADBDM,batch-2,active
MD555WLRZI,batch-2,active
6DD4Z9MM71,batch-2,active
JPPQIWXW0X,batch-2,active
MMDR2748O2,batch-2,active
4YIH1QVPXW,batch-2,active
5XQFYICXO3,batch-2,active
FO5CGXMDRI,batch-2,active
QIZQ7OMNZQ,batch-2,active
RHM16YB14C,batch-2,active
KS28EW95Q6,batch-2,active
I3Y0Y8TZ16,batch-2,active
RGLPLQDPSR,batch-2,active
QE63LOOPOH,batch-2,active
B2OB2G5FF0,batch-2,active
LE4RD6FFX7,batch-2,active
O4ZQD68M0W,batch-2,active
ZMF8G8GKEG,batch-2,active
U37HMA51TW,batch-2,active
LJ57B3CF4G,batch-2,active
TKMZEMHWQ1,batch-2,active
2LNR7XD78C,batch-2,active
2ELIUE40T7,batch-2,active
UTZQ1LJEP6,batch-2,active
DITBD3VEN8,batch-2,active
E3BORD84FF,batch-2,active
8ASTZZWTPS,batch-2,active
MSJT7ZBJXX,batch-2,active
HYP6YOT1MC,batch-2,active
URD2053KBM,batch-2,active
1AIPK5MUD6,batch-2,active
YMRG5E9UMC,batch-2,active
BEE13MN2QC,batch-2,active
51BEP1RJGW,batch-2,active
N3W01PNFT8,batch-2,active
4ZW4WCQ25J,batch-2,active
YWIFFF4NXP,batch-2,active
X3LW033H91,batch-2,active
FMX91FWC2R,batch-2,active
M1M4UBSIU4,batch-2,active
RBM9O7N26G,batch-2,active
DQ4T6917YX,batch-2,active
4EFNCAO6DM,batch-2,active
9JVX3VUQHM,batch-2,active
E73VH7HR8X,batch-2,active
JB494J1S62,batch-2,active
P6SBXKVGIF,batch-2,active
IRTRTIZHZ7,batch-2,active
ECHSOSPAG9,batch-2,active
EMI0N2TI0N,batch-2,active
8WQX1R0GW8,batch-2,active
V9DM1C5J4D,batch-2,active
J2EEDT2M0K,batch-2,active
10X04KTG8W,batch-2,active
ZFSN04I8ZB,batch-2,active
U138ZCFTZX,batch-2,active
QDR4QI48T6,batch-2,active
I5OWW8YQN5,batch-2,active
KJYCK48B4U,batch-2,active
WB77FZTKMM,batch-2,active
B4Z51NMY58,batch-2,active
8RT13NZ738,batch-2,active
J27EDVRVQD,batch-2,active
7G597SVQOY,batch-2,active
UEMUDJNJXM,batch-2,active
YQG2ORIGGA,batch-2,active
9BXFOJAEJV,batch-2,active
6OOLZHCN0V,batch-2,active
JZTF7000NX,batch-2,active
ENU41RUBKR,batch-2,active
QBJKFEIUCS,batch-2,active
LDFCQWAJ5B,batch-2,active
G85BYNX9X2,batch-2,active
H67GYP3Y9O,batch-2,active
X2MM4MDU99,batch-2,active
NYGJWBJ9UN,batch-2,active
51NKV2OUIT,batch-2,active
XHKKVLQPSM,batch-2,active
WVY59GMZIK,batch-2,active
CVIAH5ZCT0,batch-2,active
GATTCU7Q6L,batch-2,active
9FVUU7QC1I,batch-2,active
DPKE319PE9,batch-2,active
V28GDTPSH3,batch-2,active
XPN8ARUAWH,batch-2,active
TP1NXK0P4W,batch-2,active
WF3CYZBK4I,batch-2,active
K0YKINP1LT,batch-2,active
CRAHZQ949A,batch-2,active
9TA83VW7YD,batch-2,active
AX4SME3KKC,batch-2,active
YG66B9LB0Y,batch-2,active
DJM2541S7Z,batch-2,active
RXL6HPWP07,batch-2,active
YVDBW803ZU,batch-2,active
1AF4YEIM9V,batch-2,active
NY80P67E9Q,batch-2,active
K7KEV5V6W0,batch-2,active
HAQXT3VWIF,batch-2,active
6K7F2I9D5L,batch-2,active
J9N8XFEW9Z,batch-2,active
LW25X4W9VH,batch-2,active
EWH5T4C7MW,batch-2,active
GK0AG29IKX,batch-2,active
OL0LVPB2MA,batch-2,active
1O3CN2XLRY,batch-2,active
9SJ95UTIKF,batch-2,active
9QEZIRE60B,batch-2,active
C7UFBUTOAQ,batch-2,active
0GA6XF7Q17,batch-2,active
8ML2A1RSYJ,batch-2,active
C3P9O5J53U,batch-2,active
MVZZX3OU9V,batch-2,active
7MBB5CH8SD,batch-2,active
HMUM79VLQ9,batch-2,active
DIK2XR63WU,batch-2,active
8YIYN4KJGQ,batch-2,active
QJN29O48PE,batch-2,active
8XLX72AHM2,batch-2,active
LW7CVBUND7,batch-2,active
1X9RAL4EPH,batch-2,active
U6GIP5L12N,batch-2,active
1H4KVW5LNA,batch-2,active
3N485VE9RS,batch-2,active
L85N9SKG3X,batch-2,active
7REH5QRWC5,batch-2,active
EB3I7XQ1YQ,batch-2,active
93XNMZ65QE,batch-2,active
RZQG0DNFO7,batch-2,active
W29WT3ZBIG,batch-2,active
164DX1RNT4,batch-2,active
5CHXD14XUH,batch-2,active
FQQTJPCVEH,batch-2,active
GGPMG4PBFC,batch-2,active
8TLJ9YYXVD,batch-2,active
M6BGQIA89C,batch-2,active
LVROLW0B6X,batch-2,active
696G6K6MV7,batch-2,active
DDMS92WIUW,batch-2,active
PCB9V34GUC,batch-2,active
2ZVY78MXXB,batch-2,active
O9QXG711JS,batch-2,active
5U4NSCYJLJ,batch-2,active
RMDGXZLW71,batch-2,active
UNVXKM0VSA,batch-2,active
MDUOU8M3ZT,batch-2,active
DRQYTLAUSG,batch-2,active
M7C00TPS6V,batch-2,active
I01MP72PVD,batch-2,active
WZCFU7PA52,batch-2,active
2NNTKZJK2F,batch-2,active
J8FCXWXMW7,batch-2,active
BPJTKZ2LEW,batch-2,active
XWCJKS3UHP,batch-2,active
9PV7JFDDPK,batch-2,active
090PSTDR43,batch-2,active
4IJJODJXFC,batch-2,active
A7G5AM8RL4,batch-2,active
FQSS5GVZW0,batch-2,active
UWM44X7W5F,batch-2,active
0M4XC9A7DG,batch-2,active
A92RLU9C9R,batch-2,active
TAKDPCTW9O,batch-2,active
4AHN19EUOT,batch-2,active
BSJ0D5I5LR,batch-2,active
1EBEXC5JEF,batch-2,active
1DBQXYGX2G,batch-2,active
JSJVGCTC51,batch-2,active
M512LQD0TH,batch-2,active
RQ1NH8AKX6,batch-2,active
N0E225S1IG,batch-2,active
D84LAFLKFT,batch-2,active
SMBVI7VLDW,batch-2,active
4KMGT3062J,batch-2,active
8TSTAK5DTQ,batch-2,active
E69PWBVNIK,batch-2,active
UXSGWFBQ54,batch-2,active
B4NF9O1GDR,batch-2,active
U7H1L2Z459,batch-2,active
V8UE9IMML7,batch-2,active
NFB232JY8H,batch-2,active
SO88OIKHWI,batch-2,active
DT7807MQSD,batch-2,active
STTMAUFWT2,batch-2,active
V85IJPIZ87,batch-2,active
ZU97WV4UMH,batch-2,active
IY8IIN6GMG,batch-2,active
DGX9GQ7EKN,batch-2,active
VM7YW26BQ0,batch-2,active
5YITV2SO1V,batch-2,active
RE70ICV43H,batch-2,active
XAQZQ72UT0,batch-2,active
FPVRSBPNDX,batch-2,active
28XYFS62DS,batch-2,active
NVSSLRJNDN,batch-2,active
XAQ7SFEO1O,batch-2,active
K0OR8PBF6H,batch-2,active
SC1QTIM0C5,batch-2,active
IMSFOGIO41,batch-2,active
IRFFIX06IW,batch-2,active
T7C5HS9V46,batch-2,active
PDVCHUWPGK,batch-2,active
UW5CVI7I0V,batch-2,active
XGNXS1YHVZ,batch-2,active
RA5Q0HDO4O,batch-2,active
AO8O4K8ZY8,batch-2,active
PM2VON7JX6,batch-2,active
S52N2193G6,batch-2,active
CMU2RDFZKR,batch-2,active
1KZCIBTA8S,batch-2,active
WR311FX69E,batch-2,active
XL5LC0KJUR,batch-2,active
IMAS4DLO3B,batch-2,active
GV1K40ZLA6,batch-2,active
932G06GNED,batch-2,active
UQ8BYTMQJO,batch-2,active
JZG0CQPLCE,batch-2,active
DQ7D6WP86A,batch-2,active
6JA82UHQV0,batch-2,active
PTXEUMMUBA,batch-2,active
N7NXIFC3E4,batch-2,active
S7FH1ZJW0A,batch-2,active
A9FFLJ2HSB,batch-2,active
U5RGF8XAFA,batch-2,active
DZJE22JCXR,batch-2,active
8L0WAPIDF0,batch-2,active
VB4OMGEU83,batch-2,active
P1AMIEQ154,batch-2,active
3KO8CWML8V,batch-2,active
T0LI65VHBD,batch-2,active
WQJWBI4Q5M,batch-2,active
K1ZHDDWEIU,batch-2,active
NSF0ZZX5CG,batch-2,active
HMJWQX9IBV,batch-2,active
SOXFJVT5GP,batch-2,active
GFF69H3VWP,batch-2,active
1EJOC3WHYT,batch-2,active
4OLV6M424G,batch-2,active
VKM99R2G8X,batch-2,active
OQQWD8HK0G,batch-2,active
7IMTA60UON,batch-2,active
G1NRM7NMJG,batch-2,active
EU8HB2PYNN,batch-2,active
V89BDMW81U,batch-2,active
V8I4JG61GV,batch-2,active
YUJFWYATYW,batch-2,active
YC07XJQ179,batch-2,active
1Z0WY0N22J,batch-2,active
21IJ7GMVI7,batch-2,active
Z0AJVNQQ9E,batch-2,active
VGT2BU9THR,batch-2,active
DFPRSPPFNX,batch-2,active
AJEGJ074C8,batch-2,active
HC84CNKHRI,batch-2,active
VZS0BURQBY,batch-2,active
HDF4QQ5CCD,batch-2,active
0JXV022D34,batch-2,active
2JT6BJYOLZ,batch-2,active
EN90BQTO8V,batch-2,active
Q5TYAJ4QUC,batch-2,active
NIDJ0ZJULA,batch-2,active
07CZS58EWF,batch-2,active
YGYYW8Q6F5,batch-2,active
XMQ9D4HTIP,batch-2,active
7U7Q4EFG5M,batch-2,active
PAXGZFHZ6Q,batch-2,active
GQOE81MI8C,batch-2,active
9CJQ7PP8DL,batch-2,active
7HYY3U1Y4H,batch-2,active
F1NT9QDV3F,batch-2,active
G4FSFIJ4YI,batch-2,active
PJNRY1CMDJ,batch-2,active
CUCWNRU6QQ,batch-2,active
R22QWVPGEH,batch-2,active
AX3YI1FQ9S,batch-2,active
I5F4H3OXEC,batch-2,active
OJVJ4NSJCD,batch-2,active
BZMR6CXHGP,batch-2,active
XE6W2Q7FH7,batch-2,active
6YOWGUVJWJ,batch-2,active
BO80QAXLZ9,batch-2,active
IRFYXDPQRW,batch-2,active
6A59ZKQQY2,batch-2,active
OV72PRR8BL,batch-2,active
PN299PG5RT,batch-2,active
57JI69VFX6,batch-2,active
5O7GZ8DMZW,batch-2,active
8SB7NLEOGN,batch-2,active
JPC6PA2BEB,batch-2,active
ZTKOXQK304,batch-2,active
ROT9952CB9,batch-2,active
PI1CXHVGJU,batch-2,active
Q436JOG1WI,batch-2,active
S6UXNY2WAX,batch-2,active
BKNDHWOHK3,batch-2,active
EFINMK4D5X,batch-2,active
YJOOPDN1IW,batch-2,active
N7M2KMDUQZ,batch-2,active
08IGPKJNBJ,batch-2,active
1EH4R86YZ7,batch-2,active
QPU2NB9K8M,batch-2,active
8C1SDXV5DV,batch-2,active
KEGJTAS5PU,batch-2,active
XVD9B1GP7S,batch-2,active
CZOTEVYSMR,batch-2,active
SDIF6FNGWL,batch-2,active
E1RAZUH4TL,batch-2,active
UGAWUUHSMH,batch-2,active
F8OP1A7LIT,batch-2,active
5YXEUI68Q1,batch-2,active
NY4CFG8SHT,batch-2,active
XVTRQI5ZKB,batch-2,active
RCRUH3OTDB,batch-2,active
2HNKE4INUP,batch-2,active
B58PWR2KPT,batch-2,active
F8Z8NRUX7P,batch-2,active
2873P3GMM2,batch-2,active
UTV5YTJ7X8,batch-2,active
1JUJKFEJJA,batch-2,active
CNW7YRPW0L,batch-2,active
VMKLD4ZGWY,batch-2,active
4XGNJAJ9ZA,batch-2,active
CYTQMORWXW,batch-2,active
6NWM4TA41O,batch-2,active
Y1E9FXM9LM,batch-2,active
TIAAJ54UYG,batch-2,active
ZMJ2NBBFPA,batch-2,active
1QFAKVGJ2Y,batch-2,active
6QGA8W9WUW,batch-2,active
X7MJVQAQGQ,batch-2,active
JPHNQEU84J,batch-2,active
QAT51EQ812,batch-2,active
3BQC5AYHQC,batch-2,active
X0N7Z5HJTD,batch-2,active
NHZ2CM2CHO,batch-2,active
7IOSBIUMAR,batch-2,active
OGKLCBMBSE,batch-2,active
TVGIISPNTK,batch-2,active
4S5C30ZD8I,batch-2,active
6R9IBO4CM5,batch-2,active
89D0W0TNXJ,batch-2,active
MJXCBG0VTH,batch-2,active
ZOLH33TNRH,batch-2,active
F17O2DARP2,batch-2,active
WMOIPYDXGJ,batch-2,active
I5E07A76A4,batch-2,active
TVY4TAS838,batch-2,active
AA9H73XGWN,batch-2,active
7B9NYQUYXT,batch-2,active
ZEWME52UBK,batch-2,active
1NYIJPBHXZ,batch-2,active
OUA8S7ZY4A,batch-2,active
0SFZA8192F,batch-2,active
FE58F6P8EP,batch-2,active
Z0BJZ942WD,batch-2,active
M13MXG2JAU,batch-2,active
3COD8QNB46,batch-2,active
5PZYIL5EJQ,batch-2,active
3YRCLXHTZL,batch-2,active
72OQOUOM6T,batch-2,active
1I5ZR49NTV,batch-2,active
90A4QKD20O,batch-2,active
K151W4OB6Q,batch-2,active
8591RZHNWV,batch-2,active
9SA4I1PZBZ,batch-2,active
O3JP6BDRN0,batch-2,active
2VJN4QESC7,batch-2,active
RFUGAZBXKX,batch-2,active
LTGIF1X60D,batch-2,active
0AEG9MWSTJ,batch-2,active
J50HPEMZ5N,batch-2,active
M442T0HW63,batch-2,active
0IZZYWOKQB,batch-2,active
45JPL172KK,batch-2,active
L71X7MVF61,batch-2,active
ESH05LHIDW,batch-2,active
3HWEOOWTCR,batch-2,active
VO4CSBFB8M,batch-2,active
EB23DT2I6O,batch-2,active
AQO0DURHQU,batch-2,active
367MCRWDUR,batch-2,active
TRHBL9EGJF,batch-2,active
CM34522UY2,batch-2,active
BAOOXVLEFB,batch-2,active
883MDOOHEO,batch-2,active
LXDP93W7DD,batch-2,active
4KNEKP132N,batch-2,active
AVWIOJXQFZ,batch-2,active
G4YVNJAR5B,batch-2,active
BLRQ1TXLGG,batch-2,active
IHXX5OUF8V,batch-2,active
89DEMRXUYW,batch-2,active
HXTNH746CR,batch-2,active
PV227TQSTZ,batch-2,active
7QZJKDR02L,batch-2,active
DJ7QDDRZST,batch-2,active
YR5WFAEWXZ,batch-2,active
MPE6DR27NQ,batch-2,active
F39GOIOYY9,batch-2,active
PN7LEVSEZL,batch-2,active
0LJ1IRRB0Q,batch-2,active
YHG2VQ3O15,batch-2,active
V3CALIQ460,batch-2,active
79QMJ0YK4Y,batch-2,active
NND864HX0C,batch-2,active
FR8RQOWM2L,batch-2,active
C5X34TC2NV,batch-2,active
8UPS9JHAGW,batch-2,active
R1XVA5MS6A,batch-2,active
MKZ5ESY2MZ,batch-2,active
4MEIZHITJC,batch-2,active
L8PDL1FYHG,batch-2,active
GGJ2D362TC,batch-2,active
QA7DVZUMN3,batch-2,active
DSP028ZFBJ,batch-2,active
FM0S84ZGZ2,batch-2,active
EJ7J0Y04ZF,batch-2,active
451WBOHMBP,batch-2,active
PF0TZUJWRR,batch-2,active
1NQAMGYQD8,batch-2,active
JMQM0NSHFT,batch-2,active
QWTVSY3FIT,batch-2,active
X08DRJ39N1,batch-2,active
LJQNBI3SYC,batch-2,active
8J5A07VDHW,batch-2,active
DFXJWW2P22,batch-2,active
P1A7YANZIG,batch-2,active
VED92PW2SJ,batch-2,active
QL9MEZYZ60,batch-2,active
KSCXN9N4AC,batch-2,active
MQMMQQQEMV,batch-2,active
1FUIA9PE1E,batch-2,active
GC4R85LSKQ,batch-2,active
UF40O4TMWH,batch-2,active
FX5Y5UZU2A,batch-2,active
S08DHTSKXU,batch-2,active
0EXMH5PU6Q,batch-2,active
9JODBZXMNS,batch-2,active
Y5LY6F8MJ0,batch-2,active
BYM1F1GH2J,batch-2,active
Z95DURH3HP,batch-2,active
NFC1TY77SK,batch-2,active
HVCKP4WCXX,batch-2,active
OBF1SM1KTN,batch-2,active
WENP88JPNF,batch-2,active
8EMPPUGM5Z,batch-2,active
IFCGGJCWFH,batch-2,active
F0A1F0A5NM,batch-2,active
0DNEV40EXQ,batch-2,active
GESE6QCDTR,batch-2,active
AE4UX4TDJX,batch-2,active
6M9FKUV181,batch-2,active
22M7PAXBGY,batch-2,active
7LS1XWOBJ7,batch-2,active
7T5J0HQRV1,batch-2,active
5VLEJWYFTU,batch-2,active
013PW5GKKK,batch-2,active
2CC9ROTLFP,batch-2,active
RVWGCX8LNL,batch-2,active
07PLKKO12F,batch-2,active
9Z38AWBVYL,batch-2,active
YORUDL410A,batch-2,active
K3BO6ZEGS7,batch-2,active
YYU36AMNAL,batch-2,active
5C3OAH46LL,batch-2,active
EQFS8K9FWF,batch-2,active
GSGAHB0VU8,batch-2,active
R7VHIDZRU0,batch-2,active
X8CHIK1X0L,batch-2,active
092MCWTC42,batch-2,active
1TOZSH552T,batch-2,active
HMLY83TTUJ,batch-2,active
YOTQTI53NG,batch-2,active
5TKOW6NNQO,batch-2,active
11FVXWRJ38,batch-2,active
4G08Q9ZL9M,batch-2,active
E5I91W1ZTN,batch-2,active
Z7MBR4DGI3,batch-2,active
VONMOGDV2M,batch-2,active
IS7B6452TP,batch-2,active
PQM4HX5ODO,batch-2,active
G3GDWL8NR6,batch-2,active
MTGRBQ8KIE,batch-2,active
9EWNBMJLK2,batch-2,active
5NUZMWLWJR,batch-2,active
MPGPZP35VT,batch-2,active
HK3JRWIGB1,batch-2,active
BHSBJI7JPW,batch-2,active
HY7FCDAFFA,batch-2,active
ZUN4ZVWLOK,batch-2,active
152XJXOEWT,batch-2,active
58399URJEY,batch-2,active
73N94QO8UQ,batch-2,active
KYHLMJQ4PD,batch-2,active
F42DGNT9HJ,batch-2,active
10KB170J93,batch-2,active
TEAYHZ5AGN,batch-2,active
8E4099KDIO,batch-2,active
F79DLO7Q8E,batch-2,active
NOFWHGXKGJ,batch-2,active
ELBO8FFWYJ,batch-2,active
UOCH3RJZL3,batch-2,active
JI47Z8C26I,batch-2,active
JLUIXEG3HO,batch-2,active
TESWIAWXHL,batch-2,active
CN4E3VD74Q,batch-2,active
1SIHXEZQIO,batch-2,active
IDBV1I91B4,batch-2,active
1Y5H6QM1IT,batch-2,active
2XS87I054P,batch-2,active
ARVL6U4X13,batch-2,active
6XO1FL48NJ,batch-2,active
8DD3OQZN6U,batch-2,active
0RYQTED7B1,batch-2,active
SDOQHF4YIS,batch-2,active
VZSZVLP86F,batch-2,active
VW1IJC9J59,batch-2,active
UYTJVP58E7,batch-2,active
WHTVK1156T,batch-2,active
PHLJUK2U2Y,batch-2,active
XZD16OTIMS,batch-2,active
KFW1FB4O29,batch-2,active
167E67AE6I,batch-2,active
39X2FZUV1D,batch-2,active
YBC23FL199,batch-2,active
N9GGFJGPB2,batch-2,active
GP8XPGTDZJ,batch-2,active
T3ZA1L33GW,batch-2,active
C95QYQ0HS8,batch-2,active
9YYEMY0G42,batch-2,active
G7MG5TVS4U,batch-2,active
68LWWW00Q4,batch-2,active
OPX5R6QUIW,batch-2,active
296ZW1GVFZ,batch-2,active
GHT1LGEWBF,batch-2,active
QXZEU2O5TB,batch-2,active
XULRQCXRUL,batch-2,active
3PX914EI73,batch-2,active
K7N5I76F9Z,batch-2,active
DAV3G383GF,batch-2,active
NQXNXWSWGM,batch-2,active
7BLCJKUSLK,batch-2,active
CJM1068XT0,batch-2,active
SOVGNM9JAF,batch-2,active
25L8LU6923,batch-2,active
NPFAKOML3A,batch-2,active
N4PX2VSZ74,batch-2,active
7Q3SW6JRMH,batch-2,active
2OL0MSQNRC,batch-2,active
KO6B5S242T,batch-2,active
ZTZZSD3IUD,batch-2,active
DVOQHNT4EJ,batch-2,active
39BRJ2ZSNW,batch-2,active
WGIVCZKO0N,batch-2,active
O835FESCNK,batch-2,active
42FVD5WD2U,batch-2,active
7ZJPAATQEI,batch-2,active
6FVYKXT77W,batch-2,active
475V4HLG1T,batch-2,active
4M5EOJFUNJ,batch-2,active
Y1KN8KC7WZ,batch-2,active
3FWVD75M57,batch-2,active
5ROCPMVAIO,batch-2,active
ASNTPDW4AO,batch-2,active
UN30POTZ3I,batch-2,active
7S31WOHLTU,batch-2,active
CJHOGBUSJ2,batch-2,active
D6VDSD40F7,batch-2,active
FPJ1L27X0O,batch-2,active
BIF0RCYWMY,batch-2,active
K5FIGG0V1X,batch-2,active
FHOWJ7NPQP,batch-2,active
8V73GUJ9WW,batch-2,active
OLW4V7T5J3,batch-2,active
339Y170RY4,batch-2,active
OW6IARE4QL,batch-2,active
0DF404YLB7,batch-2,active
K5BHD0NDNH,batch-2,active
OTHJDZD2TF,batch-2,active
32Z63Z1GBN,batch-2,active
J76PR7WD2N,batch-2,active
TIZIR4YPA0,batch-2,active
N16NH0686Q,batch-2,active
OSMHC8PQUT,batch-2,active
22MP4ROBHZ,batch-2,active
W7DJMB4YYI,batch-2,active
D7TWSLMY9T,batch-2,active
31Y4QXDYJ0,batch-2,active
NX558D9QSV,batch-2,active
X0WNEK6BQ7,batch-2,active
RXA5YFGJG4,batch-2,active
FEBTEHKTZW,batch-2,active
JBTLDQSUIX,batch-2,active
806K70U596,batch-2,active
IZJKVYTCFQ,batch-2,active
0XPFVEEFGZ,batch-2,active
6TWH88GD0W,batch-2,active
XU3SZWPJZ5,batch-2,active
H842LF21BP,batch-2,active
FUEQZ7QJQW,batch-2,active
NPAXCNI17W,batch-2,active
PW6B1UVCTW,batch-2,active
P60FYYMRHH,batch-2,active
QZJ5E8D3QS,batch-2,active
TX7LN4Z5ON,batch-2,active
N1HBM974H8,batch-2,active
40O3JELWOP,batch-2,active
RV3VXT8TXR,batch-2,active
TY8PQSKO4O,batch-2,active
HMXJ2F59Q1,batch-2,active
RTHWWZZ2YH,batch-2,active
MGZJ60V7IL,batch-2,active
1IUEFRNWXH,batch-2,active
LI56KL3HTO,batch-2,active
UP9LM7OJK9,batch-2,active
HHHIL6CUYJ,batch-2,active
HBX5VB9ILA,batch-2,active
05POP3QVHH,batch-2,active
PEUPDSZDW0,batch-2,active
5DXWWW70OR,batch-2,active
38FTZZEQX8,batch-2,active
GMO4GOR0HA,batch-2,active
H9I2FGSHI2,batch-2,active
RNMJ68JFRS,batch-2,active
62X9BNF41F,batch-2,active
ZOIO2UDYCQ,batch-2,active
KXHEW0EOUR,batch-2,active
LDF52WEWSZ,batch-2,active
OC319RBNV5,batch-2,active
PHJLGHWI4P,batch-2,active
4MBHUIEB5K,batch-2,active
8ADU6PH5D8,batch-2,active
GYP1S5HKP4,batch-2,active
A77BKDJZNA,batch-2,active
QE21VU4R0L,batch-2,active
YALTY6VMOW,batch-2,active
K4GNT6I2HC,batch-2,active
7FLCRN2SI2,batch-2,active
WJG4ZM1NV6,batch-2,active
OQTF382SC1,batch-2,active
0OSRJ2S1Q0,batch-2,active
Z3BKZVOCDT,batch-2,active
HLPG8UBTZL,batch-2,active
8XQ1958DRY,batch-2,active
CN0WAU6B9T,batch-2,active
TZAJ3689P7,batch-2,active
VUE2M6EKA0,batch-2,active
BKE66I5K22,batch-2,active
Q4LP70IWMY,batch-2,active
LDD0ZBN383,batch-2,active
4A4AAVBET9,batch-2,active
UR8AJSLZ8N,batch-2,active
TI0DNAWV6N,batch-2,active
A5X4VLDKBS,batch-2,active
T8KS75DNJC,batch-2,active
Z2AKV8RVE6,batch-2,active
F5402RI9XW,batch-2,active
EMUGGIZL09,batch-2,active
Y8Z6GXFY43,batch-2,active
59AFXFXHTH,batch-2,active
DUNJJHJ601,batch-2,active
7U04KE8MOA,batch-2,active
EH65RHRTVB,batch-2,active
XE33JEIU7Z,batch-2,active
1PXLV5ZMPL,batch-2,active
MDH91IC8S5,batch-2,active
PGTADFJAB3,batch-2,active
OYDIPUBP3X,batch-2,active
UP30EMUJTJ,batch-2,active
RPI9Z4A27O,batch-2,active
25QOGXLC2Y,batch-2,active
YM5J8SREBT,batch-2,active
UYQU684OZ0,batch-2,active
NDGO085F04,batch-2,active
KSO7G7CO3Q,batch-2,active
FC4MMA0VV1,batch-2,active
JF7CZ3FXPF,batch-2,active
Y5YZCQEOAW,batch-2,active
C81GZT920U,batch-2,active
8AOUOH5KRM,batch-2,active
DCCCIJUW21,batch-2,active
QKSTAYZ8DB,batch-2,active
88S0BFRTDE,batch-2,active
IZNAOMW7GW,batch-2,active
VQEQ3BG2TT,batch-2,active
5BBNIU7PCU,batch-2,active
U9ARXIB0QV,batch-2,active
IYKA1NAG3K,batch-2,active
T0WC89AQPH,batch-2,active
P5CPBGC83J,batch-2,active
R1A7E1VQ1J,batch-2,active
5C1E1Y6SW8,batch-2,active
PZL1TVFIG1,batch-2,active
RL42ZIRNK1,batch-2,active
9LFJFP9SJG,batch-2,active
JOQQGQL9M1,batch-2,active
N0F51GVFUL,batch-2,active
LK1YL653FW,batch-2,active
ZJCNHR3HTC,batch-2,active
54KBJ7K00H,batch-2,active
QRPQGDHCZ6,batch-2,active
CXAB8XBVA5,batch-2,active
WQC16EY7BH,batch-2,active
3D7CWKBHCS,batch-2,active
TRBAARS506,batch-2,active
90PDMEHOTE,batch-2,active
RXMSMMJCWE,batch-2,active
IDWBBT5DJ2,batch-2,active
EOCJEUPX9Y,batch-2,active
H182QELUBJ,batch-2,active
1AW26C7QQJ,batch-2,active
U5GD7BSCOT,batch-2,active
EECI8MCNTR,batch-2,active
7ONXGG1O7F,batch-2,active
HXUPFZ89AT,batch-2,active
F58582UOQ5,batch-2,active
UOAQELV8IL,batch-2,active
2LCOKCDZE6,batch-2,active
JV7OCYYJD1,batch-2,active
CQ98QF2QPB,batch-2,active
R9LKHA229T,batch-2,active
8LENH27XM0,batch-2,active
PW1HL428Z6,batch-2,active
0VNTVS0PXS,batch-2,active
7L024W09G6,batch-2,active
HUL35W03X4,batch-2,active
MMT5MSE9G7,batch-2,active
8B0UY7Y03S,batch-2,active
T8YL9DDNBV,batch-2,active
1LATPVHV6P,batch-2,active
FXU68YVS5W,batch-2,active
5AHUV3PULV,batch-2,active
DDIW8C6VMV,batch-2,active
MA9T0FPVIZ,batch-2,active
LSGBMI8LWO,batch-2,active
Z89V0PR6Y0,batch-2,active
PEULNXF80Z,batch-2,active
LKPKRXUYEO,batch-2,active
QQ8F8QL7GW,batch-2,active
V0VPVOQQK3,batch-2,active
AJVKKTLXQR,batch-2,active
O6LYUY9S58,batch-2,active
YLD49XHW2E,batch-2,active
NEII4QOLIB,batch-2,active
2I0QE4PRJA,batch-2,active
ROHJJKW9EK,batch-2,active
EBA626D1U7,batch-2,active
IPUZQ33KKC,batch-2,active
5H77OL2X3T,batch-2,active
ZZ0CWAKA1B,batch-2,active
ZTGQAKLH5F,batch-2,active
XW045JBRHC,batch-2,active
7SGEJWBYGJ,batch-2,active
FDD91KARYB,batch-2,active
0QLFUAIF5V,batch-2,active
6WMTO0Q7JD,batch-2,active
E1UK8BR5PI,batch-2,active
NQX2NQIIS6,batch-2,active
1MSZ5SK5QM,batch-2,active
3CFQX1A5MX,batch-2,active
O2YY050UM5,batch-2,active
UNXH4YBFJR,batch-2,active
GV9TWB9L44,batch-2,active
7LFID8VPND,batch-2,active
WH5ASMFZBO,batch-2,active
WDM3KBG3WM,batch-2,active
D19AB97B0H,batch-2,active
L7DD7O3H4N,batch-2,active
BWGSURQO4V,batch-2,active
7DM0ZTF7OX,batch-2,active
CAIGEZIK5S,batch-2,active
D9V10AQSVT,batch-2,active
J3O07K5STS,batch-2,active
1KA5K1CAEQ,batch-2,active
4UVSTIRUEV,batch-2,active
APQ5PHVKPP,batch-2,active
MLRQNECNOD,batch-2,active
8R08X6SJIB,batch-2,active
I6CHXWNA1L,batch-2,active
4FMMWK3RP3,batch-2,active
8EZ14KUV20,batch-2,active
EX43YHGGNU,batch-2,active
4IVD76IG5G,batch-2,active
AND0EHV9PW,batch-2,active
YJVLBSHBMH,batch-2,active
CLJ590V5I3,batch-2,active
W4SWBPYGLH,batch-2,active
8U0MOY5I7P,batch-2,active
GG02CP2KD8,batch-2,active
JQAD6DN47I,batch-2,active
IRW9L87R9O,batch-2,active
EFUHKYUGXW,batch-2,active
ZW7NQ3GYRF,batch-2,active
KJ6MWV2IAD,batch-2,active
VJHFNZ1UVP,batch-2,active
CQGJC4B6E4,batch-2,active
WJAW690V7A,batch-2,active
N650P2MYDU,batch-2,active
11Q85CZ2OX,batch-2,active
2NZTJ13Z71,batch-2,active
AWWXSDHCVB,batch-2,active
ZX5QXVZE00,batch-2,active
7E3R13QNXR,batch-2,active
R5IQRGUIFK,batch-2,active
NPVZ5L5MZ2,batch-2,active
K7IZRCJZZY,batch-2,active
46KZI419MJ,batch-2,active
SZJL07489H,batch-2,active
WWVFUAGQEB,batch-2,active
G5TYEXFR67,batch-2,active
C5XILNW5KW,batch-2,active
6M0LMLPNHS,batch-2,active
HS3T6E6SQE,batch-2,active
ZPOZ5I4EJI,batch-2,active
2J7DJEPDEC,batch-2,active
OFFJDHIH4E,batch-2,active
2TOY9HVJAE,batch-2,active
K5W2D8KF3S,batch-2,active
TIK9FYINTR,batch-2,active
49DBW1C3QU,batch-2,active
K0T8RI3J23,batch-2,active
31I6KON71U,batch-2,active
FBIR99KR5K,batch-2,active
WESNJCJVSO,batch-2,active
IO9OUOSK9K,batch-2,active
6KGMDQ9DV1,batch-2,active
R0ZECAQV6I,batch-2,active
HHFQA7K5R4,batch-2,active
MY6HMB98PO,batch-2,active
DZDAIL13FL,batch-2,active
UJHZUZQNZN,batch-2,active
B862AJ6CSN,batch-2,active
B68WPYHROX,batch-2,active
2YSF45ZL43,batch-2,active
OZJBXTV3AE,batch-2,active
9VK3NTYF7F,batch-2,active
XR8FWSTF0U,batch-2,active
F2F2RC3UVJ,batch-2,active
11D0D5DVYS,batch-2,active
KWNELCE7ER,batch-2,active
U0VPV9V61S,batch-2,active
OUZHA6X9AU,batch-2,active
3EEL2WW7KY,batch-2,active
H8OCPHPDML,batch-2,active
D0H8PRR9Q0,batch-2,active
U6CVHADMYX,batch-2,active
I9HM6W2UQD,batch-2,active
2J4FJUW1XA,batch-2,active
9O7ETMCSV5,batch-2,active
67TANPFFB6,batch-2,active
R8CDBYJIOM,batch-2,active
ZKU5NVCL1K,batch-2,active
KDM2Z2OA7N,batch-2,active
096PWU1S9J,batch-2,active
KORFI83S2R,batch-2,active
IU99CNH0JX,batch-2,active
F1OWI1Z9Z3,batch-2,active
RUYIZ66H2O,batch-2,active
03SRAPEA6U,batch-2,active
PJ62B938V1,batch-2,active
BRYWZG8BEI,batch-2,active
7YUP9IAVAT,batch-2,active
VNENNJJVAT,batch-2,active
TLOTCXPVHB,batch-2,active
6BKR47TA7U,batch-2,active
VU9V00YQEY,batch-2,active
J04YWNA090,batch-2,active
F4N4SAR8WD,batch-2,active
GKDPRT094A,batch-2,active
L4BWCNUW9P,batch-2,active
978WPO6LOW,batch-2,active
SKLWV0UGMS,batch-2,active
6NDOKDLLE5,batch-2,active
DW6H6F9W27,batch-2,active
GPSG5E3BFI,batch-2,active
10YYVVTK3N,batch-2,active
0Q2NTHG678,batch-2,active
H8Q692M8OD,batch-2,active
KK0VMK244L,batch-2,active
QE7IMUC6GE,batch-2,active
S97PHTHDFG,batch-2,active
T4V3E5A8TW,batch-2,active
C0QWL1C1CO,batch-2,active
4WN287N9RH,batch-2,active
BSMPYR2NMI,batch-2,active
SVRZXN83BR,batch-2,active
FY0QR48CSK,batch-2,active
Y099FRY39L,batch-2,active
CAKIT99K0M,batch-2,active
ZTWJ9L71SC,batch-2,active
GP6C5MSXAX,batch-2,active
M4KBXQ6G92,batch-2,active
0ONTGVB2PU,batch-2,active
1RWT1BZBJ5,batch-2,active
WB3NCHHJL3,batch-2,active
LD1I40JHSJ,batch-2,active
SOTWRUB7Q6,batch-2,active
7KVH7DHMFH,batch-2,active
Z9UM47BHWZ,batch-2,active
TV3O68J89E,batch-2,active
7C47782MG5,batch-2,active
DFEVF87F7B,batch-2,active
T9CBCK7DRM,batch-2,active
7MVFJPFFJ8,batch-2,active
V3DG23WUNT,batch-2,active
EM1Q8DOD7O,batch-2,active
3OZE2LGXFD,batch-2,active
QWHBNFH7ZP,batch-2,active
7RK45ZZPV6,batch-2,active
2T3BH7C6Z6,batch-2,active
AYTAIGD3M6,batch-2,active
P832KNNJWL,batch-2,active
ZSMUYOW4N5,batch-2,active
74JG0SA3A8,batch-2,active
6X4VO9HPTY,batch-2,active
RC4Q1MEF8L,batch-2,active
4TWZVF562K,batch-2,active
MCG4VCJ3KE,batch-2,active
Q7TVYP7TYE,batch-2,active
01JOMI939N,batch-2,active
RSPVMOHPBD,batch-2,active
LX3F0ND7FR,batch-2,active
AU50UKEL7A,batch-2,active
MNE7WMZFWJ,batch-2,active
PNLV4HUE6C,batch-2,active
51IMUCYGCF,batch-2,active
P2KK7NQEYX,batch-2,active
42628VXMFL,batch-2,active
9F8U34E5H4,batch-2,active
WDORHN262A,batch-2,active
QMG7PFPQ8P,batch-2,active
P7HLDHU7OM,batch-2,active
P8PXSTY4ES,batch-2,active
8AFS1QPOKD,batch-2,active
FEBX4DMHIQ,batch-2,active
SJ7ECYEJKA,batch-2,active
G5ZU84ZK9Z,batch-2,active
J8R9N266ZX,batch-2,active
3Y7CVHBBNN,batch-2,active
PZ3PUBS9TN,batch-2,active
VRK3JTFVPS,batch-2,active
B8JZDI1BIS,batch-2,active
PMTRK8FGO0,batch-2,active
O0Z30V1HRF,batch-2,active
C2QV4ST29B,batch-2,active
0A6A6QLZTV,batch-2,active
8OR12IDXZN,batch-2,active
KW33PSEHLI,batch-2,active
ZZSY381LVA,batch-2,active
2PEHZRYHSQ,batch-2,active
XZ8MLISMV0,batch-2,active
3MIVSO1YCB,batch-2,active
7526KI36LL,batch-2,active
A0EKQ0QEK7,batch-2,active
MQGJP20DMC,batch-2,active
63EKGLVN4Z,batch-2,active
MJI0QRTV47,batch-2,active
7NRMLCUWYT,batch-2,active
WR78H7PZBE,batch-2,active
2E96PJJJ3C,batch-2,active
64WLYSL987,batch-2,active
LETS53Q9CO,batch-2,active
JW4NAXHE0D,batch-2,active
1HDTAW5M67,batch-2,active
AYB6OXOK6P,batch-2,active
KFDW94FC0O,batch-2,active
NL6D18JJM6,batch-2,active
4RYCHQDMGF,batch-2,active
03W3A7UCA6,batch-2,active
K6T9K1BE04,batch-2,active
F8HYI62NF0,batch-2,active
GCB5KO3U33,batch-2,active
RPJ5BW2SZ1,batch-2,active
MDM1WQC4PR,batch-2,active
XYHBT4SOP7,batch-2,active
3QMW45BOZ0,batch-2,active
MICD6WKLLR,batch-2,active
CIATAFLI5D,batch-2,active
37PEO3POQ6,batch-2,active
7GO7TW47SC,batch-2,active
111JO4BE5C,batch-2,active
8GTKGIKFCC,batch-2,active
IEHDSOGEE7,batch-2,active
7NGC39E3KI,batch-2,active
EOXWZOZRCE,batch-2,active
12INW6IC9R,batch-2,active
33N6XB7H8V,batch-2,active
O56XFRJQPE,batch-2,active
J0IMFDK0WZ,batch-2,active
38GQDP2VUI,batch-2,active
NO1SRMUJB9,batch-2,active
MV7FTL4QVX,batch-2,active
W4M50YX63R,batch-2,active
PWZWKLV5KB,batch-2,active
TEDNOBQO7W,batch-2,active
87HKUC8P2W,batch-2,active
0O7PZZW0KF,batch-2,active
CH7IZU0ILD,batch-2,active
WRDXIMV9JH,batch-2,active
3Q714VN842,batch-2,active
HW60CFNC5V,batch-2,active
ACXR63MS90,batch-2,active
A81E1B4C9S,batch-2,active
ZO6LJQEHKV,batch-2,active
LNT4XSTR1V,batch-2,active
OZPHALAZBJ,batch-2,active
H7NZ43FB8T,batch-2,active
8BKR31QQUQ,batch-2,active
1C61LGWKMJ,batch-2,active
F98A77U89E,batch-2,active
TWBZ3IZBCP,batch-2,active
VHM9FQ5DHV,batch-2,active
U991VER7UQ,batch-2,active
G39N8DE5GN,batch-2,active
NMR76INIEM,batch-2,active
ZJFOXMMZ6X,batch-2,active
711BN91F7S,batch-2,active
XC7CWY30EQ,batch-2,active
RKOFAED8HV,batch-2,active
C4ZJC5L3GV,batch-2,active
CD54HGAO0O,batch-2,active
5LP18PNZXI,batch-2,active
4XGVOI6WHY,batch-2,active
5Q0ZBOSOY8,batch-2,active
6LAFD7ML2K,batch-2,active
GK7FKWQIS2,batch-2,active
HV9ZYKWC96,batch-2,active
L3E4IC2Q95,batch-2,active
XHKO4F7PD2,batch-2,active
8SF2W5CEN4,batch-2,active
OPTN796OLQ,batch-2,active
7GYEQ45ZGR,batch-2,active
HWLP5U88TM,batch-2,active
0Q2BB0RPNL,batch-2,active
0P63ZLVP2H,batch-2,active
2VZ4DZI6ME,batch-2,active
L0N3OWLVDU,batch-2,active
X8WSSVRLC4,batch-2,active
14EU869A3K,batch-2,active
L4UG0B4MR2,batch-2,active
WS44QS1JGM,batch-2,active
E2WSVA4X23,batch-2,active
PUW8RB5Y24,batch-2,active
2NI1NNDJFB,batch-2,active
E960F6GUV6,batch-2,active
791QD5CNMJ,batch-2,active
THWSP08C6M,batch-2,active
6A0IFXD8SN,batch-2,active
1LT60K5MGP,batch-2,active
VTIQ8J2UXS,batch-2,active
ALTP5PW2XY,batch-2,active
B888QHM1ZA,batch-2,active
5TIW0UOMTQ,batch-2,active
AM9K0XG9Y9,batch-2,active
YWXMU25XU6,batch-2,active
HFW3J9EUF5,batch-2,active
MELNQLR1YY,batch-2,active
N4ETDTXKKK,batch-2,active
UMN3YTTADD,batch-2,active
45K7MMXQGI,batch-2,active
XOYCMLHPE1,batch-2,active
7Z1GTK2GML,batch-2,active
Y7TU4I0Z2J,batch-2,active
19PJ1XT3NS,batch-2,active
9EPPXLH6YU,batch-2,active
GO040VQAGI,batch-2,active
3AV71J82EO,batch-2,active
0UX27ASSXV,batch-2,active
AR6TUOO9MB,batch-2,active
C48O4UXU36,batch-2,active
MQUR9ZY3W1,batch-2,active
52VK73W4K0,batch-2,active
Y1O7BZJX9N,batch-2,active
8YZ74545YQ,batch-2,active
5YZQIIL2V2,batch-2,active
CODIT3J3ZO,batch-2,active
ZZ23ZJJVTX,batch-2,active
RXOP7JKCIN,batch-2,active
GL7MHL0HG2,batch-2,active
GDZSI9OD3W,batch-2,active
Y05560XICH,batch-2,active
94M9RPFLSL,batch-2,active
48V3MJR65B,batch-2,active
AEQCZAZIQ8,batch-2,active
BSHW75FIQY,batch-2,active
UUIYZYI3NC,batch-2,active
ZZFMZOUKH7,batch-2,active
MRYUM5JTOT,batch-2,active
PYREXYOXD9,batch-2,active
NQU3Y68QK7,batch-2,active
IPJY63MHP0,batch-2,active
5RUESDSYC9,batch-2,active
WC66CCO1AZ,batch-2,active
92QCJ9ZNFK,batch-2,active
457NEU04A9,batch-2,active
CDOHZZW50R,batch-2,active
HNVMQRVZ73,batch-2,active
9COQ8LFM2X,batch-2,active
5EEZ1VBLJC,batch-2,active
C5OZQKF6YB,batch-2,active
6FCTFW13HT,batch-2,active
6HBHPI54MR,batch-2,active
M0V5TXCT8Q,batch-2,active
TYQCRMMBLK,batch-2,active
HTLJH6ZDMU,batch-2,active
I7W651Y1WF,batch-2,active
7X7Z2FTCYS,batch-2,active
TZOD15S52R,batch-2,active
FOK8WWBDLC,batch-2,active
CMVKN1NJYU,batch-2,active
T0XCYS4FKX,batch-2,active
31ILEOFMAU,batch-2,active
QWM5FXVLX2,batch-2,active
PBAF3GBC29,batch-2,active
HG12RNC930,batch-2,active
NKYLT9LKQ4,batch-2,active
URP8F2J0UN,batch-2,active
5SZCTJRWUC,batch-2,active
LW4XLGX5MA,batch-2,active
XJSPW1O5PF,batch-2,active
M7A536QJXA,batch-2,active
9VH9F2W9OA,batch-2,active
RMAVPZJ53T,batch-2,active
SL5JWN1S8Q,batch-2,active
PGGPMEO6U7,batch-2,active
D8NDAADUR3,batch-2,active
0HTF5QPRVP,batch-2,active
1BKAFGE2SN,batch-2,active
TY74VOR54J,batch-2,active
DPFZK4IAAW,batch-2,active
MMR3DKQJAQ,batch-2,active
1E2R1BAXFZ,batch-2,active
1819QQVNNY,batch-2,active
OA4N66E8V9,batch-2,active
2T3G0B4GHK,batch-2,active
G3FFOJZV5Y,batch-2,active
4JAVBDIQAO,batch-2,active
UDEIK95PN1,batch-2,active
UDJ7AHPZB9,batch-2,active
C5ESEUHHT1,batch-2,active
Z1FR7GLSRV,batch-2,active
7YC95FX1AB,batch-2,active
MJ93W7K2G2,batch-2,active
DIP85Z8IMZ,batch-2,active
WJ8U7TU2FX,batch-2,active
H7J1MT999I,batch-2,active
SHARF6DVHZ,batch-2,active
D54M4H12E9,batch-2,active
MHR8SFHYP3,batch-2,active
6BURKA6DGJ,batch-2,active
PSSM0UOLWW,batch-2,active
4KKQTD482W,batch-2,active
63XVCGI3GN,batch-2,active
XFGE0C9KF2,batch-2,active
OLAWK5ONX1,batch-2,active
1R0OSNDWBM,batch-2,active
W3ZRK0CESB,batch-2,active
GG5IW6YJHN,batch-2,active
7ZVRZ9FT12,batch-2,active
RVBL6SZYFL,batch-2,active
VUCDDE2276,batch-2,active
X6SMEHQLVN,batch-2,active
1YLKKTDS2Q,batch-2,active
QHLVKEFGV0,batch-2,active
TM9D8FE7HB,batch-2,active
SOX1LFPCLZ,batch-2,active
R9RAVSCFUU,batch-2,active
5EG9HRZB2K,batch-2,active
R5WFRZZ569,batch-2,active
C98WF26XDP,batch-2,active
KVA9UIL7WH,batch-2,active
5NW0F5B7BM,batch-2,active
VGAL6OD57O,batch-2,active
GRCPJZSU07,batch-2,active
ZPZKH2NP3C,batch-2,active
FCIFIPGNW9,batch-2,active
E271PMWEMW,batch-2,active
LHRRFJT3VT,batch-2,active
T6IBYD6ZR4,batch-2,active
AKXU7UHQ57,batch-2,active
553ZMNM1I3,batch-2,active
E4HAN3TZ22,batch-2,active
LKSV4EJYCC,batch-2,active
QNV40F0NRK,batch-2,active
U77DDFSRKR,batch-2,active
0E3SY9CBEF,batch-2,active
5FMSFUQF3Q,batch-2,active
F2EDAAOVZC,batch-2,active
H7ZAI4MS1T,batch-2,active
EC2E6E2DUL,batch-2,active
DRWTUENUOC,batch-2,active
BOFM9P01U1,batch-2,active
8A1I3LFP3A,batch-2,active
AIVA9HK5KF,batch-2,active
DRA6Z7LD6B,batch-2,active
C6M2R65RBN,batch-2,active
C2ECGLHYZP,batch-2,active
TCTJ679WE0,batch-2,active
CPOKNN0LNV,batch-2,active
9TI6X7Y3CL,batch-2,active
793CJ32ND1,batch-2,active
DWI4DR6ITQ,batch-2,active
XGPA0T8LQD,batch-2,active
DVBND5RSQD,batch-2,active
DR83FS3ZMF,batch-2,active
96S37Q9L4M,batch-2,active
RMZ4D77B0H,batch-2,active
F52R9I2865,batch-2,active
RK9YMB1K2D,batch-2,active
LPLX99GC97,batch-2,active
6UNLK23TH3,batch-2,active
CJZ9QC8LFT,batch-2,active
LJVB37EPWR,batch-2,active
U0VTYBW8EC,batch-2,active
12GQEDIRFD,batch-2,active
VUZ25NJ5TZ,batch-2,active
TP9PYEAM8B,batch-2,active
L78HE3ORZM,batch-2,active
9PK2HSK4VA,batch-2,active
3FKQ4U72YB,batch-2,active
MSQKYDGZUW,batch-2,active
JFDUU43L9A,batch-2,active
VOT27ZF6YL,batch-2,active
WT2FAJO0LU,batch-2,active
82YBST0S5A,batch-2,active
8RNVIY6YTS,batch-2,active
GPJU027BAG,batch-2,active
AT58NJHC9Z,batch-2,active
FYE0V32NOU,batch-2,active
4ZLWZ7VDXV,batch-2,active
H3W56X1UKV,batch-2,active
SBB0SN42HV,batch-2,active
76XSBTSRTW,batch-2,active
KRYUUGWUXY,batch-2,active
WBER5KUTJ4,batch-2,active
D19TNJRGXD,batch-2,active
H3P3LU4998,batch-2,active
V0K13336CF,batch-2,active
DDB04960BF,batch-2,active
SLZAP8DQ1N,batch-2,active
W9YV71LUDT,batch-2,active
D6SYNNGCBU,batch-2,active
YB1EGDPBDD,batch-2,active
WXYNJHJ6X3,batch-2,active
YXGWBGYU1W,batch-2,active
KURN4KTUT7,batch-2,active
NUMB40VJY0,batch-2,active
XSODLX620P,batch-2,active
MCLSE9FJFM,batch-2,active
AQYPMEDAM5,batch-2,active
4YO1H4O447,batch-2,active
W563Q3W2O0,batch-2,active
4YLECB9ZR9,batch-2,active
L38MXGIX8J,batch-2,active
34ZNOYKLHX,batch-2,active
CLUOZ9QIDV,batch-2,active
Z0LVF6SGYA,batch-2,active
0HUHA95KRA,batch-2,active
J7HZGIUEZB,batch-2,active
ICBVUJP5KX,batch-2,active
K0X0C2KCCV,batch-2,active
NLPWI3QZB0,batch-2,active
TMLXEMWAJW,batch-2,active
HACKTXD39O,batch-2,active
M1LZRBT5W8,batch-2,active
VLKCAWIDZS,batch-2,active
6B7VBWTHY7,batch-2,active
I422O45FWJ,batch-2,active
IV048VCJ9Z,batch-2,active
HZ90HJOFCP,batch-2,active
2M83T5Q6H8,batch-2,active
R8SACVT1VJ,batch-2,active
JL9EIPCIXS,batch-2,active
3UVFU81KB6,batch-2,active
5QESD1M385,batch-2,active
IWWHC2FJDY,batch-2,active
VMX583LJCI,batch-2,active
PHRUE1454X,batch-2,active
4X8R1V2LBF,batch-2,active
RW70SXGYST,batch-2,active
VU82IGBEDI,batch-2,active
A5A9GY5U97,batch-2,active
TCPQ1GWP2N,batch-2,active
LOOPJ7HRL0,batch-2,active
79SEEBY91A,batch-2,active
WVMUCD8OPU,batch-2,active
DM6SM7UPDK,batch-2,active
DHR41L7VGU,batch-2,active
H83YA80ANG,batch-2,active
SXY2J0T8WA,batch-2,active
R1E1UJZE1P,batch-2,active
PZVA6FGNZ5,batch-2,active
OACPSBS2WY,batch-2,active
DW6N4EPWAV,batch-2,active
NUOQ0OXTAA,batch-2,active
1IMSA56XIT,batch-2,active
V9FYIBDHLR,batch-2,active
URZSQ0IDHT,batch-2,active
EZG54DOPY7,batch-2,active
8DM04AZURW,batch-2,active
BDEVLMKYXJ,batch-2,active
KB1XBER0CY,batch-2,active
S0AGDHHY1S,batch-2,active
6XI7TXZKF6,batch-2,active
RGAYX6ZXH4,batch-2,active
QT4LY0RIKH,batch-2,active
9JFWRU4FM0,batch-2,active
PST6FZ07D6,batch-2,active
G9LBAF0ZSN,batch-2,active
XE0BHQDM0O,batch-2,active
0J5V2QQGAR,batch-2,active
JXJUBTHOVD,batch-2,active
G675CFJEG4,batch-2,active
ZQIWXJ4E1B,batch-2,active
JHBLZ9WKRF,batch-2,active
6MRS1BPVIE,batch-2,active
T2Z5WIYENE,batch-2,active
LJCZ8IH3QG,batch-2,active
16XHI2HJZG,batch-2,active
I8IZLF4SOP,batch-2,active
ILCMR3ZRB8,batch-2,active
UREI8N070S,batch-2,active
P0XSFRL4XV,batch-2,active
PUAKU53CLV,batch-2,active
QGSIC48OKC,batch-2,active
LDY2DZDXGC,batch-2,active
RT6JQSTASP,batch-2,active
S26ADSCZQQ,batch-2,active
BDMWKHENKT,batch-2,active
0IO1XLXJMA,batch-2,active
VA1YGH8X7L,batch-2,active
58X50ND8O2,batch-2,active
O6D7J123E6,batch-2,active
LCFL2M0RRL,batch-2,active
WMJO1HD5ZB,batch-2,active
CXCVDB0BE8,batch-2,active
5YDWIX1BFT,batch-2,active
I9QHOVA08Y,batch-2,active
SGQUEN34TI,batch-2,active
KP1KO7YHVX,batch-2,active
FJY07JRHKW,batch-2,active
I0MT8LZVTM,batch-2,active
9E914YN5D2,batch-2,active
Y5I2AGBWCD,batch-2,active
2PH507CF6W,batch-2,active
Y56H1PEA7R,batch-2,active
P2C10WEIH5,batch-2,active
1TV2LF4EDZ,batch-2,active
C6EJE022YG,batch-2,active
82K6TOACQ3,batch-2,active
R9ZKGXB627,batch-2,active
5548CJ69TZ,batch-2,active
YF1J0D95H8,batch-2,active
SFAC2E82DX,batch-2,active
4UN7X10QGB,batch-2,active
WZBQOBXQI2,batch-2,active
E0S9C38G9V,batch-2,active
3J70O85R1B,batch-2,active
EV33C7W22V,batch-2,active
US3RQDZXV1,batch-2,active
WUWF7DN7HL,batch-2,active
6AA8DCHW1E,batch-2,active
DZ0GQM2GUM,batch-2,active
W3P50EIJWK,batch-2,active
N1CM6YGURY,batch-2,active
23AGF2BLGE,batch-2,active
LE7WE27D3W,batch-2,active
1XK11PHK5A,batch-2,active
U6B2WTSKIG,batch-2,active
GKINYKNZA7,batch-2,active
UFE8PY1NBF,batch-2,active
20QF6FD01G,batch-2,active
HCV52SYM8L,batch-2,active
Q7FE1GRQQA,batch-2,active
MW4JG86GV9,batch-2,active
WHDVJL5ENX,batch-2,active
4CR713MV2A,batch-2,active
Z7I8HEEPWW,batch-2,active
94POHL9TPE,batch-2,active
O8XRVQPJES,batch-2,active
TIBC09AX0Q,batch-2,active
HM08PFGCZA,batch-2,active
1SP0SY6PYN,batch-2,active
CALE5T4WSZ,batch-2,active
6000591FF6,batch-2,active
6KI95NNSA8,batch-2,active
R8PBVQ2YLL,batch-2,active
6G43K1V25W,batch-2,active
Y0GCKJTZYK,batch-2,active
RNZ8JSCPPS,batch-2,active
NYLR1WW80P,batch-2,active
QOVJKXBSPH,batch-2,active
CHRHN6FMJL,batch-2,active
JJWUBOWMS0,batch-2,active
NF007LMDXV,batch-2,active
SZ5KTHZ0GL,batch-2,active
7Y1GJ14761,batch-2,active
TN7LOT7WGZ,batch-2,active
0EQPKM993F,batch-2,active
0A0R6YF51W,batch-2,active
5W6PCURUVY,batch-2,active
F1FK9CIHKC,batch-2,active
OQ0R02CLIC,batch-2,active
IOBB5ISCOK,batch-2,active
P587MT4P01,batch-2,active
IU48UX6J50,batch-2,active
TIBDB80E86,batch-2,active
JDJR7JA0K8,batch-2,active
IEL3WB6LP5,batch-2,active
3XRSHYJ7E4,batch-2,active
MG2IEC4ZXJ,batch-2,active
9KMZ930B51,batch-2,active
H9TFXL1ORI,batch-2,active
DT7K3DQ9EZ,batch-2,active
ESF14XKR1K,batch-2,active
9111KJA5BA,batch-2,active
YQJBAVFYSH,batch-2,active
SEU91OIMKH,batch-2,active
Q4I9MLWAC6,batch-2,active
PE6PZ36THI,batch-2,active
4SIOERRVF1,batch-2,active
48KOWDFZKS,batch-2,active
YSPKLIUYG0,batch-2,active
71G7MG8MQU,batch-2,active
5P0ZOYSXZ8,batch-2,active
2DG2WI7J9D,batch-2,active
1I626POOAV,batch-2,active
8YI7BSL7WD,batch-2,active
F0XS7QIIB0,batch-2,active
V40TXVUS94,batch-2,active
SQP8AE9SRU,batch-2,active
4P0ETP5NT6,batch-2,active
LZBVNG0WO6,batch-2,active
EYJ191RK6I,batch-2,active
22LOP3HQOX,batch-2,active
NXABBJWCKE,batch-2,active
0GLTR2H9LG,batch-2,active
LP84W4M5NP,batch-2,active
2FI15L51XZ,batch-2,active
XOB0784KY1,batch-2,active
VW7VPCVFZU,batch-2,active
JZ7I9WYX0U,batch-2,active
ALGR63FVVO,batch-2,active
YNMS7FWSZ2,batch-2,active
91R8ZDGSO3,batch-2,active
MYNDHPC94L,batch-2,active
1KRC0NY5ZI,batch-2,active
O4QLMYGAE0,batch-2,active
0N2MHWNQOA,batch-2,active
OE3UWKR2AM,batch-2,active
GXGF5TLVI6,batch-2,active
TA3M29AZNV,batch-2,active
LRHYTX2Y9W,batch-2,active
06LRQEJV9L,batch-2,active
5ZHIYXYTDH,batch-2,active
T750KDM51Q,batch-2,active
UKK12MS8KF,batch-2,active
IRUD0SSQV1,batch-2,active
R0CKCAOOYI,batch-2,active
5B4488QBH1,batch-2,active
OL3GGEXUXV,batch-2,active
2LGLRXVJ1G,batch-2,active
G3514I9YRV,batch-2,active
ZZLMIAHLNB,batch-2,active
956SD2A5VK,batch-2,active
HHQBXZ5G5D,batch-2,active
VEU1PSD8H1,batch-2,active
3D96HRBN30,batch-2,active
7LHG6NRN9F,batch-2,active
1BNAEZOC76,batch-2,active
X6S42VPTHS,batch-2,active
Y66UOWZDOH,batch-2,active
26HDZVTGQR,batch-2,active
6RL3U27LEK,batch-2,active
IHETUSURBU,batch-2,active
BP5ATOWRXA,batch-2,active
EJ1LT5933L,batch-2,active
DGB253K379,batch-2,active
XYFXXLZ4TB,batch-2,active
7DGTN0JF9K,batch-2,active
284NKMRQQQ,batch-2,active
IZKSJTAZT3,batch-2,active
3ZG4PIIMQL,batch-2,active
MPEKSHG4HY,batch-2,active
XL2WQ0PAQK,batch-2,active
UPCC6P5EO8,batch-2,active
8E7VHK50UU,batch-2,active
LRTQX8L4V9,batch-2,active
N8YEILHMP1,batch-2,active
M1919EX0TM,batch-2,active
2E56HCLJO2,batch-2,active
41UXWR0H2H,batch-2,active
3OGN0YM110,batch-2,active
IMK7IKCV7O,batch-2,active
9RFHG1HTXC,batch-2,active
WD2J4ZDXJ9,batch-2,active
VTEGGLZBUV,batch-2,active
ZJ8BHQSPKS,batch-2,active
2FSUIPWRLP,batch-2,active
E5GJBBNLFX,batch-2,active
N8WE5E6643,batch-2,active
HKAZSQXCRV,batch-2,active
VU8QFF3K8H,batch-2,active
7H1K16YVBZ,batch-2,active
OKKWJ3BOW7,batch-2,active
IIRG9XQX7B,batch-2,active
0KMRRS95C0,batch-2,active
Y0AGJM5GIR,batch-2,active
GJ8T9N1OBN,batch-2,active
7OYOTR9N4Q,batch-2,active
F6U93BOVM8,batch-2,active
C8UVDQE3TH,batch-2,active
Y04N466FRF,batch-2,active
DWM97ZG1ED,batch-2,active
KBLI84RTDJ,batch-2,active
NIC9826US0,batch-2,active
DS1OT1CYJD,batch-2,active
3I4TTL47H9,batch-2,active
Y7ZOY2WR7Y,batch-2,active
PAZQYMUPJV,batch-2,active
I1NSKXFA60,batch-2,active
62I95RMT8M,batch-2,active
2RJHZ2SMOY,batch-2,active
MFFJ1W5A0A,batch-2,active
H3SI6021OV,batch-2,active
L3Z81CSFKE,batch-2,active
88RKTWNE4J,batch-2,active
4JSEEM68CQ,batch-2,active
M5R8R7PJB1,batch-2,active
88VHIQQODH,batch-2,active
JMBJ932XC7,batch-2,active
1QDQN7ZV66,batch-2,active
9PNVSEDM9F,batch-2,active
14XJRZOIWF,batch-2,active
ZZDIC01KQ0,batch-2,active
7WE4LK7U5Q,batch-2,active
H8XV7YKGU2,batch-2,active
LG5WMP4CXL,batch-2,active
UMEFK30M3Q,batch-2,active
ADPYU5O4I7,batch-2,active
ZV1AGXF76U,batch-2,active
L3XDHLLCT7,batch-2,active
BKMGI1O4XI,batch-2,active
MPC61N7WLC,batch-2,active
G38FIHUBMG,batch-2,active
4SD2HKZCZS,batch-2,active
LD684A6BHD,batch-2,active
OKUYIS25LL,batch-2,active
PMUUOJ30BM,batch-2,active
4CZYTT3BZ6,batch-2,active
TXKHVIQRVJ,batch-2,active
2ZTVXTCASN,batch-2,active
09KSQU16JH,batch-2,active
R2NLXKEXNE,batch-2,active
REC8GCKWSI,batch-2,active
JSB7MG8ELD,batch-2,active
5AB1JFG0WG,batch-2,active
MA349DR6TM,batch-2,active
7GSVWH67GS,batch-2,active
52RW1YLMRF,batch-2,active
TBWB3NUQFL,batch-2,active
2QFQ6VPPA0,batch-2,active
1ZMW0P7UCG,batch-2,active
4DYZ6PTZTX,batch-2,active
LQA5XV0NZ2,batch-2,active
P87FBN0P0K,batch-2,active
VVL2DDQVDS,batch-2,active
HUWLLJ6CPU,batch-2,active
TZSAO45P0N,batch-2,active
KZ848D1Y5Q,batch-2,active
ENDITDNCWV,batch-2,active
MZMZUFKIYK,batch-2,active
JWSSPMZSZE,batch-2,active
94KF4FBSMW,batch-2,active
C4W58QRH7Q,batch-2,active
IBW2XLXNND,batch-2,active
072XEI1AWT,batch-2,active
YF3AD5VY8S,batch-2,active
G79AGYTCSN,batch-2,active
MIHWK3C6Q0,batch-2,active
PCKUWPRH60,batch-2,active
ZOAVHYD1PL,batch-2,active
0KLCJ1TG6H,batch-2,active
BMWLLB0CU0,batch-2,active
X20DCX61EC,batch-2,active
91J8DJQQE2,batch-2,active
K6QPLVQ9EN,batch-2,active
TJ50ISDJTP,batch-2,active
1N8IT0MWUD,batch-2,active
CHRXDMYGB9,batch-2,active
6WRFIVTOUQ,batch-2,active
WLM6CVR29S,batch-2,active
LHU7RA1V95,batch-2,active
L230TRR2O9,batch-2,active
QK7DDGGGLP,batch-2,active
CS5SCHUGPC,batch-2,active
GQ7CPABSSP,batch-2,active
5YGT3QRCKI,batch-2,active
V9A3C7CZBC,batch-2,active
KIWFU3XQ0V,batch-2,active
N0FYJDLUCT,batch-2,active
HLHMKCJOCZ,batch-2,active
SSS5PEDS9N,batch-2,active
29ZVT7C2JF,batch-2,active
PZLDVE4TL0,batch-2,active
GRRPQR4LY0,batch-2,active
00J47P3ZLC,batch-2,active
4FJRTM2SHW,batch-2,active
FZXNHLCVO3,batch-2,active
XR2PMW2O7N,batch-2,active
MZGXEWJDRQ,batch-2,active
54AP56ZRMS,batch-2,active
3K0MMB9PP3,batch-2,active
RY1E7MIQ7R,batch-2,active
UT2JKQBZLK,batch-2,active
SPAB06WCZ2,batch-2,active
NP6FJNMBL2,batch-2,active
NTF3F2JFER,batch-2,active
U43XR469XV,batch-2,active
NSUT8MQWNC,batch-2,active
S4MQKU24F1,batch-2,active
FXV74DC2H8,batch-2,active
IPOBY796BR,batch-2,active
9O0BYY060D,batch-2,active
QCYC3YXO1M,batch-2,active
J6AEO3IJMI,batch-2,active
IBXPN1K7A8,batch-2,active
Y1KGWKA2PZ,batch-2,active
TM7Z84PYKO,batch-2,active
Z6CY5NZYO6,batch-2,active
36MAECIWSH,batch-2,active
372YPNC5YJ,batch-2,active
WCGJRSRR4T,batch-2,active
8P1JU6ULXH,batch-2,active
ML62S3BDYH,batch-2,active
G2D8EW8UOM,batch-2,active
VCBBHZULYM,batch-2,active
DHUNWFMT2F,batch-2,active
TUAHTYWRQS,batch-2,active
2AC2197ZMQ,batch-2,active
RL3PQZ8LH8,batch-2,active
BDRSA34QJ0,batch-2,active
R9AMJ8HS40,batch-2,active
AGDBUNR7SP,batch-2,active
4LCXM5V6PW,batch-2,active
0JT8ZAW3T7,batch-2,active
XBLTQJWN6E,batch-2,active
3DTCPL5L0Y,batch-2,active
5BKIL7ZT7Q,batch-2,active
ZS0PSOAR2N,batch-2,active
09GYR503QM,batch-2,active
IY91J9RMXX,batch-2,active
QWTE2X2J0V,batch-2,active
ORBK3BM0QU,batch-2,active
OO6ST8I0ZQ,batch-2,active
WVG8M1FI8X,batch-2,active
X4XFAJCA0S,batch-2,active
N6UO25U8ZJ,batch-2,active
RPDHSS24U4,batch-2,active
N845LQLARL,batch-2,active
IHXTAKK9ZO,batch-2,active
CE7BSUVWCO,batch-2,active
MX0KNEQUET,batch-2,active
ZCCLTWQHVY,batch-2,active
DXTJNGXYPY,batch-2,active
8RA50WP1E7,batch-2,active
3JFX64F5XO,batch-2,active
9ZVB4XC2D5,batch-2,active
UCCDY06TQ8,batch-2,active
RQ8T0DXQG0,batch-2,active
DOS8ZMYIDR,batch-2,active
QFAAYQ3BND,batch-2,active
MZFX3Z3UV3,batch-2,active
17Y8TNDCA5,batch-2,active
1J0D2SEA3Q,batch-2,active
4938R9R4KI,batch-2,active
KFO3UU4WSW,batch-2,active
JCC17S98D4,batch-2,active
N27336E0V0,batch-2,active
EFUX8BKC79,batch-2,active
22YXQ9LSY3,batch-2,active
WLXZTN6YJZ,batch-2,active
BEJNB51N61,batch-2,active
AO6RAXWCUX,batch-2,active
30ZFS61MWU,batch-2,active
APX1S1SYNH,batch-2,active
IOOLC1083R,batch-2,active
7QT9959ULS,batch-2,active
S7CWNGXZZF,batch-2,active
1L4YLAGO7U,batch-2,active
KWDZT1B5X4,batch-2,active
O7PW79MIHW,batch-2,active
ISQBQH5F7H,batch-2,active
PCRO8TSJPD,batch-2,active
UHSOOGA1WM,batch-2,active
CB6LFJ4LE8,batch-2,active
L65FXJ39VP,batch-2,active
EYVRGS04CS,batch-2,active
3W31KSDBZ8,batch-2,active
DUZWJ906F4,batch-2,active
QPLZB5YI4Q,batch-2,active
3BJCHG6OR9,batch-2,active
0UNSWUG1XI,batch-2,active
AU9N0ZQW5F,batch-2,active
8G6URIX2IA,batch-2,active
TIXPOYWZYH,batch-2,active
R11QBSDHLR,batch-2,active
HQXVH8T1FA,batch-2,active
NLNFVWSVFE,batch-2,active
RQ4HKUVL8F,batch-2,active
55HJHBBNG6,batch-2,active
85DFVX945Q,batch-2,active
0MDD8LXU6W,batch-2,active
Q2LOAXPIGA,batch-2,active
Q5WBHFX27L,batch-2,active
9IH6BDR27T,batch-2,active
RXT8W5JY2S,batch-2,active
132MZC8KZ3,batch-2,active
4KQK7HTCHD,batch-2,active
II4CGQZH7F,batch-2,active
Q92EAPN2QW,batch-2,active
2KFPV7YQ3Z,batch-2,active
KLVHYODSDQ,batch-2,active
4PAW6W2BER,batch-2,active
BMCL9G9CO5,batch-2,active
9IYSDP41KI,batch-2,active
6C1KOC8NH4,batch-2,active
TCWX49S88J,batch-2,active
YLSBWKVB3B,batch-2,active
657X0QL404,batch-2,active
UT1SOVW84J,batch-2,active
EZ7IMU2NHB,batch-2,active
LXY8NC64JI,batch-2,active
T6C17IJFU3,batch-2,active
ESRYTOGJRF,batch-2,active
E0IUHKMXOW,batch-2,active
6UDTD7SGVM,batch-2,active
3HKABE7NXE,batch-2,active
Z9ZH2YCSZT,batch-2,active
4UK4UJCIF2,batch-2,active
7MDLHULHV3,batch-2,active
D3TTNZ62HV,batch-2,active
YKE9EQ317V,batch-2,active
QM2O9DFUT9,batch-2,active
8GZTL39ZH2,batch-2,active
XIOH9KSL8U,batch-2,active
HTWX7NFZ4P,batch-2,active
Q0UFTTW5VN,batch-2,active
WVUE0V9W5R,batch-2,active
67G9PUK4SZ,batch-2,active
JF4YZN8FII,batch-2,active
HSSB61AXEZ,batch-2,active
9IDGTR3OPB,batch-2,active
RNCWNG680G,batch-2,active
CNUV0RJBO8,batch-2,active
UHWJSO3PN4,batch-2,active
8X08UC590E,batch-2,active
WTZABLNOO8,batch-2,active
O7A25NO3MC,batch-2,active
VM9E7SYPUT,batch-2,active
6NDDS2B05A,batch-2,active
FBXDJQCRR1,batch-2,active
IU4L9J0H43,batch-2,active
SFR6AW2FUC,batch-2,active
67XR047D9C,batch-2,active
GWPT5B6MIJ,batch-2,active
REB2LZS7ZK,batch-2,active
BTBETGTSOE,batch-2,active
C3CGB4J33E,batch-2,active
OD60R95SRC,batch-2,active
8WA5STDM4D,batch-2,active
WLCGHNXOC2,batch-2,active
H8Q54EPBX8,batch-2,active
W8I4STXWAP,batch-2,active
0RF3RID3FL,batch-2,active
8KYDIQF50J,batch-2,active
GV95ZUAJMM,batch-2,active
04UHNNOZP6,batch-2,active
13O8LGZE4R,batch-2,active
UHCYWYI271,batch-2,active
I3NTLMIQI0,batch-2,active
8MXTJ1ZIYX,batch-2,active
WP1BG8LM8K,batch-2,active
38ERY7UYNL,batch-2,active
YNAK652A6D,batch-2,active
AYMHJSU7CT,batch-2,active
JJVSWJCBXI,batch-2,active
6MI002HU45,batch-2,active
KQ17BQUKX8,batch-2,active
TLGX7KAOVM,batch-2,active
KMD0GXAQXL,batch-2,active
12SRRN8GQY,batch-2,active
QWWQ1502NL,batch-2,active
2R3W5L5TAV,batch-2,active
ZFYHO1E4B1,batch-2,active
74AXCI9B1V,batch-2,active
0M4JAU3QKZ,batch-2,active
EE414RQ9X3,batch-2,active
VY8T0SRNSD,batch-2,active
2CAO9Y2VH5,batch-2,active
9T32CXX21L,batch-2,active
7NNW11FHO1,batch-2,active
2P8N7ZK2WA,batch-2,active
8Q0XE734MO,batch-2,active
ODBYNG0Q0V,batch-2,active
X1D7JV3J4S,batch-2,active
E9JRTSN60I,batch-2,active
Q1D6L19VA9,batch-2,active
VZ5CZ7PPAF,batch-2,active
5X5TEC0PTO,batch-2,active
0G1ZHZZJ03,batch-2,active
AXPXQLF6Q8,batch-2,active
AZABE5KBHO,batch-2,active
IOWHXTCBUL,batch-2,active
HMDIUQP058,batch-2,active
PGB0ZWRRT0,batch-2,active
EYPOXKPMEJ,batch-2,active
IN6WCBIUJ9,batch-2,active
DRDMVLNE6U,batch-2,active
4W8OUE38X7,batch-2,active
P9C9JAIECX,batch-2,active
HILM9206X2,batch-2,active
EAVP2OOHBA,batch-2,active
M18NTPV7TV,batch-2,active
3TMAE9LVI1,batch-2,active
7JDB6OSUZB,batch-2,active
UYWBZ4EQ7F,batch-2,active
9E36GQLY1X,batch-2,active
K2KLPBC98W,batch-2,active
H7JCJTXIFD,batch-2,active
EFMJ0MPUQP,batch-2,active
0DXSE9E377,batch-2,active
XP4XXB9HA2,batch-2,active
ASM3NE7GND,batch-2,active
P37JONX0MF,batch-2,active
6O2OZ2TFDR,batch-2,active
NM9YGT633C,batch-2,active
T3VZF8CTFN,batch-2,active
CX5L3LLKT9,batch-2,active
45HDYY8QG2,batch-2,active
QGOILYIHW0,batch-2,active
JO4FPI9DP2,batch-2,active
9CLTXP8B2N,batch-2,active
1KYBGJ5C3W,batch-2,active
TAEAHX9J8Z,batch-2,active
XEOYQF7COY,batch-2,active
RMMDN83B99,batch-2,active
M32E5LV38J,batch-2,active
JWSNPOHBY4,batch-2,active
7JVXKBWOY2,batch-2,active
NZTAUP2NAX,batch-2,active
VLAM2PHU5H,batch-2,active
33KAZ43AVP,batch-2,active
FVZCGVEYTE,batch-2,active
JA1Q412950,batch-2,active
FM4H4H2GRL,batch-2,active
QIMKUAE8LV,batch-2,active
CCRD59G5TL,batch-2,active
SIKDYY8SVS,batch-2,active
AOXRGNNJYN,batch-2,active
YB33B5LAKK,batch-2,active
BZ9TIFEZAN,batch-2,active
L5MQIQDCGM,batch-2,active
9C9HYR14G3,batch-2,active
M8RQZAHAIQ,batch-2,active
ZYEWQFYKT8,batch-2,active
44E3Q4V9KH,batch-2,active
ELEYYX7PXA,batch-2,active
QZJ51JJKPB,batch-2,active
O14ZKU8LZ3,batch-2,active
XSXNO6186X,batch-2,active
8TU2VJEYV5,batch-2,active
6IVERGFNP9,batch-2,active
EGS33U8KDT,batch-2,active
PCU5PH3ARM,batch-2,active
JWE0UM58B3,batch-2,active
BBMTKQKXA9,batch-2,active
UG6E53QJME,batch-2,active
DKO9KVNSCB,batch-2,active
UPW2U6W7XH,batch-2,active
X7TIBQMOP7,batch-2,active
L4KNZ22DIG,batch-2,active
0ZKB9YC10F,batch-2,active
8D7AZZ8MH5,batch-2,active
HRVTBGR5BT,batch-2,active
FEGHR5X6XO,batch-2,active
PIZ0HCM9XR,batch-2,active
4BVSPNT09Y,batch-2,active
E0BGM3LODH,batch-2,active
XGSU5AVARF,batch-2,active
YR0QD5VVND,batch-2,active
BKXB5GJWBQ,batch-2,active
TXCM8F0S6T,batch-2,active
Q44PB70OLF,batch-2,active
ZE5H5V7KAC,batch-2,active
MW88JHHHVC,batch-2,active
1TGDWBC7AH,batch-2,active
70TP3ZVUQ6,batch-2,active
RJ8W3JAFYU,batch-2,active
3V09VK5P4S,batch-2,active
SREE40QJUP,batch-2,active
JZ2C54SJMZ,batch-2,active
QTD77FW47F,batch-2,active
EGREMVIYTA,batch-2,active
7L0S2OHNXU,batch-2,active
GQNXIZQR20,batch-2,active
73HCPC04LV,batch-2,active
PSNSXORRSK,batch-2,active
U3Z0YKR61Q,batch-2,active
EQF8PQ0BTN,batch-2,active
K7Q4GWPX4F,batch-2,active
4HQ2L4G1Z7,batch-2,active
3FBZSRPCGH,batch-2,active
7IX8AZR92B,batch-2,active
03RGBF0XBH,batch-2,active
5TSYC4DBA4,batch-2,active
F623LHOAR9,batch-2,active
D96X74Q1PD,batch-2,active
DLLQR9IYA1,batch-2,active
5MB5B4KBG8,batch-2,active
V147ARRJO5,batch-2,active
QNEDBUYVXN,batch-2,active
ZLWPZ9WXDQ,batch-2,active
BXMHCVW966,batch-2,active
LTG8DPKFZ8,batch-2,active
7S681R17TS,batch-2,active
YLFGW4AV5H,batch-2,active
67GFGV9NWA,batch-2,active
C6EMLHKXM8,batch-2,active
ESGK4XK0PI,batch-2,active
WUMB2395YX,batch-2,active
JWDUMXYJ35,batch-2,active
5MKYOK36UG,batch-2,active
JB5676J73N,batch-2,active
QRI4WVIGZG,batch-2,active
CBHF3QKFI5,batch-2,active
1R2E84CDIU,batch-2,active
SF9W61DCN7,batch-2,active
0POJ6Y1JHY,batch-2,active
HWFTHU7TUE,batch-2,active
MLZ8U6KXXW,batch-2,active
97YG2CBLIA,batch-2,active
YSI01ILR9U,batch-2,active
IONAUPGXXT,batch-2,active
ZM1X9SUPEH,batch-2,active
HY5CGWJNCX,batch-2,active
CDP3E8VT19,batch-2,active
SKTGXHX4KM,batch-2,active
L7VEI7RC2Z,batch-2,active
78I0BB8FSI,batch-2,active
H4H20KK8ZG,batch-2,active
M0U4L4WED0,batch-2,active
IZB8E1NVFL,batch-2,active
XUM4FQ3SGB,batch-2,active
PKLO2KWEP2,batch-2,active
36CSGJEC54,batch-2,active
FUGWS8RI45,batch-2,active
1OZCVV6G82,batch-2,active
U0DDPDLNUA,batch-2,active
57AX7PJTKS,batch-2,active
9FNF03I9MN,batch-2,active
IK2TM2WOE3,batch-2,active
0C0U7P6BS1,batch-2,active
LMUM10ML6D,batch-2,active
LCWN1BMROO,batch-2,active
W9UPHAW31T,batch-2,active
ZBNCZN0IAX,batch-2,active
CP50MKMZAK,batch-2,active
KOEDAD3A2X,batch-2,active
1DFK3WPR25,batch-2,active
BQIQ856JZ6,batch-2,active
9YNAYJE5BG,batch-2,active
UD8X5MQZQ5,batch-2,active
FL7PUWGK55,batch-2,active
1VZAFWYVSP,batch-2,active
AJI0XKSUNB,batch-2,active
APUR5619TK,batch-2,active
5RMLROXRJH,batch-2,active
WATFDJCSHJ,batch-2,active
KAZIY8N66R,batch-2,active
GROVAUMV32,batch-2,active
FTF6JLGJXC,batch-2,active
TBXGFLA5JE,batch-2,active
A5B7UT6UJP,batch-2,active
EREYQL332I,batch-2,active
0UMSVX7EXR,batch-2,active
4W84H8V3KA,batch-2,active
160QQ9GTQJ,batch-2,active
3Q1W2D2UIL,batch-2,active
XHF6P8BP8T,batch-2,active
XYDMNXO96T,batch-2,active
273LVRTEQ2,batch-2,active
UC0QUT0YT0,batch-2,active
DW7YUUO97I,batch-2,active
B175K18B8B,batch-2,active
G54TKJ287C,batch-2,active
I5MHULGIF2,batch-2,active
GSNA4XS02U,batch-2,active
YQV8RWYDO5,batch-2,active
MQLUJJW8IS,batch-2,active
4BEI5Y77I1,batch-2,active
1V27BSISMH,batch-2,active
5RD9Q5QJ6G,batch-2,active
0FDG9CTO1S,batch-2,active
8LIJFXYVB1,batch-2,active
REMT0HRAPI,batch-2,active
ZNOU6URNWX,batch-2,active
K6RAKIX3Z8,batch-2,active
O7D5HBTIQH,batch-2,active
5UG4VLOFRU,batch-2,active
F6F3HQ2PVK,batch-2,active
8LEY3U6VGC,batch-2,active
PB7UP7ZWVP,batch-2,active
T1LZUWOR5F,batch-2,active
LWTZZO0RT9,batch-2,active
DRPQY9W7CC,batch-2,active
Z8011ZY8BP,batch-2,active
FWU76XN57W,batch-2,active
K0PHU64JF5,batch-2,active
RVUVH161J7,batch-2,active
6JN7BXK7GF,batch-2,active
ZTQ2AMDNHZ,batch-2,active
8TWAVE8A0L,batch-2,active
I6LIGM35KA,batch-2,active
3IUSMB146T,batch-2,active
H6MGU2IU07,batch-2,active
8C9PYNP7IQ,batch-2,active
6HWZPK9KPR,batch-2,active
SMWUMELZDY,batch-2,active
NRL1RK8YPQ,batch-2,active
Z0BHX643J7,batch-2,active
HXLIBFCGIL,batch-2,active
HCMLN4LLBW,batch-2,active
0KQ6BATSKO,batch-2,active
VJLJOU2MKG,batch-2,active
48GQ7K10CL,batch-2,active
SCKZ6DZXZM,batch-2,active
ET7O0AM4PZ,batch-2,active
V6V57OZ45K,batch-2,active
R2JGEJJMPK,batch-2,active
DAHBYFZVHP,batch-2,active
8VAO6UZ9AR,batch-2,active
S2KXH9B4TG,batch-2,active
YY1EDG6O81,batch-2,active
BABVYL8EFX,batch-2,active
207OGCP4FD,batch-2,active
DXJMPFJWWY,batch-2,active
304W0AU2E1,batch-2,active
OAWEEOO3IL,batch-2,active
SWI4Y6DJIO,batch-2,active
9B6QBC5W1E,batch-2,active
FJQFJXMK8Q,batch-2,active
0TBC75G2C4,batch-2,active
8VWB6IT8KG,batch-2,active
VYL82JBVTL,batch-2,active
ME1WLK9GSI,batch-2,active
ULZ0CZ0F9A,batch-2,active
6AETYVQTI4,batch-2,active
LA7UQTFRC5,batch-2,active
8EV4MTO6QV,batch-2,active
P3UQOJHARD,batch-2,active
I71SAWDAIM,batch-2,active
JHUFYAH8WS,batch-2,active
PHRETPL2G0,batch-2,active
R9848QS292,batch-2,active
JQJL912MMX,batch-2,active
GYRARGK55W,batch-2,active
23RBDXJUQU,batch-2,active
OZ8CJ9OZB9,batch-2,active
Q49X1SRXQP,batch-2,active
ESGI2FYSYY,batch-2,active
X8N9ZBQDHK,batch-2,active
KB7GK6UPZZ,batch-2,active
D6DKNSVIW6,batch-2,active
8DTQA5O4U6,batch-2,active
YDIS0RV00R,batch-2,active
EJHMR19HWI,batch-2,active
BYZL1C3SE7,batch-2,active
8GIUWI0ENM,batch-2,active
4TKDX3SW1R,batch-2,active
S8ATMV4H0X,batch-2,active
2NJFML2R8L,batch-2,active
Z3Y2W4ZETU,batch-2,active
2Z141KIO24,batch-2,active
A64YPLV0B1,batch-2,active
6UKQYFSJ9S,batch-2,active
QLJBR3KHNJ,batch-2,active
KQ5TE6DC4J,batch-2,active
35ZMUKFZ7E,batch-2,active
7AKFOUBKPS,batch-2,active
RUFVV381ZD,batch-2,active
2L822TSU25,batch-2,active
M7I6WONFAK,batch-2,active
KCX4HDAHS3,batch-2,active
GSGC59ACKP,batch-2,active
9QALKAN5PV,batch-2,active
LC1L6Z75HS,batch-2,active
VUEO3GUEWA,batch-2,active
4KPADFJTV1,batch-2,active
EHMUQ24N5N,batch-2,active
NYTKHX68DP,batch-2,active
EJY5U67HWP,batch-2,active
4WD4HT7R4S,batch-2,active
WVAQEGA0UY,batch-2,active
0WHUCTL205,batch-2,active
EVXK0QFRAI,batch-2,active
K28QZN75BP,batch-2,active
8O00K8PPFH,batch-2,active
QJP96E6DK5,batch-2,active
9CWU4XV765,batch-2,active
BX3NCTEYNC,batch-2,active
TILMXYXIRN,batch-2,active
LBUWBUF263,batch-2,active
UOCJ7TP2PW,batch-2,active
ES3UACEN90,batch-2,active
SRK908JYLQ,batch-2,active
YG03Y8ZMIF,batch-2,active
E33YG92MSN,batch-2,active
3882VHHJ9V,batch-2,active
XPKH5HTN8Z,batch-2,active
6FX2UJYPTV,batch-2,active
66PO93CF0W,batch-2,active
GD9A39MGUY,batch-2,active
TU5HJALPI5,batch-2,active
N7M9A7UMHG,batch-2,active
2UNCZOZWAJ,batch-2,active
70BV2K5EVD,batch-2,active
F4P6DB66E6,batch-2,active
TY3CRRABME,batch-2,active
8N67F6J9CQ,batch-2,active
P1XKYLI7WW,batch-2,active
5TX9WBHXST,batch-2,active
RAVKLPOCZU,batch-2,active
LJEB2A3T7V,batch-2,active
W5N6NW0KIQ,batch-2,active
YHT773XVU1,batch-2,active
E7SIW036Q0,batch-2,active
ZKK5R7FNEW,batch-2,active
MNJHOSPDA8,batch-2,active
KF5LW3FP58,batch-2,active
J0T5KFPJTR,batch-2,active
4H4H3ZCJ9G,batch-2,active
JUKL9OY82Y,batch-2,active
6SGHBTVQNK,batch-2,active
P4M9368TE6,batch-2,active
EBT31EJN3T,batch-2,active
NTMPDFEHRN,batch-2,active
2TNNCVVGZ0,batch-2,active
915FB109GI,batch-2,active
0MIDX79L62,batch-2,active
BEXNDVXOXG,batch-2,active
XWDBBRB1AZ,batch-2,active
ULQA8T8EFO,batch-2,active
XQSMCBE3ZP,batch-2,active
POKHNQHSXJ,batch-2,active
USAJCEOQUR,batch-2,active
NT9R9IHP8H,batch-2,active
SS69ZLLPA8,batch-2,active
QWREKCVLBE,batch-2,active
PJZTJH7R82,batch-2,active
JU2ZAXOORP,batch-2,active
TAG40RKJ88,batch-2,active
PP4KNPC7LZ,batch-2,active
WC6F3O6B7A,batch-2,active
3N81X5SUYX,batch-2,active
2Z0ECK5O5D,batch-2,active
40TPLVAXPR,batch-2,active
E8T1WNLBBI,batch-2,active
JBZPY1ZPMT,batch-2,active
8UJ0T2DB0U,batch-2,active
12WPY7GWD5,batch-2,active
72Z57D5C8X,batch-2,active
F71TM4OA7B,batch-2,active
YQ1BYLF3YV,batch-2,active
WYJNIV9ZVD,batch-2,active
V6X1SI3BD3,batch-2,active
BLIJKS0ZCS,batch-2,active
SSJS655AJ2,batch-2,active
RIAHBZ4L0J,batch-2,active
FPUJGI8NZW,batch-2,active
OQZQRV2UW3,batch-2,active
5TNKMVK3FA,batch-2,active
72ESSJZAF4,batch-2,active
EQX0ZRBJU4,batch-2,active
7JADEZLB0N,batch-2,active
9KXJJ2WWSZ,batch-2,active
PTD5TATTDE,batch-2,active
U7PPY4O9YQ,batch-2,active
IUS9BHVLUJ,batch-2,active
JPZJHU2JMF,batch-2,active
WYG2DCRD3N,batch-2,active
UW5J43VE69,batch-2,active
SSNIGNLZCP,batch-2,active
EGUU2A81QB,batch-2,active
JT08054UUC,batch-2,active
HDM9EJJA6N,batch-2,active
XYB0ONBPMW,batch-2,active
TGN29EYXSX,batch-2,active
W7FRWON6EK,batch-2,active
SK9LPUGBZ9,batch-2,active
316K95F3Z9,batch-2,active
C4JJE12468,batch-2,active
XZDFGRRU0H,batch-2,active
63FW16CYZK,batch-2,active
GI339V46JD,batch-2,active
UA3BLYJS3H,batch-2,active
KH6OEWFVTX,batch-2,active
5LA6L1H1PR,batch-2,active
2FIS73XBLL,batch-2,active
99E8N4KJW0,batch-2,active
X1LMM2UB4R,batch-2,active
PSKVTQXGW2,batch-2,active
TEEH8LRMDI,batch-2,active
9LM5O25YD8,batch-2,active
K5FLUV9RNP,batch-2,active
MIWSKJJJ0K,batch-2,active
147E2P5FIA,batch-2,active
YF4HL5NEMV,batch-2,active
3SA15QUAFL,batch-2,active
QC6UWJAIK9,batch-2,active
46TYAEFNJN,batch-2,active
LV64SLUJ9W,batch-2,active
9D02GWBR9F,batch-2,active
SXNKGVSJDB,batch-2,active
SRNJXA9YAY,batch-2,active
SID90LGV00,batch-2,active
N0JCEPJISH,batch-2,active
Q86HMNO1B2,batch-2,active
RSNI3FRIW6,batch-2,active
0ADV45YXB7,batch-2,active
R8OB003KQU,batch-2,active
TWOB3MQMRI,batch-2,active
Y1PRVW9S9A,batch-2,active
73KWM2FYFJ,batch-2,active
XFGZ10X6AM,batch-2,active
FI50ZI4A7F,batch-2,active
QTF4RZINQS,batch-2,active
KMY6E1KOCG,batch-2,active
YMVJB8W027,batch-2,active
7MAOY2ZB1M,batch-2,active
NFN8GF1CE7,batch-2,active
TSG7Y18LXL,batch-2,active
WP8915VPOG,batch-2,active
29SXKTVEMF,batch-2,active
BQH2RGWPH2,batch-2,active
5HK5S8RHH9,batch-2,active
3QGT5LDJ4V,batch-2,active
0SY4LZ9TZD,batch-2,active
4WJ4QL0ZZ1,batch-2,active
1NMC0F0JI0,batch-2,active
UKAIPH0U62,batch-2,active
HXDM21CNMN,batch-2,active
KT9VA3CE9Q,batch-2,active
RT4BJYUQDC,batch-2,active
LH13THKL8R,batch-2,active
ARGZ0XQ8OD,batch-2,active
Y5GBXHFS3F,batch-2,active
6DKL0S1XO0,batch-2,active
VK6I7PIOKB,batch-2,active
4HUVCI3N7R,batch-2,active
EZ48JQ9P0G,batch-2,active
4QOTS25K1M,batch-2,active
YH17IDFDX9,batch-2,active
T05386HZBC,batch-2,active
GN23ZRN7SY,batch-2,active
E49VHT7EXG,batch-2,active
MUJJDPGU36,batch-2,active
UXIIWOL8WS,batch-2,active
PUKEHUFHZ0,batch-2,active
LX1E797T8H,batch-2,active
AR4FPIZ6UI,batch-2,active
BMPHCYOEHM,batch-2,active
GLTAZ3EZRK,batch-2,active
TNZN3TSDXY,batch-2,active
UVR7KTTP5C,batch-2,active
EHH3033MH3,batch-2,active
BPGLJ0RU9F,batch-2,active
24KM01HM73,batch-2,active
6YXQZ6QV3E,batch-2,active
SR1FUWSREC,batch-2,active
OF2V69OISW,batch-2,active
OGNHKKS245,batch-2,active
U2O81U2F5I,batch-2,active
EN00ZT5J7Y,batch-2,active
RAWO18U6IN,batch-2,active
IRJXF5NGPK,batch-2,active
U6TBQSCGAP,batch-2,active
I2SS7QTPDN,batch-2,active
0XS67GGXC6,batch-2,active
AJXM3OQEXU,batch-2,active
DOF3G6STFI,batch-2,active
B7OGWNGGJG,batch-2,active
RMMW635QLE,batch-2,active
LJ0ODBQVEA,batch-2,active
ZNBPNAIJVR,batch-2,active
40LDT0RGN7,batch-2,active
RBUZ3NS72F,batch-2,active
7AN3X90UAD,batch-2,active
UP1Z87O0L7,batch-2,active
215G5TYDNO,batch-2,active
IZMTPNIPDI,batch-2,active
TNCF8I5OPF,batch-2,active
KW1JX4AKVF,batch-2,active
DEJKSE0T2U,batch-2,active
EGV22AG8FS,batch-2,active
T3VCB5VOA8,batch-2,active
K0YM2TZW10,batch-2,active
WRLDHDZ6ZX,batch-2,active
GH5JU7KKJM,batch-2,active
TT506UFZQQ,batch-2,active
D60OJEXQM2,batch-2,active
00A49THCIF,batch-2,active
MRF1V4RL6U,batch-2,active
EOTCFB7O8S,batch-2,active
PEAZPLDBV6,batch-2,active
CM9D7WIKS8,batch-2,active
0FSKYDTZXI,batch-2,active
MQYKKH7QTB,batch-2,active
7O7NF0E05O,batch-2,active
8ZNKNSOO24,batch-2,active
H577CISFL9,batch-2,active
ZDAHUS32SW,batch-2,active
P9W7LV7768,batch-2,active
2864RA6TWW,batch-2,active
RY1A7LG49R,batch-2,active
7M29E9WWWH,batch-2,active
RQ4LYWBTZE,batch-2,active
H5H6EBGZUJ,batch-2,active
5FHUWD0503,batch-2,active
RDBL23TQ53,batch-2,active
8BUNSY561T,batch-2,active
UFPWFDZXO8,batch-2,active
ASNBVUOK7P,batch-2,active
J4G4YEYLAI,batch-2,active
NRWPJEB377,batch-2,active
HMZ5NZEKGG,batch-2,active
VJIFUXOD4D,batch-2,active
K6PJCS6YY0,batch-2,active
5E7CTG8IRP,batch-2,active
7RKNJDZZHI,batch-2,active
HHVRVPPSCM,batch-2,active
6M7L21GFMB,batch-2,active
4S6GU7GSRL,batch-2,active
S7TGBX3WEF,batch-2,active
MO31XUEXIR,batch-2,active
VBD8MB6YBI,batch-2,active
FKBEFRWDZK,batch-2,active
6YHINEGMVD,batch-2,active
QIWECH3Y1S,batch-2,active
HIHTBEEU1V,batch-2,active
NQYGY695ZJ,batch-2,active
8GS42TKP7N,batch-2,active
YKEUYO1NIE,batch-2,active
KMMVPM3Z7D,batch-2,active
P6VUESJVZL,batch-2,active
SWODFYRTGN,batch-2,active
5L5PFFZ8E9,batch-2,active
EVYYFF03E0,batch-2,active
BXL6M3DMST,batch-2,active
6CUWZVSLNO,batch-2,active
ALWVG18EP6,batch-2,active
YSG2J0HZPS,batch-2,active
14T4P9PQQI,batch-2,active
UHFVRGK5Q2,batch-2,active
4R7K2P6OW9,batch-2,active
VW2JEKDBEF,batch-2,active
Y3ZVD66O1X,batch-2,active
4JSZEFT7RS,batch-2,active
J61TYS82VI,batch-2,active
HLJCBW09R7,batch-2,active
LWWCJJ3C0X,batch-2,active
VP5FLMB9BZ,batch-2,active
2ZIBCJXNZO,batch-2,active
9Z8FV4V4IZ,batch-2,active
NU4RB57SZJ,batch-2,active
2SLR7FS6AY,batch-2,active
DU5S9EJQJM,batch-2,active
0X35FGBJQT,batch-2,active
H39AUPRJ1B,batch-2,active
J1ZFKK5ISA,batch-2,active
4S6APW9GTB,batch-2,active
YIX6UP47DI,batch-2,active
U2YLWRMUKR,batch-2,active
CM3DP364IP,batch-2,active
IJJLYTD12L,batch-2,active
EQ544IT67S,batch-2,active
EXMSR35M1T,batch-2,active
KYQ0NKV8ZI,batch-2,active
96B6H0KEIG,batch-2,active
YQJE3BWVDP,batch-2,active
CHYVC3R7LA,batch-2,active
1LUXD78QEW,batch-2,active
UH64IPLIIJ,batch-2,active
HRWQLP4D3F,batch-2,active
4D8M4R9OQD,batch-2,active
5OMO6FYG5Z,batch-2,active
K58J1VYXZ1,batch-2,active
HQFIP2OWVT,batch-2,active
RZ8BJ12W5O,batch-2,active
TFDRPZ1FLA,batch-2,active
AETC72XMPR,batch-2,active
VH0LPIOKZ2,batch-2,active
N4TBBXBLTC,batch-2,active
ECJSL8V2HZ,batch-2,active
72XAM5LUGW,batch-2,active
J7CJ5JHWTG,batch-2,active
MH6K0ONKFJ,batch-2,active
BIMMF1OCFB,batch-2,active
FED1CIULKM,batch-2,active
9QSJUBYKW1,batch-2,active
MULFVZUEB5,batch-2,active
EZBP0959I8,batch-2,active
3FV6FOGUXX,batch-2,active
8FJ53Z361F,batch-2,active
1E361ZQHS8,batch-2,active
9NQPFL13HJ,batch-2,active
GOKEDRKW1N,batch-2,active
UHQGD22EV2,batch-2,active
731EJVSCIC,batch-2,active
AZDIVYOGKX,batch-2,active
ZWUVYJ0C98,batch-2,active
QW7968KZU7,batch-2,active
UZDTFXT5N5,batch-2,active
CHRQNPBT17,batch-2,active
KLOWTMV97F,batch-2,active
7CMVO0NP56,batch-2,active
PEEBRXNHGB,batch-2,active
ZSPYHZAP1K,batch-2,active
95D99CKBTV,batch-2,active
CF8SXDMKHI,batch-2,active
4VUOH0FNHA,batch-2,active
0NU6K2K5CD,batch-2,active
4GFP2X9R3E,batch-2,active
RMYK1RP6MU,batch-2,active
10ARVQ1V6Z,batch-2,active
MBCPQ4KLP4,batch-2,active
8CNZHN1QV6,batch-2,active
ET743P1J0T,batch-2,active
1BCHX34ZI8,batch-2,active
SAELV629Z5,batch-2,active
F1PJUZM7JH,batch-2,active
1EFQ812J2M,batch-2,active
6WSTYBVD1B,batch-2,active
8WKVVTXCPB,batch-2,active
CDW6QWZBCY,batch-2,active
Q380J1HPT5,batch-2,active
UOYXYGW03A,batch-2,active
TEFDSUCCNK,batch-2,active
3V2TCA3W76,batch-2,active
K8TB82CT7E,batch-2,active
5W2EP6PSR9,batch-2,active
KANU8268PC,batch-2,active
LPC4BDH5QP,batch-2,active
ZE9XTYB9SA,batch-2,active
82OQNEDTAL,batch-2,active
TVSAJHPRR8,batch-2,active
0T8AH46A0X,batch-2,active
YAY0151UBV,batch-2,active
XM11SYDZK5,batch-2,active
U8GVP7RS94,batch-2,active
PD1KZH642Z,batch-2,active
0BLS33ALVC,batch-2,active
WHB10AB9DJ,batch-2,active
TT0DBNYS9B,batch-2,active
6L4Z7QGLIR,batch-2,active
JFFV44P9S4,batch-2,active
Q7B0GVK3X0,batch-2,active
STOOPSXP0N,batch-2,active
EHSDJZBWAB,batch-2,active
3J7QXFBHY4,batch-2,active
5F84Y4RYM2,batch-2,active
SEAQHAHGOK,batch-2,active
T7GSF5M7GM,batch-2,active
TS68KVB0LG,batch-2,active
2AV10JPPLA,batch-2,active
7B5QGMQMPB,batch-2,active
5PZZ270Z9D,batch-2,active
H6KR1JLKMR,batch-2,active
LIWEUB5NRC,batch-2,active
BKCZJ5ZD3O,batch-2,active
Y4YYXID3UH,batch-2,active
3WQRMW38JC,batch-2,active
9E0PP9V5ZT,batch-2,active
HJWWM352IU,batch-2,active
OYNNMCFFKQ,batch-2,active
3TYK7B8NT0,batch-2,active
U4HNQCECRF,batch-2,active
WG8XGFHJ9Q,batch-2,active
SDFKEOAMK9,batch-2,active
FNYOD41LBP,batch-2,active
DV5PSQPX2K,batch-2,active
5WSCQ5TUP5,batch-2,active
MIHMW1SK8A,batch-2,active
ZJL83YV1AU,batch-2,active
0GCSUEO7K6,batch-2,active
BPBEC9VF5D,batch-2,active
H21SJN5FW9,batch-2,active
VH5DI87DH6,batch-2,active
M3E9H5B9KX,batch-2,active
GSMUPQRZJD,batch-2,active
ES2VPFQBCW,batch-2,active
F1M2WDD5DY,batch-2,active
W8PYM5DPZ1,batch-2,active
Z7L046BNZ7,batch-2,active
NVIR8OHTPM,batch-2,active
YBG0ORM8SW,batch-2,active
9NBHCQTWPM,batch-2,active
YQI6MT8AGP,batch-2,active
VCIE73QLEY,batch-2,active
KB7YB2UB5P,batch-2,active
PT626XNKSR,batch-2,active
GN2VQIQFZ9,batch-2,active
R9VP4TRQ1S,batch-2,active
P3MUAQP602,batch-2,active
PK17QWG16X,batch-2,active
7QASFTLS8N,batch-2,active
VCSGPAIU88,batch-2,active
UX970NPKKP,batch-2,active
ZAH90N27C2,batch-2,active
XLNFCQ9WRT,batch-2,active
DHJ2UXII91,batch-2,active
YBXDPR3630,batch-2,active
OLJBXOPJPB,batch-2,active
G6S7XRGMXO,batch-2,active
KQP3AZOMZ5,batch-2,active
MN12ZXKMFU,batch-2,active
R00GLP5EH8,batch-2,active
N9EJWNFFKH,batch-2,active
F4OC8CLOMX,batch-2,active
081L1NXASN,batch-2,active
PKZ2O125JH,batch-2,active
PPXKK4DC1V,batch-2,active
H9H7GN7NUA,batch-2,active
V40QIS6WX4,batch-2,active
G14099PJID,batch-2,active
LC1REM6WQG,batch-2,active
A17RREDN79,batch-2,active
1VWS7ZITUH,batch-2,active
GBLU59KG0H,batch-2,active
V3BJ3BLKZP,batch-2,active
AHQHK04OK1,batch-2,active
LO0CC4FGCT,batch-2,active
HGTEB0XBDV,batch-2,active
W3VZXH41CC,batch-2,active
4JYANT246M,batch-2,active
W4QH0ZBI34,batch-2,active
5O8E8M3S6K,batch-2,active
VTXCQ81SS6,batch-2,active
M87JLZCKZ8,batch-2,active
6BC8KCZHCP,batch-2,active
38V9I4WIQU,batch-2,active
XJ3OW6LRHA,batch-2,active
9ZL8SBRQ2N,batch-2,active
BQUQ5P1ZAR,batch-2,active
2KKQGL89V7,batch-2,active
6UOS3D4Z0L,batch-2,active
LXUMP7F1KT,batch-2,active
QM2581QC9S,batch-2,active
J76QTJI1OZ,batch-2,active
8RWPMHTDLQ,batch-2,active
9OD8H9GDZO,batch-2,active
ASH7YO6KTS,batch-2,active
HNG3AALQ63,batch-2,active
PC2OS9DR4U,batch-2,active
71XN7EHPQH,batch-2,active
DQPMN7N4VR,batch-2,active
YH4WLTK1Y5,batch-2,active
04BCBKQS49,batch-2,active
120N6RS3EG,batch-2,active
0S5KAOJWE6,batch-2,active
AWSJJDMFEB,batch-2,active
L527J4Z8WV,batch-2,active
H1UHG5XEK4,batch-2,active
BOXK28366F,batch-2,active
GLE75W9HOP,batch-2,active
X12JXYN966,batch-2,active
V2BCIYNK9D,batch-2,active
992YBYXA58,batch-2,active
9Q7VODOO8W,batch-2,active
TMA3HUHWN4,batch-2,active
9F1HCI430K,batch-2,active
PNHTKWYH1T,batch-2,active
1N1MPEQ8T3,batch-2,active
M5DDKQJH3N,batch-2,active
Q3G6QIRVI2,batch-2,active
6Z1CEQ7P4X,batch-2,active
LE8ELZT7KX,batch-2,active
FUZW7T8D18,batch-2,active
ZZQOTFOXR9,batch-2,active
LM4G9YCT66,batch-2,active
MS1B8MZG2F,batch-2,active
IZDXKFLETR,batch-2,active
5B0BA5IQC1,batch-2,active
2X2W88I7CQ,batch-2,active
6MB7GU9ZC5,batch-2,active
QBBZR5UX0C,batch-2,active
2FDLXTLPFP,batch-2,active
T0L1H78G7U,batch-2,active
WZELWYTBJE,batch-2,active
J1NX5WTPMH,batch-2,active
WO8CAELYAP,batch-2,active
JRWDPMAND4,batch-2,active
BZMHIR76V5,batch-2,active
DHHVBWHKYH,batch-2,active
8RX23PLN7Y,batch-2,active
TS2L7QU85F,batch-2,active
1Z7P69MA1U,batch-2,active
957DPYVQ7K,batch-2,active
0H20542KB5,batch-2,active
R4Z2DJ5ZFI,batch-2,active
BOD06LP20J,batch-2,active
R8JM27KL17,batch-2,active
XOLH28NDG0,batch-2,active
0PBKBBLS4X,batch-2,active
XF5YBKH4S3,batch-2,active
9L79P7UPPF,batch-2,active
G48M6BSSMJ,batch-2,active
4IT4Y0AB43,batch-2,active
VSKSS4BMP3,batch-2,active
0N71X5K4RT,batch-2,active
DRSIFAX78S,batch-2,active
CLCAUSHC6J,batch-2,active
07Q1P1F74O,batch-2,active
4K1B8I117A,batch-2,active
N92EK2M5KS,batch-2,active
KCQM6LV26S,batch-2,active
GZVMNPCDC2,batch-2,active
O4TOBRUKSE,batch-2,active
AUR9SG0MLQ,batch-2,active
7W8EVKNSFE,batch-2,active
BGLQ3RK57I,batch-2,active
ZI7D4H4F4L,batch-2,active
3M5A2KQXK3,batch-2,active
R9DX11RHMV,batch-2,active
P8EEEZAPSU,batch-2,active
8D8HUF84QV,batch-2,active
N3ODU3UUW9,batch-2,active
4T03VY8MMO,batch-2,active
4MZEQVH3K2,batch-2,active
KMOLSY2ND7,batch-2,active
Z6TIFW37ZS,batch-2,active
SQF53RL8U4,batch-2,active
QYPRB9Q50W,batch-2,active
8YL5CXIZ7D,batch-2,active
BYALRAFBFD,batch-2,active
XV7L1H8QSG,batch-2,active
HZZKV7TKTC,batch-2,active
EYIXB41JAT,batch-2,active
WHT9X7YQ6U,batch-2,active
GEERGIWEOD,batch-2,active
35QLRLM4AS,batch-2,active
PFCNYZ8DVY,batch-2,active
67M1A22368,batch-2,active
F7093166RZ,batch-2,active
20IO7A1PAP,batch-2,active
BCWFUEIHHA,batch-2,active
PB2KW91FAU,batch-2,active
8IB4V5NK9N,batch-2,active
0OVN2JX14L,batch-2,active
N5DG0DFV2O,batch-2,active
61QRZWBFF2,batch-2,active
MU8XEV9K46,batch-2,active
41VRQPVGUL,batch-2,active
C6624B6CXW,batch-2,active
EJQAVA44NZ,batch-2,active
VUZ96HEUV0,batch-2,active
V4B29YEQZ9,batch-2,active
5P4ZXIDT25,batch-2,active
4ML35WWQKQ,batch-2,active
F9601XQLXV,batch-2,active
DBWFLDWVEL,batch-2,active
MNUNSRTS2W,batch-2,active
KRANXGSHFM,batch-2,active
YG3E8FOL8Z,batch-2,active
H74HFEJL3P,batch-2,active
Y9W50EYH89,batch-2,active
00I1VW2WMU,batch-2,active
76PIVP0BIB,batch-2,active
1OT6B81CH6,batch-2,active
AS3KNM1C4P,batch-2,active
TXI5Q5640Q,batch-2,active
XX8WVK0AKR,batch-2,active
T6J02NUAH3,batch-2,active
2ILX9DQX66,batch-2,active
LQT0Q1LO5W,batch-2,active
S8HL2DV8GB,batch-2,active
DSFP8WDSYI,batch-2,active
VWAUH7O115,batch-2,active
XIGAGM78T8,batch-2,active
BGUT9IVD9Y,batch-2,active
ACO4X2ZNT0,batch-2,active
GTPDQCZTGG,batch-2,active
ZDWNX7VYB2,batch-2,active
VLVNXDH6NM,batch-2,active
M9CJIM1YTY,batch-2,active
IREDGK4UFA,batch-2,active
A9K3HKCVZE,batch-2,active
RXF37P398M,batch-2,active
K6EXBRDJUQ,batch-2,active
FNYO5TJOOH,batch-2,active
ZW8WRTA5HB,batch-2,active
0JK4282ADV,batch-2,active
E5X8RZFKIA,batch-2,active
O3FGSQSYI6,batch-2,active
GHDLRRM6CE,batch-2,active
EDWX79OQD7,batch-2,active
MWCAHPRQF3,batch-2,active
QEMF421AR9,batch-2,active
QYM8RM494R,batch-2,active
VAZYWZOJFQ,batch-2,active
HBUWW5OBRJ,batch-2,active
26LZXYPMX8,batch-2,active
EY8N7OH0BT,batch-2,active
8F6741TBR9,batch-2,active
9NDLSJLJ1L,batch-2,active
9VNWM5TZWX,batch-2,active
KNANQCP477,batch-2,active
E8SI8UAAY0,batch-2,active
Q42ZHDOW74,batch-2,active
J0EQXD1PL4,batch-2,active
LXE8MBV37M,batch-2,active
4PQ89UNAMG,batch-2,active
3K8Y95HUCK,batch-2,active
OLDYR5EKLK,batch-2,active
10NNI4TI7K,batch-2,active
CV3FHYHE5Z,batch-2,active
6QUWTPDQBM,batch-2,active
XU55WHQTAB,batch-2,active
XC3FN36PHU,batch-2,active
MJ65TRKPWF,batch-2,active
K0WPIXH49B,batch-2,active
QLYMC5EYAM,batch-2,active
JJ7214ZR33,batch-2,active
PY7258K9P1,batch-2,active
GPXBQTV5DP,batch-2,active
2HY569XOHC,batch-2,active
YI4NH2WON2,batch-2,active
U2WLGGLVU3,batch-2,active
OSII74UJQX,batch-2,active
F3AKDRIPSU,batch-2,active
SGWU6BVR8Z,batch-2,active
BGLQCQV878,batch-2,active
U1N6YTNPT6,batch-2,active
5BHXZQQHN0,batch-2,active
ZGRVV3N6KL,batch-2,active
UVCN17E5KT,batch-2,active
3U87S5O1QV,batch-2,active
DDYA5AR2RI,batch-2,active
4IR8RZZ3H5,batch-2,active
4OAXMP8SIK,batch-2,active
2TOSICMLP6,batch-2,active
374HGJ6RAN,batch-2,active
JGUKBU98KN,batch-2,active
OLENKL73DB,batch-2,active
0QY2024OT2,batch-2,active
6I87Q5S33Y,batch-2,active
XSJH4SH0JC,batch-2,active
UJVP5L1U0M,batch-2,active
VWCAPWDA0F,batch-2,active
Z696VT2H3N,batch-2,active
T6MUL0N83V,batch-2,active
WH4YRUYFUE,batch-2,active
KC85UAB0DK,batch-2,active
WDIRGJGEVM,batch-2,active
ZBUV91VJZ2,batch-2,active
TP5C104OLZ,batch-2,active
0UKU0BFZTC,batch-2,active
NY9ITSLTDJ,batch-2,active
QKF7G7SLH3,batch-2,active
LS041G0S55,batch-2,active
KNZTFHYSVF,batch-2,active
51YPCSAL3O,batch-2,active
ATZSLQ53VG,batch-2,active
P35CC7W9YF,batch-2,active
DRN9KBQVX6,batch-2,active
2UQTMP3WG0,batch-2,active
HE8W4GYG5U,batch-2,active
LCHQLWSEQX,batch-2,active
Q6897AFD2F,batch-2,active
13NHE0LOE8,batch-2,active
T345ENRNFS,batch-2,active
9B3YJLLWWM,batch-2,active
JM74WU3XV0,batch-2,active
2UFU9JMHH3,batch-2,active
LI6LY6R3LZ,batch-2,active
VS9IC8GG71,batch-2,active
8UFFKYUG5X,batch-2,active
U097J188LJ,batch-2,active
HAFZ5W92YL,batch-2,active
85UKMN0C3I,batch-2,active
0OA6BHFRW3,batch-2,active
BP8VU10PFI,batch-2,active
01KYQTNKSG,batch-2,active
5NW9KOZ60M,batch-2,active
6Q40SNCB22,batch-2,active
Y7MGDA1JD1,batch-2,active
64URVA5BFU,batch-2,active
IRT9ME34SL,batch-2,active
O0N74VBQC4,batch-2,active
YUD9YCJ3VK,batch-2,active
8UP52U6FFP,batch-2,active
RNPELURN66,batch-2,active
72IM9VRO5R,batch-2,active
47HOU883V3,batch-2,active
6VP45LIKQF,batch-2,active
N76B2NNATK,batch-2,active
Q8PJAZNXV6,batch-2,active
EOHI6973V4,batch-2,active
UUNNVNBASO,batch-2,active
QEU5QUR2AR,batch-2,active
AQ8BLAUIHG,batch-2,active
8WUOBZCPYR,batch-2,active
PVAAO961U8,batch-2,active
1O19GQ4MPE,batch-2,active
O6ZWT3WRQV,batch-2,active
REE97XCI6X,batch-2,active
SG7CLE3C16,batch-2,active
86936DN96U,batch-2,active
HUTXNJNFI9,batch-2,active
MDRVVLPBW7,batch-2,active
J206L0F7JX,batch-2,active
PL9K6EYFU8,batch-2,active
KA8U26U56G,batch-2,active
D3GPAQ34IT,batch-2,active
U2QA7H4B62,batch-2,active
UGHWVPJSVM,batch-2,active
V7QONZWBCS,batch-2,active
AITB0COOUD,batch-2,active
6CZ1DX01NP,batch-2,active
MY37QZJ80C,batch-2,active
KLEVZDFT81,batch-2,active
0V6C0N68H3,batch-2,active
4WLMGSJYNU,batch-2,active
PJG3J1AMU3,batch-2,active
LAKMNDRN4Z,batch-2,active
MJOPNJI6XX,batch-2,active
650LNFQNZN,batch-2,active
18I9XEKFTD,batch-2,active
FX2H8IFTAF,batch-2,active
NAFIVU69CZ,batch-2,active
NK52JM4N3H,batch-2,active
XNGZ1B3C6B,batch-2,active
GA6JUY69ZV,batch-2,active
45HVA9Y7JF,batch-2,active
3WA6PLEATH,batch-2,active
VCZ3J0LD2E,batch-2,active
80SR5SSYPA,batch-2,active
W2TUH7T7BC,batch-2,active
FXI2EUYK6Z,batch-2,active
8JRK9W36KH,batch-2,active
ZR2USMJYCM,batch-2,active
4R0L1CRPM7,batch-2,active
1RNBFDD35A,batch-2,active
TT68FSPGQZ,batch-2,active
1WF7ZU1SMI,batch-2,active
8YU5V7DG5T,batch-2,active
POVA9NTZI9,batch-2,active
2XK7SVVXN3,batch-2,active
4K25WZ6A4X,batch-2,active
85967OI2TY,batch-2,active
564BAA0FM5,batch-2,active
6XOI7JAGYP,batch-2,active
PFLFT80J5G,batch-2,active
BH63KMEDLP,batch-2,active
P34AB3OCMZ,batch-2,active
R2KNDXNQHO,batch-2,active
BZ98PX1R3P,batch-2,active
LMXIU4KFR3,batch-2,active
UPVLK3HU4U,batch-2,active
D0MSKO1AGG,batch-2,active
TVQ5DI9DLQ,batch-2,active
P6NK9FCGZ1,batch-2,active
0QC83HKG2V,batch-2,active
WXT8Q81VT3,batch-2,active
2CKRNUUH6J,batch-2,active
FMNC8WK5YR,batch-2,active
V4E1UK6N45,batch-2,active
G9BAPUDQJM,batch-2,active
P3A0DSLG46,batch-2,active
HZAWEFV9I9,batch-2,active
SGSY6N1L21,batch-2,active
ERSW3E75CN,batch-2,active
24LON9I7TR,batch-2,active
FAAOZ697TT,batch-2,active
7ZPB7HEK7R,batch-2,active
F2OBKR8M93,batch-2,active
EU6T5C42UJ,batch-2,active
FK86K4M7CE,batch-2,active
L3XCHZUNWT,batch-2,active
EM7SA58CXL,batch-2,active
XPLE3CQO0V,batch-2,active
NDJZFIXNKJ,batch-2,active
CG25I1R0YW,batch-2,active
UH684MR5OC,batch-2,active
2CJSP3BZ8Y,batch-2,active
BYRRF5I4E7,batch-2,active
1IFTFKT9F0,batch-2,active
UL4I302N8S,batch-2,active
OU41EUAF8K,batch-2,active
11QW4Q9O5S,batch-2,active
UJGFTFAX31,batch-2,active
FTJ0U4GW4J,batch-2,active
YG6A0UTAN0,batch-2,active
8AX2IPF0KQ,batch-2,active
TIG3H1NU33,batch-2,active
73CFQE7SJC,batch-2,active
EY0XN3IT65,batch-2,active
WA0JGO7WGQ,batch-2,active
DIESLW6TO6,batch-2,active
9F5CH18NJ3,batch-2,active
VSUATIZ42M,batch-2,active
H4A0V1X6YM,batch-2,active
TTPR88A2IW,batch-2,active
XP24WR1GI0,batch-2,active
VCN3GLS298,batch-2,active
UOJ2E5P9QS,batch-2,active
LEI5VCRMSH,batch-2,active
HN1Y4ZRXJI,batch-2,active
UZ3MU9ZJ78,batch-2,active
LHPBIXM6IG,batch-2,active
NZDR4JC46T,batch-2,active
JGARG1JJTI,batch-2,active
IFEMHGXMAQ,batch-2,active
NXFC1YN4BO,batch-2,active
820S5OTWM1,batch-2,active
U8MHDJWOT8,batch-2,active
8L4HDPKKLO,batch-2,active
QDI9CL7G98,batch-2,active
61PDFUVGAR,batch-2,active
UB80D83FR9,batch-2,active
V4HEIB6493,batch-2,active
GNXPWXRLJ7,batch-2,active
GN9R96J5GU,batch-2,active
KN6RQQDC3N,batch-2,active
R7RPI7FG2R,batch-2,active
U3TZ5VKVKQ,batch-2,active
UJRPKEMZIF,batch-2,active
SJP8M6NO4E,batch-2,active
HOKOVIRRSF,batch-2,active
LAY5BAGJKU,batch-2,active
E9SXC79VCE,batch-2,active
OMKZDHUMYY,batch-2,active
X4SK5ULX5Q,batch-2,active
01LCOQXF2R,batch-2,active
ZSX4VQFCRK,batch-2,active
MC73NOSSA8,batch-2,active
OETC1HXY2V,batch-2,active
UJ0ZR8SEL0,batch-2,active
0VTRMVY7OW,batch-2,active
A0A8J8O9PC,batch-2,active
NUX4F7BH0Q,batch-2,active
7VIT92M3C3,batch-2,active
K5Y8NZHESA,batch-2,active
PXQRE0ZICT,batch-2,active
YG0G7OMDXG,batch-2,active
OETOJ38L0I,batch-2,active
VT15B4FN4L,batch-2,active
VDLE70VJF5,batch-2,active
CKYZV7T9X6,batch-2,active
XMY4R3LHSJ,batch-2,active
0NANWWCL3Q,batch-2,active
GIVODT9FQH,batch-2,active
87V1WN454B,batch-2,active
I8N3MRS9FR,batch-2,active
DOEKYHJMEH,batch-2,active
XQ3CIY10N7,batch-2,active
DGEBHA0EYT,batch-2,active
I3R7D7FAXD,batch-2,active
FNCZ7YLZPJ,batch-2,active
PZMK0P7JQX,batch-2,active
K6M38FOEY4,batch-2,active
VSK4045ZIB,batch-2,active
HLORZBD96K,batch-2,active
3DD056FRIJ,batch-2,active
0W8V5TGI7P,batch-2,active
239YXKIO2F,batch-2,active
ZHBJ99AWZ7,batch-2,active
CJC409M6OF,batch-2,active
UWQJTGCR6S,batch-2,active
FQRDWQISNU,batch-2,active
RV0JYZKFB9,batch-2,active
F5EMAI9LZV,batch-2,active
755EAEI2F2,batch-2,active
G15365KHY1,batch-2,active
13N67WY43A,batch-2,active
8LA4Z5TUC8,batch-2,active
UHBGR5DBGK,batch-2,active
6U4KM71F2T,batch-2,active
C5GY49T7D2,batch-2,active
J0GZMILNIE,batch-2,active
87ORBOHWPZ,batch-2,active
8II21E3EWE,batch-2,active
QTXI1AQVCQ,batch-2,active
0GDYHW8VAO,batch-2,active
UM1KV47KT7,batch-2,active
5UZUV48FMC,batch-2,active
AQN7R9H6UA,batch-2,active
8O3Q0U7K53,batch-2,active
LK86BPLRRL,batch-2,active
K1SGCEYOL7,batch-2,active
Q9Z2AS5EMO,batch-2,active
H0MYFWUXWX,batch-2,active
690Z7B6LUX,batch-2,active
QFQNVIANFR,batch-2,active
TDM5T8WPO7,batch-2,active
86ZQB610TH,batch-2,active
HE8O7BTJ3K,batch-2,active
IX36NK48AP,batch-2,active
T4506C692K,batch-2,active
YLNF1LBRMJ,batch-2,active
UK1HI2PTE6,batch-2,active
YV6Y28656I,batch-2,active
KQJZWL3GAQ,batch-2,active
KGQH1XMKNR,batch-2,active
3BKEWTVKMT,batch-2,active
7VL6KQKVPD,batch-2,active
BNYD7B7ZDN,batch-2,active
DFPX07P5YF,batch-2,active
LQ0QP9W6IR,batch-2,active
IGSK0UO798,batch-2,active
9VBT7BA7D6,batch-2,active
ZZ055EN3QH,batch-2,active
91R8VQFEHU,batch-2,active
OFQ5GJ0YJD,batch-2,active
0DIEVPVG21,batch-2,active
IHNKI36A73,batch-2,active
WQCG5K5ICI,batch-2,active
4D4RN6W1DM,batch-2,active
CI7HT3F2IT,batch-2,active
G4HKMG77GA,batch-2,active
TBCKS7TA6M,batch-2,active
ELYN88PY3R,batch-2,active
XHWD0OUMMV,batch-2,active
XQA0WC4EKH,batch-2,active
WBDHTLNHJ0,batch-2,active
JBGF9S2CRM,batch-2,active
6TVXY1W2F6,batch-2,active
S4U5STLSFL,batch-2,active
OKPWA3Z63M,batch-2,active
9QXR6RO09J,batch-2,active
U48B987VXH,batch-2,active
LCJ738NHJT,batch-2,active
GF5DLX2LMW,batch-2,active
B67QCE62TI,batch-2,active
13HFRBZPU5,batch-2,active
8GGLFO2D9X,batch-2,active
V1T6Y5KPEH,batch-2,active
QM4UGG450M,batch-2,active
AG8IBFRHWL,batch-2,active
P0Q7AVKYC2,batch-2,active
838AYY5RRI,batch-2,active
ZNHCKVVN4T,batch-2,active
ICZOACETQF,batch-2,active
EXS04R28SB,batch-2,active
UOBESSKLNZ,batch-2,active
4RURI7UZDZ,batch-2,active
CX3N5OCF3E,batch-2,active
6W7M6U0FCH,batch-2,active
29YJUNJ7XU,batch-2,active
M91IDN8VKI,batch-2,active
6ZKIA3AMO3,batch-2,active
ZF8QP2B78G,batch-2,active
K3VP7TDJND,batch-2,active
Q86RRIQTO0,batch-2,active
IJ2AFAJ487,batch-2,active
6YAK5M97KU,batch-2,active
ZYSAXLY4YM,batch-2,active
DHK24X9XU5,batch-2,active
0ZZZXJHV5D,batch-2,active
5RAJCHRRZ7,batch-2,active
YWK9I7KIY0,batch-2,active
J15QJCEP78,batch-2,active
W9NGQKUE8R,batch-2,active
DV592TXWQI,batch-2,active
C0OY42OVI1,batch-2,active
PQ5QLCEQL4,batch-2,active
7I0SKOC2JT,batch-2,active
AY52ZCME1I,batch-2,active
WZZ0P5GAV0,batch-2,active
3VQLUCRDFB,batch-2,active
5N7ZKY6OQP,batch-2,active
2XIBKZNR0A,batch-2,active
PGQVGVT04J,batch-2,active
EC1VDD1H7U,batch-2,active
N2EAPBPN2V,batch-2,active
KQX0N46ES6,batch-2,active
Q9VJOON4A3,batch-2,active
BPPIHA4CNU,batch-2,active
XIXNLFZTDN,batch-2,active
61DTUKUXI2,batch-2,active
ZOCHULOIUE,batch-2,active
N3VD00D7TE,batch-2,active
AA654MTDX7,batch-2,active
AEGR1OQOCJ,batch-2,active
1L98HLK5XQ,batch-2,active
ZAWTFRCHKT,batch-2,active
SKUX02ZCOT,batch-2,active
JGFH63ZB9O,batch-2,active
9WJTW2F0L1,batch-2,active
DLAR6KHBFZ,batch-2,active
V40HVJFXNS,batch-2,active
RQJTQK6JL5,batch-2,active
GGC0118396,batch-2,active
115SLPARCL,batch-2,active
W3G8USRAVN,batch-2,active
LPDSU05VPL,batch-2,active
SA55CYJINE,batch-2,active
8IJWKG2H01,batch-2,active
H3IFZX4E5U,batch-2,active
IADVFRH51O,batch-2,active
71WK9XEW85,batch-2,active
C7HUA3PIIF,batch-2,active
BC8QOTM86R,batch-2,active
0EHXMWX0E3,batch-2,active
DRDZUDU9HM,batch-2,active
E9XVW6X2F8,batch-2,active
MJUX97I90A,batch-2,active
HF2XTRDGA6,batch-2,active
KIB2SPBKMT,batch-2,active
KE397O7K1R,batch-2,active
MHJ1ST07IR,batch-2,active
0DQ846Z4P0,batch-2,active
2JJLWWTNPJ,batch-2,active
YCUSK30EKC,batch-2,active
IJQSKVTYAG,batch-2,active
NKGWAKI2LF,batch-2,active
CD3IZ4PC3N,batch-2,active
DCPUBRJSAB,batch-2,active
7XW1DIFRJR,batch-2,active
EMQOBL9LTC,batch-2,active
K13DOHMX7C,batch-2,active
WW5XH9VK85,batch-2,active
K80UC15I0T,batch-2,active
1Z62DC0FGN,batch-2,active
IP1ZN0UKV0,batch-2,active
T64YZ6R6ET,batch-2,active
IM4HUP1OHA,batch-2,active
INE8RY6GLX,batch-2,active
FC0NNPIWM5,batch-2,active
QUXL57XV3P,batch-2,active
0ESBCZAFAN,batch-2,active
L5P8AD04R1,batch-2,active
B4U1UMXU1T,batch-2,active
VRRODHUM39,batch-2,active
KV5HL4SNJV,batch-2,active
VFB7ZJ1EEK,batch-2,active
OJLFVMV8C7,batch-2,active
ICF45HF0JO,batch-2,active
82Q4YC43XV,batch-2,active
TB0KFMGBZ7,batch-2,active
KHXDPR4KME,batch-2,active
0Z5MLKSRLZ,batch-2,active
92E0O3E79I,batch-2,active
6BR4FXZPRE,batch-2,active
DLTVP2NF3G,batch-2,active
89IYAEGL89,batch-2,active
FCCH4VI0VT,batch-2,active
W72CCJVT23,batch-2,active
RR1OLXM0NF,batch-2,active
ENAML4R7DH,batch-2,active
FA7325LSJS,batch-2,active
I92MF2HK4F,batch-2,active
1RDCCQ4YUD,batch-2,active
TEQ43XSX43,batch-2,active
1Q0ER3JQCA,batch-2,active
6BEXY9N96J,batch-2,active
9WGX9R2GD1,batch-2,active
VNJLEDXUG6,batch-2,active
648AVWJS7Z,batch-2,active
BVOMX286HX,batch-2,active
VJJ5E1THMV,batch-2,active
MKU6HX0THJ,batch-2,active
IGXULAIPV3,batch-2,active
V92VPUIR8M,batch-2,active
DN7334NTH3,batch-2,active
1UQR8JWN5S,batch-2,active
TQ7VXCOC2B,batch-2,active
AZ031JFEFZ,batch-2,active
FXNQGK65A7,batch-2,active
MK7C6FULMT,batch-2,active
GTGCI0B3M6,batch-2,active
HE5H1F6P5T,batch-2,active
23DKWXGYSM,batch-2,active
NADYAYT8W0,batch-2,active
3BZYE9K4EA,batch-2,active
NMYVFV9WZY,batch-2,active
FM9NLFLZ4D,batch-2,active
6TFYPGWVY1,batch-2,active
V9QO9GBPFH,batch-2,active
97SLFD9S87,batch-2,active
3KEF8I1WT1,batch-2,active
QO5L0JTT1V,batch-2,active
KKXL8J9DNX,batch-2,active
VWTH8WBPN0,batch-2,active
YC5MARODHD,batch-2,active
IRI101654H,batch-2,active
I1F16XQNZJ,batch-2,active
WYMIFMFTSS,batch-2,active
BFK1OZKWU6,batch-2,active
2LYGORTKLS,batch-2,active
M9XWW8TXXO,batch-2,active
RPB4G9IEWX,batch-2,active
LRPN57JNRG,batch-2,active
GYX7F9J8CY,batch-2,active
X5EJHXK5LB,batch-2,active
JCGTKO79YW,batch-2,active
6G8KO3L3Z8,batch-2,active
93TN7KB26H,batch-2,active
12RTFL5WNM,batch-2,active
D28BTN509P,batch-2,active
A94Q9TJD9Z,batch-2,active
HMRBH626S5,batch-2,active
QV79AXMJEF,batch-2,active
TSMJ8QQRA5,batch-2,active
CB40DU8OST,batch-2,active
51S61SETIZ,batch-2,active
S1JURWH3HD,batch-2,active
8TCIY1QXPF,batch-2,active
D68SEMYXR2,batch-2,active
6QU32SKA3J,batch-2,active
UR6NQY1CUW,batch-2,active
U3IV3XI5U6,batch-2,active
9OAC457N9W,batch-2,active
7VJ6VLXIRN,batch-2,active
X8MG02TZ9L,batch-2,active
Z7Y2POW328,batch-2,active
DA035MC8Y3,batch-2,active
QTON5C3EDI,batch-2,active
JVURNRR3UD,batch-2,active
6OSHUM65T7,batch-2,active
0860JCSB7S,batch-2,active
YD11JB3FGU,batch-2,active
RBXSYTBTKD,batch-2,active
J8OPTAPRXP,batch-2,active
DIE4JE42F4,batch-2,active
JG3MXXWM9F,batch-2,active
4T6QYA902Q,batch-2,active
Q68BVOVAMN,batch-2,active
R8DKKX9T6M,batch-2,active
E8JA5B02OF,batch-2,active
E7YG6JDZUR,batch-2,active
I6TOZ4TT3E,batch-2,active
6A9EROJTZI,batch-2,active
1PPZ8A1EIJ,batch-2,active
P2ZNW5H97P,batch-2,active
EXIQHCKRIY,batch-2,active
GBS3MAR1SU,batch-2,active
F77XDA5ERK,batch-2,active
IFRZR2KTSU,batch-2,active
Z5FMPVV0O4,batch-2,active
A79ZN7A7FU,batch-2,active
C5IF9OE89I,batch-2,active
RH0PVX0353,batch-2,active
290XPUBVTW,batch-2,active
KQAT6NW9ON,batch-2,active
HCUTVXIPHR,batch-2,active
4IYVM6YEWQ,batch-2,active
LHJKCVXKXH,batch-2,active
ZZ8ALB91I4,batch-2,active
ORQ8RSBF0V,batch-2,active
17WTUGCUOM,batch-2,active
F50CDB289V,batch-2,active
PUNF5I4POL,batch-2,active
ADA8IMTH9K,batch-2,active
7OJD456C3N,batch-2,active
LWY7GBP4YJ,batch-2,active
8GDIG39SIA,batch-2,active
VX5UW8M98Y,batch-2,active
AXJCSISIOH,batch-2,active
THO10DDUY7,batch-2,active
S77SYVNABL,batch-2,active
W646TYGTIT,batch-2,active
3471A83TH4,batch-2,active
E3W7ZMB5CB,batch-2,active
WPDWZQMSZQ,batch-2,active
F6PDHEPBPR,batch-2,active
OS78V17INZ,batch-2,active
O328DNUA99,batch-2,active
H869E0AI6D,batch-2,active
9H07FGMTF5,batch-2,active
QLU7PTSLHE,batch-2,active
SBG0EJOOVB,batch-2,active
XQ6R8PY9EC,batch-2,active
Y073JCY3CH,batch-2,active
9S8NOSJAQ0,batch-2,active
Y6QEDL11XF,batch-2,active
NIXQDMJOVI,batch-2,active
9FAPLUZKX1,batch-2,active
7CO84TV9JL,batch-2,active
5BD4TYAFS8,batch-2,active
5JFZLOKDZ7,batch-2,active
JV2FD5JF23,batch-2,active
H6KICD44SZ,batch-2,active
1S64U7IPLW,batch-2,active
KT7O20JFCU,batch-2,active
IR79DEMNUL,batch-2,active
MEVK7PSN7Q,batch-2,active
A7PWPJYW3M,batch-2,active
1BUXMGLBJF,batch-2,active
54Z3DB2BH5,batch-2,active
9S5LV85USS,batch-2,active
OBBVZFWK1Z,batch-2,active
ELR1F1QZI2,batch-2,active
K80C2TD1TQ,batch-2,active
2NAGP0SS4S,batch-2,active
2W8H7CB9WH,batch-2,active
EHJJ1MUI4K,batch-2,active
CX0C7FW6ZK,batch-2,active
ITSQTJYA0I,batch-2,active
8J40NHW3FG,batch-2,active
8B82798E5N,batch-2,active
JJGN6SUA0X,batch-2,active
UGOEKFZBME,batch-2,active
K76MX7FVQD,batch-2,active
OJ8LGWR87X,batch-2,active
MABLWLEXQO,batch-2,active
JIUK1LSJ61,batch-2,active
WLUEDNVR79,batch-2,active
VT1HXETXCE,batch-2,active
85NU5U3CNC,batch-2,active
8ISMIJ4JA6,batch-2,active
HB03SN2W4W,batch-2,active
14VIJ7RVWY,batch-2,active
DYU3IPJW6W,batch-2,active
U6QD1A048N,batch-2,active
KSET7RV5M1,batch-2,active
AC0YTNX6Q8,batch-2,active
GGVK0EZDRW,batch-2,active
1F74T7BAFW,batch-2,active
Z2JE66CWP3,batch-2,active
DXVF7HJY0K,batch-2,active
K60FDNL8NN,batch-2,active
68G5K7CQI7,batch-2,active
GLDDMC2QNV,batch-2,active
850CJ5LCYA,batch-2,active
S130NDNHVT,batch-2,active
QITEI543HT,batch-2,active
J97HD0ZQHI,batch-2,active
KZUIBOJ7UA,batch-2,active
G7KF6XAGXM,batch-2,active
22J42XRVH2,batch-2,active
0I71NDMHV7,batch-2,active
B3VRVXLIKD,batch-2,active
ZV80OX50LQ,batch-2,active
0AMTZRPUH0,batch-2,active
720RDDWZKA,batch-2,active
73QYEGM8J8,batch-2,active
ZKPSSD1NKC,batch-2,active
ZX1DVVATTM,batch-2,active
TX19WCPP8Z,batch-2,active
OP24INKL3U,batch-2,active
HZ9NM8C7DP,batch-2,active
ZSDKWVE6B5,batch-2,active
N9CJ44P0II,batch-2,active
R4RK507N4E,batch-2,active
IOYFQY62S1,batch-2,active
GXAL3ZOT07,batch-2,active
JVC1Z4KLU2,batch-2,active
LXH3OW1ATY,batch-2,active
0VLPGPB7ND,batch-2,active
RETRAL3B08,batch-2,active
CVF9KNO178,batch-2,active
H5LGEUR518,batch-2,active
2W7F662VZB,batch-2,active
PPXJNUJPEI,batch-2,active
NEGBGV9E8X,batch-2,active
28JFQ5I0Y9,batch-2,active
67QGNX1DGI,batch-2,active
ZUE2FYVQ1N,batch-2,active
M33E4FPSY2,batch-2,active
4511C9LV3O,batch-2,active
9P7SVGI4ET,batch-2,active
9B64SK1P4Q,batch-2,active
5KXDK3I8Z6,batch-2,active
LVYIU51V7D,batch-2,active
4PYEUOPMJV,batch-2,active
EWBXES9M1B,batch-2,active
LO2BOV9HEU,batch-2,active
OGE33XAY8P,batch-2,active
I7FBZISEVE,batch-2,active
GFU9EU7CS1,batch-2,active
V9SCUGYHMI,batch-2,active
PNV9AEMUN6,batch-2,active
5PNBNS2Z3V,batch-2,active
FJL8LU0Y0Q,batch-2,active
MSJAD2W0RM,batch-2,active
QSO9TZBZ49,batch-2,active
T5CQ61NYZX,batch-2,active
S3NEB69V91,batch-2,active
4FCO8RYLMA,batch-2,active
VMW0HUQ9V0,batch-2,active
YBTDPS8WTD,batch-2,active
P2AQNQ4P2R,batch-2,active
1BMA6UG1G0,batch-2,active
H697ITXJSJ,batch-2,active
2ZJ7BDAMSJ,batch-2,active
O5RFCVVUJS,batch-2,active
I5JSUNA5ZM,batch-2,active
S5S935384A,batch-2,active
KUV29B0XPS,batch-2,active
T05HOF451Z,batch-2,active
8U7X6PBSD9,batch-2,active
Q2FUJQ9XGV,batch-2,active
X7TP7KHMEV,batch-2,active
APXFD4H6MS,batch-2,active
BYOMOGPAF6,batch-2,active
73XGZ66CZ0,batch-2,active
LUE55ZZTJ0,batch-2,active
MY3FQFLAM5,batch-2,active
IBE5PED3X4,batch-2,active
GOG7X267DL,batch-2,active
R1Y9RXAEEG,batch-2,active
7RQ8I0UW0T,batch-2,active
1AE4JTBQUH,batch-2,active
X393GGYALD,batch-2,active
XEKXD9GBYB,batch-2,active
UOZI71J8TP,batch-2,active
WWNGDCQMB8,batch-2,active
80L6J0ABNI,batch-2,active
TO0JOZ8BD1,batch-2,active
GC44NZA92F,batch-2,active
Z52O8D3XCW,batch-2,active
2RXUK4FCJ7,batch-2,active
JG5UKKCTUM,batch-2,active
F4OBPP2513,batch-2,active
L7C44P5Z95,batch-2,active
U6ZZUN86IS,batch-2,active
F940SI776I,batch-2,active
GGGQTHZAAX,batch-2,active
7YG01M5LAT,batch-2,active
ENIKHKED23,batch-2,active
NKJHGTN3XL,batch-2,active
ARK1XOKN42,batch-2,active
1P2I27ZB1N,batch-2,active
O39BCAL4S3,batch-2,active
XGP58HEBNM,batch-2,active
7NJ8JUNGL0,batch-2,active
AVKR678IBY,batch-2,active
AZBV5PCUR2,batch-2,active
5B2DLYXE3E,batch-2,active
5CJD47CSPZ,batch-2,active
4AC9GBPAAG,batch-2,active
OMUG262GOB,batch-2,active
R0ZXQ94RQM,batch-2,active
CGXJCG5U3T,batch-2,active
R60W756KPH,batch-2,active
638MNL8LVI,batch-2,active
IM5T42UYBL,batch-2,active
SOHN9CTDX0,batch-2,active
DIL06Y26A2,batch-2,active
QFY5LQ6HZE,batch-2,active
JB67Y9XB09,batch-2,active
F1XGBTT0N6,batch-2,active
5LRAY3WWRM,batch-2,active
J6467E0FLH,batch-2,active
ZBWESHKW05,batch-2,active
M01OYVGQLY,batch-2,active
DMLJPY68VE,batch-2,active
CWXI9F7HLF,batch-2,active
LJFV7LONLV,batch-2,active
D56R94GGCY,batch-2,active
EIX0HRG2U2,batch-2,active
RN6OFHV190,batch-2,active
CIA1KXCVAO,batch-2,active
1HC24ANN9Z,batch-2,active
4KXZ07W14Q,batch-2,active
1TII6G3AGT,batch-2,active
GZ534AEKTV,batch-2,active
RE7MFJ175P,batch-2,active
PYVH7VD1AT,batch-2,active
B5OP4XR8QT,batch-2,active
V1SJ3ZY8VX,batch-2,active
TLCY9BX0HA,batch-2,active
4FXIYUF6BW,batch-2,active
JEBXY344GL,batch-2,active
GWEC2QH4NZ,batch-2,active
GAPJBF1GZB,batch-2,active
AKZ4KG1DA6,batch-2,active
A1LHGZYPDX,batch-2,active
FBXK69YZ62,batch-2,active
HDTR13IEL5,batch-2,active
YTJ7DM0R60,batch-2,active
61J7H7AMIA,batch-2,active
IQ9F5XVRL5,batch-2,active
FPXWSR1FJU,batch-2,active
MGPI6QUTV4,batch-2,active
CX8VJBXI6O,batch-2,active
YBUOYAPOHH,batch-2,active
M6YBV1ZDMD,batch-2,active
95W3BT6XNC,batch-2,active
JJICO9QY8Z,batch-2,active
9YC454O9QQ,batch-2,active
TAC532INNO,batch-2,active
UG81DXK7QR,batch-2,active
BK0MC4QANM,batch-2,active
3T6P9AUE2C,batch-2,active
BFFJ5OIQ0I,batch-2,active
7RVIAJYMNG,batch-2,active
65PRDDOF52,batch-2,active
E34ALBP4M2,batch-2,active
VMGBEJA9LD,batch-2,active
1C2JY6MEQG,batch-2,active
TJ12WSVMLP,batch-2,active
UQB2LSZTP7,batch-2,active
VKUUE4TWRA,batch-2,active
UDU2WHQLMA,batch-2,active
8YPD3NMPVN,batch-2,active
51ON7446Q5,batch-2,active
BAXGHPIVRG,batch-2,active
DPBPNDWC57,batch-2,active
QCGAEXQGPN,batch-2,active
A434VA36H9,batch-2,active
CNHTZ81KLB,batch-2,active
29MK5SK4V6,batch-2,active
GF9WUXZ3ZO,batch-2,active
2XEJ8GQCB3,batch-2,active
0HIOEAAYSZ,batch-2,active
FJZNM27ZW9,batch-2,active
BZFGCADZ9P,batch-2,active
6ZHB8YYB1S,batch-2,active
5IV9D1F63D,batch-2,active
WYMRAUDVVT,batch-2,active
8QQJTNQ9SC,batch-2,active
7XSP8XWUAQ,batch-2,active
IMTZAAFLP9,batch-2,active
RCQMJITLYK,batch-2,active
3UZSA505G6,batch-2,active
QTEJSEUZBT,batch-2,active
VHS3MD1T8Z,batch-2,active
4IGV43PFNW,batch-2,active
PO4Y98XY8X,batch-2,active
PED8AYI4Q3,batch-2,active
NVAKGLE3AP,batch-2,active
VJGW106SWK,batch-2,active
CEKVEO4NSO,batch-2,active
E1ITZDY9NB,batch-2,active
G5J6CNJ54C,batch-2,active
TYHYPE4NRN,batch-2,active
3SPOM12KKC,batch-2,active
1UG9P8H7PU,batch-2,active
7XELGUO4Z5,batch-2,active
N8O77FJWM2,batch-2,active
FZ99V5JU4M,batch-2,active
IMXR071IM5,batch-2,active
JZ2BTON0WZ,batch-2,active
XR0GKUZ44C,batch-2,active
BSAEPH6M28,batch-2,active
IYEDV52596,batch-2,active
B33BQ1W9BS,batch-2,active
XD6EZASHJV,batch-2,active
TT1EFI9D2B,batch-2,active
U0D2O61ZF1,batch-2,active
LCTF0RG8EB,batch-2,active
MEBXKR3XEG,batch-2,active
H2JPHQ4T0B,batch-2,active
3TQI6JO1IR,batch-2,active
J7EHN07Q90,batch-2,active
NJVWVHYBJJ,batch-2,active
ZZGISC4GO1,batch-2,active
V50XFGXBIA,batch-2,active
PFD2ENJXRY,batch-2,active
IJWGQ04Y6M,batch-2,active
L9FMGXEAV3,batch-2,active
WYMA3EESB6,batch-2,active
JSY926086O,batch-2,active
O7L8QVNNZ1,batch-2,active
V54PKMUM68,batch-2,active
GT1WDMAQG7,batch-2,active
NOQCOOLNSS,batch-2,active
8DP0Q87I6V,batch-2,active
D3LCG72D4N,batch-2,active
VH9D7DEW6V,batch-2,active
6SGKJZOGFU,batch-2,active
J28HSSHHX3,batch-2,active
RTQ665CVCU,batch-2,active
ZYI5PI3BPG,batch-2,active
47LGPXK55E,batch-2,active
D8SXYILZKY,batch-2,active
8C90A53UD7,batch-2,active
ZO2IPV5VEK,batch-2,active
HFTOLKWLW8,batch-2,active
K59280PPRC,batch-2,active
TF9G85RKSV,batch-2,active
UK6M7KMH55,batch-2,active
JVQRLKLXTY,batch-2,active
SINQFC1PTP,batch-2,active
GH22ODQV1H,batch-2,active
420NG9L06J,batch-2,active
FQKI3HYSAS,batch-2,active
MGEPT5P3IX,batch-2,active
86C05Y0N0X,batch-2,active
1CT0HEOUZI,batch-2,active
QRE2Z13A2K,batch-2,active
0J9BY8XHMB,batch-2,active
HCW0KDHLMZ,batch-2,active
5TJYXSGZ9Z,batch-2,active
Z72DERSCJC,batch-2,active
TY5G79ULCK,batch-2,active
LL9199VF4E,batch-2,active
T510SGM3E5,batch-2,active
22N3S3GFXX,batch-2,active
FEVTB5D12A,batch-2,active
NUFVHWYLIT,batch-2,active
INYRIH17Q9,batch-2,active
7595BEUNX4,batch-2,active
66JOYI94UG,batch-2,active
0GF4ILSPYM,batch-2,active
BTL44QWFR5,batch-2,active
HRT57NWHGF,batch-2,active
3PG4P2FTE0,batch-2,active
O1D4EM155Y,batch-2,active
1PLDD3E5L3,batch-2,active
WMNXH29HNQ,batch-2,active
GWUHR1W79C,batch-2,active
58B784FKID,batch-2,active
410L6KPYAS,batch-2,active
L0NT9M6IES,batch-2,active
8IE4P1Q4AV,batch-2,active
7XWRKI6KTL,batch-2,active
CBUH2D8WIO,batch-2,active
RKC80MROH3,batch-2,active
M4A5RBEJZ5,batch-2,active
YFBECQSTWR,batch-2,active
6VL8QXV8Y7,batch-2,active
BHN52DK20N,batch-2,active
YKAND39PDQ,batch-2,active
5LV0EJ57P8,batch-2,active
XRZ3T01ATW,batch-2,active
NIUNMR9XZL,batch-2,active
ISTXS1HNEJ,batch-2,active
ZB4IKFYWLF,batch-2,active
8Y30I44Y4G,batch-2,active
PQV7D3RUVN,batch-2,active
JXVVKXIR26,batch-2,active
X4YZX1OOWX,batch-2,active
YNBRJBSL32,batch-2,active
SXYN2LR3FK,batch-2,active
ORNHS6YYGR,batch-2,active
SKQEDIY48A,batch-2,active
8WC7A37R0Y,batch-2,active
KODGYT1JJB,batch-2,active
VFPCSLNSJG,batch-2,active
E1C7C859U7,batch-2,active
91TEXBF9NX,batch-2,active
53OEWETP90,batch-2,active
7D8QRYO5D7,batch-2,active
MKJXVYESV6,batch-2,active
3XF8OODTK8,batch-2,active
UOQNLIEI60,batch-2,active
QN77UHYKP0,batch-2,active
BPYPSZKMBM,batch-2,active
4B3XGWJK18,batch-2,active
38D1J511IJ,batch-2,active
YFF6XYZ1LG,batch-2,active
IQJ62GBFA8,batch-2,active
QN41BTJH0O,batch-2,active
R7LDC3N0HH,batch-2,active
04YCVJHZN3,batch-2,active
9I6ZP2WZSR,batch-2,active
DGDDUJJ0Y2,batch-2,active
OYH5WVXS2N,batch-2,active
OIJ4L1Q326,batch-2,active
BWHEOFFQ5H,batch-2,active
U8CKOWTYBZ,batch-2,active
86AALCK6HJ,batch-2,active
N1W71EABVS,batch-2,active
EZIA4CXWWT,batch-2,active
KMY9PYMC20,batch-2,active
QNQCN1N1O9,batch-2,active
G7LFLGMTYP,batch-2,active
LNBM3ANFMJ,batch-2,active
ZNNP693JY2,batch-2,active
0SNNHABL31,batch-2,active
TFSWAE3DQW,batch-2,active
CT2F638WTA,batch-2,active
C8UQ8FMYZY,batch-2,active
OTP5GYOQTJ,batch-2,active
QXTVQOOGO6,batch-2,active
5TKHLROFIL,batch-2,active
Q7RQN7R8AQ,batch-2,active
XQIGWKGQQV,batch-2,active
SR202RQAXN,batch-2,active
ZJZSS259C8,batch-2,active
M0J2EVW8EP,batch-2,active
ZZPM6J86A4,batch-2,active
NQH0V3KC5K,batch-2,active
L1WZYPUB14,batch-2,active
33JCR59CNR,batch-2,active
EANEWJMZ25,batch-2,active
56Z2C3FIU4,batch-2,active
DMDHURU1HM,batch-2,active
VVFH9PPWD0,batch-2,active
ZL3659XM7W,batch-2,active
PZ4EEBQP5X,batch-2,active
QHGCK642CU,batch-2,active
NE09QKEZ41,batch-2,active
ZGYWQZYXHD,batch-2,active
L0AT4K96FJ,batch-2,active
Z5PCYOINM3,batch-2,active
L7HS2HIYQ3,batch-2,active
K0YAJXQJ6R,batch-2,active
F9DMVG324F,batch-2,active
CMTSBS4ZV7,batch-2,active
X1QT4SIIVS,batch-2,active
SPYM742LQ4,batch-2,active
IMB67P5JWU,batch-2,active
6OY7U9H6WK,batch-2,active
KKFPEMB1P1,batch-2,active
ZF5AWNC7ZX,batch-2,active
B7NYYN1ABR,batch-2,active
SOLJF1W9MI,batch-2,active
EZ2C5FMHZC,batch-2,active
6CZA90ZW0J,batch-2,active
36D5PVAUPE,batch-2,active
TI7ACSJL1E,batch-2,active
WWVYMDG5U1,batch-2,active
9XOM8ESAYH,batch-2,active
P691X8IBI4,batch-2,active
GE6TDFBWOD,batch-2,active
66VBFC47HQ,batch-2,active
1DHN5O39ZK,batch-2,active
8E5TIXV0K1,batch-2,active
XGI2KLAT6D,batch-2,active
JBIIWNL6XL,batch-2,active
QE177CPOR0,batch-2,active
TH9Q42I6SY,batch-2,active
1L5N7RPMEJ,batch-2,active
BC74UWFOMG,batch-2,active
X6YUYW73R6,batch-2,active
J3CU47B9AV,batch-2,active
DQRYUTLPH9,batch-2,active
PO2QJITWRN,batch-2,active
4KO3RIQDVC,batch-2,active
41SONP7B8D,batch-2,active
Y56K4IJ6GD,batch-2,active
GU2FOQOWYS,batch-2,active
R6UFGYJNDL,batch-2,active
U4FQ84RWNQ,batch-2,active
DYJT8IVUPY,batch-2,active
SPWMHQGB71,batch-2,active
MB0Q9BPH1X,batch-2,active
ORG6PH1MCT,batch-2,active
9XVAFEJ1B6,batch-2,active
D9Q3CJJO1K,batch-2,active
EJS7SLGZW8,batch-2,active
CSVNFYAUG3,batch-2,active
4MSI6ZIPUD,batch-2,active
F2PJVFQYB9,batch-2,active
7P3HN0QDKC,batch-2,active
INQATJKRD6,batch-2,active
ECPG9FOY1X,batch-2,active
DMVFOLMUWA,batch-2,active
7B5BUATGMH,batch-2,active
LL11AWT4VH,batch-2,active
JXDQ8G1MXI,batch-2,active
4ITNBZLGJQ,batch-2,active
XW05IR1ALY,batch-2,active
2RK7QQXIER,batch-2,active
3NFHAF1D1F,batch-2,active
8YOQERMX2Q,batch-2,active
62MXM6USBB,batch-2,active
MJ38K2ROCL,batch-2,active
CG542RJAC8,batch-2,active
CLJGYNDV5R,batch-2,active
ECLVFL5R12,batch-2,active
93XM7CG9IW,batch-2,active
ASNOKTBB6I,batch-2,active
GBO2HYC91T,batch-2,active
LB9PP533GH,batch-2,active
AHNA4UUO0N,batch-2,active
J66HIIRHKU,batch-2,active
MF9WBLMWKP,batch-2,active
D5AO3HEX62,batch-2,active
VJHRXT01Y0,batch-2,active
4M94VXXGUX,batch-2,active
CJLD5XK0DY,batch-2,active
USVXQAXT5D,batch-2,active
DFHROSGWDC,batch-2,active
YHWXDK6EPC,batch-2,active
GCTZA1QVTC,batch-2,active
HVU656017H,batch-2,active
9R1Z1E3AUK,batch-2,active
5GYYXEXJYX,batch-2,active
TNKUCOE2KB,batch-2,active
2L8N43SA7I,batch-2,active
BN524Y3PPI,batch-2,active
863DQYEKFL,batch-2,active
FPKX3N1JOF,batch-2,active
P6HIUL0TLW,batch-2,active
4SLS7WLDA0,batch-2,active
HSDNMO6ZQP,batch-2,active
VXGOOTDD4K,batch-2,active
JS7OBWKS9V,batch-2,active
WQOXIDRVJ7,batch-2,active
Z916KXHTVJ,batch-2,active
T8BIQGIMPH,batch-2,active
BFPN8BJRI6,batch-2,active
YJ0VCB4BUY,batch-2,active
7LV8QECCZA,batch-2,active
PCL3HYTIGT,batch-2,active
MUL3NDQ0L4,batch-2,active
OUGX0886EC,batch-2,active
JHUOVBIV95,batch-2,active
59G60UJIS4,batch-2,active
CNMVQNC5AH,batch-2,active
SO1I44USQP,batch-2,active
1U4IFJ68JU,batch-2,active
8NDO19DS18,batch-2,active
147Z15KUB9,batch-2,active
YWVU9QS4RZ,batch-2,active
UVNV5P3048,batch-2,active
OQ8O2V6VNI,batch-2,active
Z9ZBA9GHCO,batch-2,active
UDP08REMJ5,batch-2,active
FPQNIXU21P,batch-2,active
X3Q446P4J8,batch-2,active
ISRSTRV1TB,batch-2,active
HQ53KX7MSB,batch-2,active
6DRLW7NG4A,batch-2,active
NU011KHA7W,batch-2,active
YJS9KI9C4J,batch-2,active
JWM9I11AUZ,batch-2,active
BX4239X5ZF,batch-2,active
S2JHLJZNZD,batch-2,active
YHFR4WM2L2,batch-2,active
31485LGA3U,batch-2,active
RXA8QFIWZY,batch-2,active
MJ78E6Y5C9,batch-2,active
IUR9B772NN,batch-2,active
8BGBQR56DA,batch-2,active
IHMOMTFYDX,batch-2,active
IB41DW8B43,batch-2,active
OPQZMDN1YO,batch-2,active
TRQHIU4FCF,batch-2,active
3R3N73UIXH,batch-2,active
TGWRTLCNLT,batch-2,active
YMGJOG11BZ,batch-2,active
O2XTOW3GFE,batch-2,active
JXFRF4SFON,batch-2,active
TL58C1MC5R,batch-2,active
0CKJYXIEIZ,batch-2,active
TWY9W8I2CZ,batch-2,active
LN83Y2WNQC,batch-2,active
MRRKAKCH2E,batch-2,active
QQ3D2WEUJK,batch-2,active
UCPXVJRNJS,batch-2,active
5IEXK20QWL,batch-2,active
BOZ70MQBW7,batch-2,active
DGMU07NY4I,batch-2,active
DI6TUORXUB,batch-2,active
KDLUIDXWV3,batch-2,active
TZCQ02BT2N,batch-2,active
ZG11WPL2RL,batch-2,active
6GIKRBP2UC,batch-2,active
FKIRCQCLV5,batch-2,active
ETA2OUGZHY,batch-2,active
GXU1U2VKDU,batch-2,active
7PVXRSZ6NI,batch-2,active
7V9HRBML1W,batch-2,active
5BTJAH6SBL,batch-2,active
GI3J4AIW6C,batch-2,active
62H5SDYHZ7,batch-2,active
6HNNSR484G,batch-2,active
049DIHXVP8,batch-2,active
S3OJXMBTZ9,batch-2,active
M9YFIPMU64,batch-2,active
JDXW6LGGYN,batch-2,active
9CGF9O317J,batch-2,active
S8K6KZM1QC,batch-2,active
I27AS4RAPI,batch-2,active
QUYWWWJ5BA,batch-2,active
K5337R117A,batch-2,active
J673N0H4B0,batch-2,active
62W408U7WM,batch-2,active
CD928SCEKB,batch-2,active
XZZXJ8AJT7,batch-2,active
RLOA9O0AYO,batch-2,active
YEV5LDZSM3,batch-2,active
Q1HCNZZ23P,batch-2,active
L2TNAWSJM7,batch-2,active
ALI0TLFK3X,batch-2,active
3RSQ45HSBD,batch-2,active
Q0MCJFOKZG,batch-2,active
4JO3RA7N0C,batch-2,active
HX5MKWUTA1,batch-2,active
PG580QUX71,batch-2,active
8SHMJLM3JW,batch-2,active
C13GD6NFLC,batch-2,active
N6OYHWAUN3,batch-2,active
MS6A156561,batch-2,active
REX2R2A94X,batch-2,active
C90MK53EOT,batch-2,active
9KDQBY9NLH,batch-2,active
OD077FVTIU,batch-2,active
KRX7N60WU0,batch-2,active
4GFX8NJXTL,batch-2,active
KWI9AY7D94,batch-2,active
ZJ8IWO1I6S,batch-2,active
8MGREHRMTG,batch-2,active
XLA27E5K4M,batch-2,active
W5WGWI0D9I,batch-2,active
ECJSKFGMMN,batch-2,active
X05WP9V9HQ,batch-2,active
NHY4GPZN8K,batch-2,active
WPP4GW77KR,batch-2,active
F1QRG69X6D,batch-2,active
8EK4D5IOWT,batch-2,active
WNJK48KW5Z,batch-2,active
X6PAYH2E0H,batch-2,active
4PYP094JMV,batch-2,active
PAPU1WRXXN,batch-2,active
IFU2TVGT4S,batch-2,active
L92EB6V9RR,batch-2,active
H30U0YSDUX,batch-2,active
3HK69B26DM,batch-2,active
1ZSGWFVHQP,batch-2,active
GAL8GY7NZ9,batch-2,active
NCT6YPXZEA,batch-2,active
I7XBT549DA,batch-2,active
PXZSQY223A,batch-2,active
2VO0H8V2FE,batch-2,active
T2P3XLGVNX,batch-2,active
Q5SXVY9O1D,batch-2,active
JS7XDVQ0QV,batch-2,active
3J8Y3VYSJK,batch-2,active
C4B8VUF1K9,batch-2,active
UNO8133U6Y,batch-2,active
Z2599HWTBU,batch-2,active
8R1YCU9R36,batch-2,active
LWFB476H0R,batch-2,active
EUPML8QQK4,batch-2,active
SJTK36Z6E4,batch-2,active
WHKGH4972Q,batch-2,active
0JX8ET41HJ,batch-2,active
JQGP3D909K,batch-2,active
8OWX4TC776,batch-2,active
D40NV6U9VN,batch-2,active
1BG7H4JM9X,batch-2,active
EDEIIPYR8V,batch-2,active
GHIK87R5MK,batch-2,active
IZ49BK5F0H,batch-2,active
FH61PNEX84,batch-2,active
F2J5GW9S34,batch-2,active
I1L3OGBJ3O,batch-2,active
5JHOQMJB1X,batch-2,active
HQO3024D58,batch-2,active
01S0UREU92,batch-2,active
WL4DON55RI,batch-2,active
RLOMP3Q1UK,batch-2,active
BOP1E01ZPU,batch-2,active
LQRYJ0FLDG,batch-2,active
L2UKC01DBE,batch-2,active
FS2OMBNB5R,batch-2,active
WU56ZIP9YA,batch-2,active
ZYR15CN4GJ,batch-2,active
D2S3H4L34J,batch-2,active
8M6CB2CIKW,batch-2,active
Y4K4UL812C,batch-2,active
OHV5R0VSGI,batch-2,active
FCM3PP9M19,batch-2,active
7Z84VNUFBI,batch-2,active
TUWS2GMJO7,batch-2,active
XCIUPBICOG,batch-2,active
550G2GDAC3,batch-2,active
UJL3G10RVB,batch-2,active
OY2IBOCW0B,batch-2,active
3JDP3FG6M1,batch-2,active
ERFORSO8UU,batch-2,active
PTEOQ2QDOP,batch-2,active
WUDZ5HI2UZ,batch-2,active
HOX7NI8X6B,batch-2,active
MYB51JQK7O,batch-2,active
CTW8UB9YI2,batch-2,active
937O5NNCWE,batch-2,active
P0109C833Q,batch-2,active
58X2NF9HMO,batch-2,active
ZE91HD40SS,batch-2,active
PB3L1R0YFY,batch-2,active
YUJQQ2QAIW,batch-2,active
Z05XHZAE6W,batch-2,active
7CKCPWJYFK,batch-2,active
5A6S8KY074,batch-2,active
WU6YXZYIVU,batch-2,active
OR7CUKPTSV,batch-2,active
LM4CPSIR41,batch-2,active
UT7V6SR0H1,batch-2,active
HZGV9Q2KN5,batch-2,active
ZHTLISDUCU,batch-2,active
LGQ660HQ11,batch-2,active
TRNWPZBH6K,batch-2,active
SDCSRHMERZ,batch-2,active
RIFWP9NIQ5,batch-2,active
PLA0QHS6WQ,batch-2,active
IK1VJLZ754,batch-2,active
1RK3Q154J2,batch-2,active
M6C6TISGQ8,batch-2,active
ID3YZVYBJI,batch-2,active
2HI7PWFEAH,batch-2,active
2MW6VFF4BC,batch-2,active
FLAH6XBULL,batch-2,active
PI6I97Z7BC,batch-2,active
87BH3LAG6G,batch-2,active
EAE55TG0RI,batch-2,active
MR5HXFHJR3,batch-2,active
7G0QATW59O,batch-2,active
RS740A1NIB,batch-2,active
SOCVSDPQFX,batch-2,active
HLZ4RJ7F4Y,batch-2,active
Z7USZQVUDM,batch-2,active
XDABY8Q2FM,batch-2,active
3M9WSTA2KQ,batch-2,active
KSF2307NAH,batch-2,active
WASX51TJB8,batch-2,active
MMU5JFSSBS,batch-2,active
Q10AWXO940,batch-2,active
U7R3OJAT9J,batch-2,active
5GGLGHH2BT,batch-2,active
PZGWM446H8,batch-2,active
8M8I0XTYLM,batch-2,active
4R0Y2940VF,batch-2,active
KMMWTQEU1L,batch-2,active
4AZDUN327R,batch-2,active
HAPHLP3MAI,batch-2,active
VFSBW0CEW8,batch-2,active
D4S9H5O4A0,batch-2,active
AVRSS1VGQW,batch-2,active
P3G0L4X78V,batch-2,active
LHM27DUSQK,batch-2,active
QJTXN8WCZ2,batch-2,active
0M4Z0BO7BL,batch-2,active
G1LW5GXXEU,batch-2,active
L62BM50WIT,batch-2,active
R2P3EJQ10V,batch-2,active
HJF5J2P2JB,batch-2,active
UI9AB6CIZM,batch-2,active
HFGRJG0V3T,batch-2,active
8Z20PGL7VA,batch-2,active
1CFR49JV0G,batch-2,active
L24GAF3UXZ,batch-2,active
USP8KHGM7M,batch-2,active
OTLYLATFAL,batch-2,active
SHV2WB8SO8,batch-2,active
F3KV4N8K22,batch-2,active
U6O1J0VH77,batch-2,active
DC6XG7XACQ,batch-2,active
7704PWWC3P,batch-2,active
W9URYAUNI0,batch-2,active
K6EGSES6GJ,batch-2,active
ON0Q5LRGLE,batch-2,active
6RGB4EJ3HM,batch-2,active
EMK91TFXZD,batch-2,active
H9YO1SJSQS,batch-2,active
C3B4VL013H,batch-2,active
O8WOZKZ2M7,batch-2,active
U89UCQ4EFQ,batch-2,active
HBR5ZZLFSQ,batch-2,active
DNLGV0RE0C,batch-2,active
1DAXUIB1TH,batch-2,active
J2WRCB92FO,batch-2,active
11WAEIPT0O,batch-2,active
TR3N6DIVJX,batch-2,active
R0FRRU4L5Y,batch-2,active
4AUO0ZH9GI,batch-2,active
RANBATDB9M,batch-2,active
0W2VCM1BS0,batch-2,active
ZM11GS8P0R,batch-2,active
589ANE9Q6H,batch-2,active
DMGJM57T6R,batch-2,active
CPCVN4NSVC,batch-2,active
VYWJQ3UFXD,batch-2,active
30RB3WYFIB,batch-2,active
CB9597DFQQ,batch-2,active
NI8VKDT2UU,batch-2,active
TA426PSTBS,batch-2,active
O5N8GZEDKM,batch-2,active
R39KHJDLIW,batch-2,active
O4YOM8MTVF,batch-2,active
BI0WB9C7QN,batch-2,active
1X9VJBSO86,batch-2,active
UJ8I7T1VYT,batch-2,active
1DWP66IXGV,batch-2,active
E2Y9C3JBID,batch-2,active
XT5JJLXTQQ,batch-2,active
F45ZAJ3V3I,batch-2,active
EMWMHXQKTT,batch-2,active
LIO7E18TO9,batch-2,active
S0XE820JY1,batch-2,active
UURGPICTSK,batch-2,active
N40PMFZ3VG,batch-2,active
NO2TPF2FZC,batch-2,active
039ECFWTPE,batch-2,active
KDAB79W8VV,batch-2,active
V00C1UK20L,batch-2,active
JL23023SGX,batch-2,active
GYWL1L7WWX,batch-2,active
Z4Y817P2I1,batch-2,active
3YM7PJAWXF,batch-2,active
ZS1M7XJ4WW,batch-2,active
X7835QLBKC,batch-2,active
OQJ0ZLKTEH,batch-2,active
44E9MPUVYO,batch-2,active
A814KJHFJ9,batch-2,active
YM939YM84B,batch-2,active
TAQM7OXK1M,batch-2,active
HSNNHAGOG2,batch-2,active
ME6FVJDBX8,batch-2,active
ZUEXMYN3YG,batch-2,active
3765TLUEDJ,batch-2,active
SBGR9E38KO,batch-2,active
ZBP3I6GLGT,batch-2,active
P9015WSN5V,batch-2,active
3KPI86JP11,batch-2,active
VJ1RNFXWSO,batch-2,active
X8YVQS4DQJ,batch-2,active
QR5P3B2J95,batch-2,active
W5XRLMOVEA,batch-2,active
5BCEJHFHLP,batch-2,active
GC0RFIMP74,batch-2,active
FWVLLUKR4E,batch-2,active
C73QXYJKRJ,batch-2,active
5Z8YILQOST,batch-2,active
U2PAFYE6EV,batch-2,active
YQ5757EIQW,batch-2,active
1W9CO5B350,batch-2,active
EQW7JRG5VK,batch-2,active
DMO5NN2JCA,batch-2,active
IT2H9AVUNW,batch-2,active
LE4FYWATOX,batch-2,active
FZLZ8LREL9,batch-2,active
G9QBEWYJAU,batch-2,active
4L6KNA8LBL,batch-2,active
JY0XQWFPTI,batch-2,active
HHKWBO5YVX,batch-2,active
58YRS96635,batch-2,active
S6N9D7HPF7,batch-2,active
IF4QLDRDE1,batch-2,active
27HQC0TFDR,batch-2,active
F57QPK7B4B,batch-2,active
HB7311SZKL,batch-2,active
4PHNP57D6Q,batch-2,active
TZ20LW3FMB,batch-2,active
U5PU794862,batch-2,active
4J0XP0T6R7,batch-2,active
FS13A31WNM,batch-2,active
1FD8E464UG,batch-2,active
VXB78LE8PF,batch-2,active
AK1BSC4CR8,batch-2,active
YZFGP45LQC,batch-2,active
XG7VZOVDUV,batch-2,active
FZKMJSJ5FW,batch-2,active
NTWNHKQF4V,batch-2,active
CF1KJMQKI3,batch-2,active
CI6IXREPTG,batch-2,active
UGLD7G0V62,batch-2,active
NIXGR7CPYD,batch-2,active
P53N16MNK0,batch-2,active
4Q1XLM90QX,batch-2,active
0N1WRSVK9U,batch-2,active
1MJ712OJ3Q,batch-2,active
35U7XLPTYH,batch-2,active
XYUPVWTF5O,batch-2,active
2FR0DIWK31,batch-2,active
LOG5NWOIPR,batch-2,active
JC1I06YOPG,batch-2,active
ZEN1HWKCPT,batch-2,active
TU26IBTKJ2,batch-2,active
6KGXV8KNMO,batch-2,active
U21Y0ZE3TF,batch-2,active
XUOJLWFT2F,batch-2,active
WUXJ0HJ7AQ,batch-2,active
9DDZGW2HP0,batch-2,active
F2WGO5VB24,batch-2,active
680EUCTMDG,batch-2,active
5YIFDI3XDN,batch-2,active
52MAHLITLM,batch-2,active
55ROL8GX4H,batch-2,active
IFS9STJ6BQ,batch-2,active
41FTAZPNU5,batch-2,active
X617DUDVKO,batch-2,active
4B19P651YA,batch-2,active
X0JH4KPBX5,batch-2,active
C5W91UMNF2,batch-2,active
H1AV8DS91I,batch-2,active
XJQH6TXSHW,batch-2,active
INCWYBGD1F,batch-2,active
B88S45AFIH,batch-2,active
7XOFT5PT9G,batch-2,active
RMR2JH82GT,batch-2,active
JWPLSP68DB,batch-2,active
4QUUBMNZ4N,batch-2,active
L5J4O5Q7NY,batch-2,active
P0LZJZNMLQ,batch-2,active
HCQPF9QN5Q,batch-2,active
C6J6YKESEI,batch-2,active
606L60J6EZ,batch-2,active
5OGT8SWH3T,batch-2,active
4AST4EXYJB,batch-2,active
KB3WHZ21F6,batch-2,active
X4J4AWIZXC,batch-2,active
V4M67XR3GX,batch-2,active
E4KN9NM9GF,batch-2,active
ZS9ESEOWTQ,batch-2,active
H83RPHJ4CE,batch-2,active
9I4M0BOLQO,batch-2,active
DFQ006RU3K,batch-2,active
H0ZYP8H1KW,batch-2,active
VEX1IUY9CZ,batch-2,active
A6A3CY5ZVL,batch-2,active
FZO9KR2IND,batch-2,active
M86WUDHJ0G,batch-2,active
QY0BUI6NDV,batch-2,active
5HQY1WH8VV,batch-2,active
3THERSL595,batch-2,active
QZTZSA4WC0,batch-2,active
BHMH5Y8EX0,batch-2,active
I6BPBU5NQN,batch-2,active
O5DKSBOKZC,batch-2,active
TT41KQRMTB,batch-2,active
N12I8IXDV0,batch-2,active
HK850AHW7N,batch-2,active
IJSOZW2B2W,batch-2,active
LFJ9RNUAY6,batch-2,active
J4TJPGA8SM,batch-2,active
RTGMO8A80F,batch-2,active
A5K70XCCCL,batch-2,active
EBF3Z29LR2,batch-2,active
RPV9ANRMUL,batch-2,active
P7ME0EQOYB,batch-2,active
19QFU64IGM,batch-2,active
KQAS4VUWRH,batch-2,active
CPKINAXHXU,batch-2,active
TR2BZQ9D5C,batch-2,active
4YR186EAL5,batch-2,active
TSVS5D7TJ9,batch-2,active
WC6U9OYQAL,batch-2,active
125FW588VP,batch-2,active
EBBDX2CNV4,batch-2,active
CNS83D9850,batch-2,active
9CJNU94152,batch-2,active
8DXF1INURC,batch-2,active
FLST1FZ7UI,batch-2,active
IX2KTWCC59,batch-2,active
R6ECM5O6FX,batch-2,active
BYSSBOWTT9,batch-2,active
VPG8MX577W,batch-2,active
1UNBOWNZ9K,batch-2,active
E679LR02X3,batch-2,active
8Y0WD1KQFA,batch-2,active
B40XKQWB6L,batch-2,active
4QSB5VSHAB,batch-2,active
D0LUCZUMSI,batch-2,active
3JRHX114HJ,batch-2,active
4I9C3Z6TPY,batch-2,active
8RFF4MCAX2,batch-2,active
DC01LNUZRB,batch-2,active
FK7TR8SNK4,batch-2,active
M55B6TCWMB,batch-2,active
0OFOOJCAT1,batch-2,active
9QWTN6W9P1,batch-2,active
MXTK2FVO6L,batch-2,active
LWGSYF1215,batch-2,active
B3LI9D2WTI,batch-2,active
50COLNELID,batch-2,active
WAG4Y5KE1N,batch-2,active
O55RDHTPZI,batch-2,active
DVJ0UNOKIC,batch-2,active
FS3KQ6YNQ1,batch-2,active
YQEDPTY6TM,batch-2,active
TE0OZPZ1CW,batch-2,active
UCDDDGRZXN,batch-2,active
BKDR3WTIP0,batch-2,active
4CS96YA05K,batch-2,active
OUSY61PQ87,batch-2,active
9OPTXTKLMS,batch-2,active
QN3P0CWP3F,batch-2,active
DUTOWFLFK6,batch-2,active
N5RQ37A6M1,batch-2,active
SULSEYTI9I,batch-2,active
WJTOTTD4TW,batch-2,active
QIJV2SWC4I,batch-2,active
PNQCF8EU30,batch-2,active
UAW3BITU8H,batch-2,active
TRX41N23QX,batch-2,active
RNVG42PBJZ,batch-2,active
JMQL566HMH,batch-2,active
PBV89K1E3B,batch-2,active
ZJ1GBOTDYR,batch-2,active
E23ADIU2P3,batch-2,active
MLTF39TW2C,batch-2,active
E9TL8II7QL,batch-2,active
O2E0WZ70YR,batch-2,active
1XLUDKIQ9A,batch-2,active
339JJHQQ1L,batch-2,active
VAEGDUZCS5,batch-2,active
71RLAKLAK5,batch-2,active
VCVE4K8SY4,batch-2,active
CUNQBVVCZD,batch-2,active
C8HLO70H8Y,batch-2,active
A32MX4YKYW,batch-2,active
OCXBQZ5SIH,batch-2,active
0U2EWA0NPI,batch-2,active
WA1V2A2QAZ,batch-2,active
P7YQIB0PJY,batch-2,active
DE03MBGCO0,batch-2,active
EFGDELZLOK,batch-2,active
X4R8OROZY3,batch-2,active
8PD8MSVI6J,batch-2,active
50YZ41QZEC,batch-2,active
EJPLH8F42S,batch-2,active
WL0T4YS1H2,batch-2,active
XJZE5AAWPB,batch-2,active
GFM4L9EDZ5,batch-2,active
2NMJDRH2BB,batch-2,active
VY4IUN1QO3,batch-2,active
VZVIRC72QS,batch-2,active
HMNM4KYZ1Z,batch-2,active
0WDXWWP7ZM,batch-2,active
CXKL6HCSIQ,batch-2,active
XUB6B13RIK,batch-2,active
4GNW6I4D7M,batch-2,active
JIVWYFEE14,batch-2,active
IDRIAKV4DS,batch-2,active
7EJZ75FR5D,batch-2,active
XPHINB9IV5,batch-2,active
VWCCNKFJUF,batch-2,active
6NFCQVK9UG,batch-2,active
YD7BC5XXTY,batch-2,active
7E27JU42TK,batch-2,active
U39YXIO9H2,batch-2,active
VKY47UHJU4,batch-2,active
KS0ALNH2QQ,batch-2,active
GM6W0V7DZG,batch-2,active
4XST2IUDBV,batch-2,active
OVQ8Q64T7B,batch-2,active
8GXLDQLKGB,batch-2,active
Z83D5AEVEH,batch-2,active
G3PBCY5BRL,batch-2,active
P7898Z2JDR,batch-2,active
S0MC32YLD2,batch-2,active
H28T8Z7BCY,batch-2,active
I3M4L59N4Q,batch-2,active
5AXO1AFAJX,batch-2,active
O61HBNVROV,batch-2,active
4BINL4OWFM,batch-2,active
KMD6QHF6N0,batch-2,active
K5J5QBXAPV,batch-2,active
ZP9CRSS14M,batch-2,active
Z97ADYHHAL,batch-2,active
3TQID11Q6J,batch-2,active
O2OCALM1EG,batch-2,active
GLD5O7TIC9,batch-2,active
THKCPHWHTG,batch-2,active
UW7R5W9AFN,batch-2,active
5C9MKSD7GM,batch-2,active
2PF58M5KLZ,batch-2,active
WCX86DG64E,batch-2,active
CNC0GLIXHC,batch-2,active
S0JBTCQI85,batch-2,active
A93JIQY36D,batch-2,active
IS0S1EFG8I,batch-2,active
9RSL67S37A,batch-2,active
ET4SGZCFK8,batch-2,active
KS0DVC9363,batch-2,active
EZ6W6J9Z2L,batch-2,active
ZU03V8B7F0,batch-2,active
HZDQJZ7QF5,batch-2,active
G2MXO17WRC,batch-2,active
Z50O8N5CFA,batch-2,active
CBHPFMB2NF,batch-2,active
UXIRY0XX9P,batch-2,active
8PRN7RR2OW,batch-2,active
RWQX8HSBOE,batch-2,active
JXXXMG99X5,batch-2,active
4WK768DWF1,batch-2,active
VNZFYIKVNZ,batch-2,active
0W22XMZM7U,batch-2,active
YB462NVMT4,batch-2,active
UWMI86RYY7,batch-2,active
ZD48MMV2VS,batch-2,active
58F91ANV4A,batch-2,active
61U9AXHL0I,batch-2,active
K9WWZUNVJW,batch-2,active
T6N9VC2YHM,batch-2,active
9LWAHGQLEJ,batch-2,active
L9ITLEFKFO,batch-2,active
H9PIGLSDKY,batch-2,active
EICIZ4I9SP,batch-2,active
7JW68EMZTN,batch-2,active
982VEURRUH,batch-2,active
B9KW24GUCB,batch-2,active
LTXY1IV38K,batch-2,active
OU82UQPH6M,batch-2,active
4ZEDH35P20,batch-2,active
XJZL5UYUOZ,batch-2,active
K87EQWBQYR,batch-2,active
8UA63PU11U,batch-2,active
SABUQB7Y3T,batch-2,active
1ORDZVHIY7,batch-2,active
WNP64GJAIO,batch-2,active
MORW14PEUS,batch-2,active
8HJ33JXDN7,batch-2,active
GUKI2ATXI7,batch-2,active
173XOPBMWF,batch-2,active
7U1ZSMNF9K,batch-2,active
QGMQUXSPHJ,batch-2,active
JAQ9O0K6VX,batch-2,active
3DZ3CZ9EJD,batch-2,active
IWR9AMNDZW,batch-2,active
BLCH4I4B8S,batch-2,active
L1VZ70RL71,batch-2,active
O6UVTHOTPU,batch-2,active
EB70Z4DHO9,batch-2,active
S4LL43ZCAA,batch-2,active
7KOD2W3AT9,batch-2,active
9FFNMJ4KWL,batch-2,active
35CQSNS0DB,batch-2,active
R160DOC2QL,batch-2,active
RFBWBLOIIO,batch-2,active
FPI3ZNPM4U,batch-2,active
6OQWXZJC7Z,batch-2,active
PBWR8DZGRO,batch-2,active
KUXIHVHI58,batch-2,active
W7LU1UXND0,batch-2,active
XNTI3ASSSA,batch-2,active
GP4OBH4G49,batch-2,active
AVL4GJ41JU,batch-2,active
FQLNPV13Y3,batch-2,active
5PDIAEZRH2,batch-2,active
338DF296UR,batch-2,active
WJ960ZDAAZ,batch-2,active
UILTOY8M2X,batch-2,active
7GUZJVXT0G,batch-2,active
OLS6HBQK04,batch-2,active
4HQ5DTYRL4,batch-2,active
57XM1RZDD0,batch-2,active
FUDSNFPFR5,batch-2,active
NXCY6VWZG8,batch-2,active
NPJREGWSBZ,batch-2,active
BIE1P0K5VN,batch-2,active
376JUNM24R,batch-2,active
JEPFM2WK5F,batch-2,active
PRISCA3QR6,batch-2,active
EDSZ9ZG4CA,batch-2,active
V9PD3LTXI3,batch-2,active
EFKM47751P,batch-2,active
43S33E72AP,batch-2,active
8OFF6K92QQ,batch-2,active
3DVWF1350M,batch-2,active
PVMFJF80IC,batch-2,active
HXYZAWV7PP,batch-2,active
4RYXWSF95R,batch-2,active
1KX5P596NB,batch-2,active
W77SEXV5QZ,batch-2,active
ILERE3JLAQ,batch-2,active
NGLAT67AYN,batch-2,active
T84NAY1JLS,batch-2,active
L4N9TY0L40,batch-2,active
6K39S8RS33,batch-2,active
D0TXZUU98J,batch-2,active
RRN1ULXPWD,batch-2,active
3CXCGMDG1D,batch-2,active
04BUUEP4FW,batch-2,active
E7SGI6HE8X,batch-2,active
418MPBHR75,batch-2,active
G7CQ0Z0W6N,batch-2,active
29X0LQOKLF,batch-2,active
50LFTM3WC9,batch-2,active
SS1M1YUAQY,batch-2,active
PL7YZO6UZR,batch-2,active
X6HIRC7KOF,batch-2,active
0MYWZLIP9Q,batch-2,active
KSLXM53298,batch-2,active
KHZCN2WZ6M,batch-2,active
2QP6DWPYLB,batch-2,active
J04CQN78CM,batch-2,active
07E5JSQHOL,batch-2,active
GFYR6973R3,batch-2,active
SIAFIF6ZZS,batch-2,active
BQHTF3THAD,batch-2,active
J7LUKU8L5A,batch-2,active
765I1BQJ3B,batch-2,active
AWSWXZP0U4,batch-2,active
LF6QSK5HTA,batch-2,active
JSFT0F4I0V,batch-2,active
LLZKI4KK1F,batch-2,active
B1UFN4569Y,batch-2,active
I0D49WYH3O,batch-2,active
XGM8NTR0E3,batch-2,active
8G0WPBCTV6,batch-2,active
N25ALZKW8C,batch-2,active
YEAKEJXM2D,batch-2,active
YAL3Y0QU9N,batch-2,active
NIEHE3YIFO,batch-2,active
EL38BENAW8,batch-2,active
GJJYR9XHOW,batch-2,active
KM7FU2M2NN,batch-2,active
KLYI1RJWZ4,batch-2,active
BSUWIXHUXA,batch-2,active
I7QPBODGGI,batch-2,active
1W9UPNX6EC,batch-2,active
9GYB8993W3,batch-2,active
CG1W3OOIN6,batch-2,active
2USIJ5330L,batch-2,active
6S69VM1MQ4,batch-2,active
TAYQW0GBXA,batch-2,active
JY4OB4MRBX,batch-2,active
5CB52KNWV7,batch-2,active
4KDHCEALBX,batch-2,active
OZDEQUMR2X,batch-2,active
DMLM5LTXV5,batch-2,active
RQO0VCHN0Z,batch-2,active
T93ZKWIMBQ,batch-2,active
5GAO7DMGDV,batch-2,active
BDL2UAMHMX,batch-2,active
WIJDRZSB3O,batch-2,active
IK2N4Z0U80,batch-2,active
H6MK56L9Z0,batch-2,active
6CSGEBZYQK,batch-2,active
B5UPQESQM4,batch-2,active
GXWBK3OMJ9,batch-2,active
2C8B7HJEKW,batch-2,active
XF2I7YLPJD,batch-2,active
HAQ3SWNQBS,batch-2,active
J8HOF52U5U,batch-2,active
PFTYU15SI7,batch-2,active
T0YO2YOTVF,batch-2,active
WDRESNK2QK,batch-2,active
SSB2N76XW4,batch-2,active
F362UYZGT4,batch-2,active
42E9C4VU3E,batch-2,active
EPLHPI2L6I,batch-2,active
QDJ0PGLUIH,batch-2,active
J47CZS7VY9,batch-2,active
FV9R1R7V3W,batch-2,active
XDOFJUD9UH,batch-2,active
JC2HQIEAF7,batch-2,active
0CHZJ2Q52Z,batch-2,active
GZJW3H7H0L,batch-2,active
3981TTBMN1,batch-2,active
7SWLHBAPII,batch-2,active
X64923GLEC,batch-2,active
LQY7MXSA4L,batch-2,active
RAEW98TEI0,batch-2,active
9UHZI1Q51F,batch-2,active
DPZ6SQWOWE,batch-2,active
37DKX6YKQY,batch-2,active
MAZ6SYUQVU,batch-2,active
07M88MGZQW,batch-2,active
Y52RLFAIVS,batch-2,active
0QTLXEZ7QH,batch-2,active
32Q758JQBQ,batch-2,active
M083EVFU3Q,batch-2,active
GGXYONWAGT,batch-2,active
GP0OR6ZJ3X,batch-2,active
XJADUXEZI8,batch-2,active
YFJ5BGDDFE,batch-2,active
NUC899Y9M1,batch-2,active
9AO63FJLJJ,batch-2,active
0NPB9QVEDE,batch-2,active
PP4OQQJ8EM,batch-2,active
9SU18XRYDI,batch-2,active
KDY2SIMRBQ,batch-2,active
IGANAA5OUA,batch-2,active
1YM4GQ80OR,batch-2,active
9K5G2M4KV4,batch-2,active
ZR9IAZZ0O9,batch-2,active
FP99255UB5,batch-2,active
J9A7KI7E9D,batch-2,active
Y12DOX5ZFJ,batch-2,active
OV239UDLUU,batch-2,active
DBRRE17FBC,batch-2,active
TBR60NCWKG,batch-2,active
IN70BOWCPS,batch-2,active
L8S0LGMAZU,batch-2,active
UVFMLDQ4QE,batch-2,active
K4RH870PL7,batch-2,active
2HH5AWBK8L,batch-2,active
6ANSVZ99DF,batch-2,active
D9KMGZM98G,batch-2,active
G4LPH7BTKR,batch-2,active
5SNB9S6O27,batch-2,active
DU4YFY1F2K,batch-2,active
1L03NC2QQ7,batch-2,active
21WIFE60X2,batch-2,active
N919H4LRX5,batch-2,active
BDIVYYXSF3,batch-2,active
124EB1CBDD,batch-2,active
OHCEWGE3G5,batch-2,active
TDI2X9RVJT,batch-2,active
CR76YOHZG1,batch-2,active
01Y8I4BLM8,batch-2,active
WSOOPPRW0Y,batch-2,active
GH49ISRW5W,batch-2,active
L30QBAGNIG,batch-2,active
XG0MUP14Y3,batch-2,active
CBRVI97CFH,batch-2,active
OXHIXC2R87,batch-2,active
ZQ0LD4MW6S,batch-2,active
YRWUGM5U3E,batch-2,active
XZHA9LGA38,batch-2,active
TVIJICHI38,batch-2,active
YYNPG5PFCU,batch-2,active
S7G70F92XA,batch-2,active
TNNMA80YZO,batch-2,active
CU6BT1XP5L,batch-2,active
7XB1WT5KXU,batch-2,active
XQKTW4AIWL,batch-2,active
VKZ20XRB8U,batch-2,active
FM4G8F2N39,batch-2,active
ZT3KTNSOE2,batch-2,active
ES6UR6W3TK,batch-2,active
53ZUQFEH84,batch-2,active
OR84WWKHQN,batch-2,active
M0ISIAI88K,batch-2,active
OKRBQUYTCM,batch-2,active
Y7WX6IO2EE,batch-2,active
M82GGDDYYF,batch-2,active
FRIK1ZGDUD,batch-2,active
YRMGYD9DDK,batch-2,active
SFYMYD0ZL5,batch-2,active
HZ1YZ6YZ8D,batch-2,active
8AMJ218IEQ,batch-2,active
YLFKYDB749,batch-2,active
IFOUOTBHPY,batch-2,active
IFUC62VAVV,batch-2,active
7Q4MMM0XAH,batch-2,active
0IU9IEBE60,batch-2,active
UIPN5DNL2T,batch-2,active
DPAT115OYZ,batch-2,active
IIDJ4KZNOJ,batch-2,active
UZ28FYBYWF,batch-2,active
U77OC8YHDJ,batch-2,active
IJ4SNLFMMJ,batch-2,active
S5ULOR8FIM,batch-2,active
8CL53ZWJQM,batch-2,active
34JL7CUE50,batch-2,active
TPV1CDY8TK,batch-2,active
T0NW9F3FK7,batch-2,active
7RDL2YMQ0W,batch-2,active
U484OWA2SJ,batch-2,active
83KLBJYLJR,batch-2,active
2BKQU42NEQ,batch-2,active
QL8KMMFWPC,batch-2,active
1COCANGLVN,batch-2,active
VCQ6WHS050,batch-2,active
1LN91BOTN2,batch-2,active
PN18SRMBCD,batch-2,active
6RSZ48UVOK,batch-2,active
JNVAUI2U99,batch-2,active
WGVLAPTSB9,batch-2,active
K7X5C3KUMV,batch-2,active
ZEI3IOF7WG,batch-2,active
UOC0TJTF4F,batch-2,active
IHYVKTWKKE,batch-2,active
B9CJDZ3WC2,batch-2,active
HMW7MD1NUR,batch-2,active
8CUMWAF08L,batch-2,active
7INGI6GKI0,batch-2,active
NNA2LKYQ1G,batch-2,active
11323SMMYO,batch-2,active
KDHHEFDJW6,batch-2,active
55RT82TMVQ,batch-2,active
UP16VOVWAQ,batch-2,active
PV3SF25E76,batch-2,active
6JWGIBYQMD,batch-2,active
31WFBGS7KK,batch-2,active
BSQFPKT7Q9,batch-2,active
UYCSV5IUQ6,batch-2,active
HL2548RGS8,batch-2,active
OE0Y5F6GB2,batch-2,active
OB3N48M6A7,batch-2,active
L4NWW059AG,batch-2,active
6SM95A4DWM,batch-2,active
8F50VLAKJB,batch-2,active
4Y9SERP2F7,batch-2,active
UA4EAU1EB9,batch-2,active
K0SMP8ZR9M,batch-2,active
NO43RJ7CSW,batch-2,active
B17F5Z6A4E,batch-2,active
HHGSSZPAH7,batch-2,active
XZWEWAXODM,batch-2,active
QC7LLAMS81,batch-2,active
FGQDF12K5E,batch-2,active
CJ0O0HERT2,batch-2,active
9182NKEJEC,batch-2,active
82EY556E1W,batch-2,active
J3D38DN7M9,batch-2,active
7BLVUS045R,batch-2,active
VH6C01WNXV,batch-2,active
AGIPU319ZK,batch-2,active
IN8CJ2UUM6,batch-2,active
GKK7VT27YV,batch-2,active
GRPX0E794N,batch-2,active
MPXSY4NF6T,batch-2,active
KB6SO6ZV58,batch-2,active
ILSIZP4RWD,batch-2,active
TC711PK1O5,batch-2,active
C8RUH6W6IE,batch-2,active
8K1DGX459Y,batch-2,active
W0R1TP4CG3,batch-2,active
51M0WUCL49,batch-2,active
CQJXBT9I03,batch-2,active
IFOMNINQQ3,batch-2,active
D2MTDQOTVA,batch-2,active
YZ0H9NKCW5,batch-2,active
HGDY0YZ83O,batch-2,active
F1XZ4C5QKK,batch-2,active
4HKYCPDYFU,batch-2,active
U9VO102PJ2,batch-2,active
D8GZ2R2DOI,batch-2,active
HSYF2BZAUS,batch-2,active
9BUDTQ4RQ7,batch-2,active
7GI3KCK7V6,batch-2,active
UPH9RD3UJ2,batch-2,active
KJHXB93Q1W,batch-2,active
6UDNT1UXTU,batch-2,active
MD53PJNAEC,batch-2,active
Z7MCRJ2OCS,batch-2,active
M7AXGT62LS,batch-2,active
J2B3C3EP33,batch-2,active
QEDC90QEYR,batch-2,active
3G3GM3LIFJ,batch-2,active
E1JLNH1ZS2,batch-2,active
EK95R29FS3,batch-2,active
YW3PY0UA88,batch-2,active
7UNWPEMN9Z,batch-2,active
MEGAIKJ4HJ,batch-2,active
JI8AVM968B,batch-2,active
YVCQGQNIC3,batch-2,active
0R4CTRY6QW,batch-2,active
E8DK7V00FP,batch-2,active
Y0KE1PKO7G,batch-2,active
YMLC57G6NC,batch-2,active
8I3UCW8932,batch-2,active
S6DDH2L1HN,batch-2,active
MTOTABOC7B,batch-2,active
RBR2S48ZAD,batch-2,active
AMK12VP20E,batch-2,active
GBPZB5A7MX,batch-2,active
GD4QM8OCUG,batch-2,active
QRSYN3RQYE,batch-2,active
HJ6UIFV93F,batch-2,active
QPHS7QSAIG,batch-2,active
MXREEE70JR,batch-2,active
UH90GARQVD,batch-2,active
2U39E2C867,batch-2,active
2X8U1T7JTL,batch-2,active
X84TSZH2L6,batch-2,active
HDO8G17CLG,batch-2,active
RC5BFW8MYM,batch-2,active
62SL5T34E1,batch-2,active
ROP03O1PCX,batch-2,active
O9MKLWVWY6,batch-2,active
NBWO58DYKZ,batch-2,active
L5GDILO09Y,batch-2,active
MX1B0VDIKJ,batch-2,active
SXTKMPA44Y,batch-2,active
UY3JCKBX18,batch-2,active
0E2QS48LIC,batch-2,active
75999MHB9L,batch-2,active
BYUC2TI1SW,batch-2,active
4AUJL3MTAC,batch-2,active
PA4AETGFNY,batch-2,active
SDXD1LRXPY,batch-2,active
MUS59IX6NJ,batch-2,active
KIWB3YDVD3,batch-2,active
WIUFFGJ4SO,batch-2,active
D80I3VGL9V,batch-2,active
75UI0HKBRK,batch-2,active
0CT9P6UMKM,batch-2,active
299UVQZQDI,batch-2,active
ESLXPEY6Z4,batch-2,active
ULHAT5Q0SU,batch-2,active
3B3PF4I4PH,batch-2,active
Y4RT1GADCJ,batch-2,active
WLC7C3JUCN,batch-2,active
XO70TTYXRN,batch-2,active
PQS5A4HNTR,batch-2,active
UQ8C5QF77N,batch-2,active
7F42HFRTUL,batch-2,active
BM8QUGCHF1,batch-2,active
SOEQKA51AQ,batch-2,active
VCOMPGHJ5C,batch-2,active
A2WFA03URN,batch-2,active
9ZGSCAPZWG,batch-2,active
PVLR4PL1W1,batch-2,active
CYFVYKHS85,batch-2,active
P6MLHHSOV7,batch-2,active
FSLNSDS4EH,batch-2,active
8L5G1TL2SO,batch-2,active
60SZDKGWCM,batch-2,active
7TC9Q158FJ,batch-2,active
T5ENZ99KZB,batch-2,active
XD8NMUSV1L,batch-2,active
ZL2EUJANKO,batch-2,active
QPCZ1UPL0N,batch-2,active
7S6J6TV8C9,batch-2,active
MIZTW2UD4W,batch-2,active
CV0315S7U4,batch-2,active
7D79KRQNEY,batch-2,active
BEWH3GT38V,batch-2,active
7UW2J6HLB2,batch-2,active
53O009DXWN,batch-2,active
E3UAPL5KX3,batch-2,active
XUG1NHX8QY,batch-2,active
IX9ZA96F2U,batch-2,active
3072JSA7I5,batch-2,active
Z109ZYO46B,batch-2,active
PGNEILDQUE,batch-2,active
UDI0H0UHA2,batch-2,active
ZSWZXM6AQ0,batch-2,active
RD7VJDT8FA,batch-2,active
37I22FNF6G,batch-2,active
VU0P076BR1,batch-2,active
O4XZI9BBDP,batch-2,active
F7SVSI4E6B,batch-2,active
8FVSG17K6Z,batch-2,active
6KB1TTZNNM,batch-2,active
2ZLGPAVV7E,batch-2,active
L7S5GS7DRX,batch-2,active
TC9TNGVXQ6,batch-2,active
QKJCPJWMXP,batch-2,active
71GCH3RXUA,batch-2,active
IELB2QELL7,batch-2,active
5HMX9CZF6Q,batch-2,active
RGKIXPZAU1,batch-2,active
DHE6SSNXCN,batch-2,active
YHBV6KJ0MA,batch-2,active
CMMS24HQ84,batch-2,active
B6U4BIC503,batch-2,active
E39XNEY9DO,batch-2,active
AS4ZLSV65Q,batch-2,active
QGGDXJ5EOP,batch-2,active
4N62YV21DA,batch-2,active
291X25XDT4,batch-2,active
LJ2S526P4P,batch-2,active
2EIFHA1UXV,batch-2,active
2ZZHEUQFGW,batch-2,active
TXUI3SQS6Z,batch-2,active
X6R79N5USX,batch-2,active
UTUU4WZ6IN,batch-2,active
PGF2R27C1Q,batch-2,active
HMLD8B0DQG,batch-2,active
DWHNZFLK29,batch-2,active
6EW693VWAU,batch-2,active
NO6CS4XQKZ,batch-2,active
7XIFFKGKOM,batch-2,active
20H89SWHRJ,batch-2,active
AHWXR6MX2T,batch-2,active
N5IOJ39T3E,batch-2,active
L93VIZPW1K,batch-2,active
WI0A8IQVGT,batch-2,active
46GGEC7DBN,batch-2,active
NVSC9LUHB2,batch-2,active
54Q3WSU2EZ,batch-2,active
KJMJ1HV7RK,batch-2,active
KL6LWPRMC5,batch-2,active
0YAE2ZIFCR,batch-2,active
LQB9DKH5XY,batch-2,active
J3IGWON1VD,batch-2,active
6RV1MOESHA,batch-2,active
MLXI5WJVA2,batch-2,active
0HUXMLZXNV,batch-2,active
AC24YTJ25E,batch-2,active
FWQP27RPE3,batch-2,active
41UBTKKFY3,batch-2,active
R73WU1354Q,batch-2,active
0KHMYF7KKW,batch-2,active
ASTD4ZECGD,batch-2,active
VEXZ8A7NI4,batch-2,active
LIW9XTSF1M,batch-2,active
3LLSOO3FDP,batch-2,active
25DUSNGCOB,batch-2,active
PDVS4Q2S54,batch-2,active
AU72HE164B,batch-2,active
9E0P20RNMO,batch-2,active
4LNKK62S32,batch-2,active
YEHD6V0YR1,batch-2,active
REXOLOW66H,batch-2,active
SO95TNETYB,batch-2,active
JUNAOO983W,batch-2,active
XFEQFBHQ4V,batch-2,active
589BCW0YO7,batch-2,active
0M333IV4ZW,batch-2,active
Z2FDLBHUN5,batch-2,active
XYJAPFYEC6,batch-2,active
AYN1HROF93,batch-2,active
XTD928H8DD,batch-2,active
P8P3VA2RAP,batch-2,active
XK54O2VLAV,batch-2,active
42HLJ0W9SB,batch-2,active
LM1TH2HKBW,batch-2,active
OKXC3UNRKF,batch-2,active
2LF5JDFVI6,batch-2,active
LMIGPPT2TT,batch-2,active
UUWZ7D6JO1,batch-2,active
946XYCIIEB,batch-2,active
F28GGRAKK0,batch-2,active
LJ9ZA47W3X,batch-2,active
K18YBU59ZR,batch-2,active
DDQXS41K3I,batch-2,active
N9B9VO86Y1,batch-2,active
YSNTBLGDR9,batch-2,active
ZCCEO7S1ZO,batch-2,active
FR8S0D1SC4,batch-2,active
UV09KZ014H,batch-2,active
7DTH3XTEOD,batch-2,active
MLB1M01G81,batch-2,active
JUBBU32LBX,batch-2,active
V94YE54BQR,batch-2,active
OPDABTHRRN,batch-2,active
5X10UH6R2M,batch-2,active
S06AGTGOT4,batch-2,active
XZPC4Z48XJ,batch-2,active
EBKX46JC48,batch-2,active
CJHL3PJEMT,batch-2,active
IYLR3QQZ2D,batch-2,active
0LH5BCDNFT,batch-2,active
WX7BXJUA2X,batch-2,active
XI96JFVHTV,batch-2,active
EDNGRJ83U0,batch-2,active
4BMV5ODHAZ,batch-2,active
AAV0DMYAVC,batch-2,active
UJSRA47EIT,batch-2,active
JO9KVV1GST,batch-2,active
1QSA3W19SW,batch-2,active
L70HQCNTKP,batch-2,active
7A7TKS8BGC,batch-2,active
1MGSPIKU6L,batch-2,active
WC74KSFXJP,batch-2,active
ARX9TRLGQU,batch-2,active
ADL1T2OCCT,batch-2,active
J0PPCI16RE,batch-2,active
9QRZ98S4UJ,batch-2,active
565ZRO03OS,batch-2,active
UCIL16PVWI,batch-2,active
Q172KB7QVI,batch-2,active
ERYNDV509C,batch-2,active
UTHZ0546KD,batch-2,active
OLIRJI4GAI,batch-2,active
VMYA58EIMP,batch-2,active
D58CTQ6JGT,batch-2,active
2T0YXIPG55,batch-2,active
1QGPH97W3X,batch-2,active
L0WL8GRNHB,batch-2,active
8F86BA7SOE,batch-2,active
PTCKIPBRPK,batch-2,active
MRLV9VZ3F4,batch-2,active
HAA4TQ6EAQ,batch-2,active
JAXR5HX6MN,batch-2,active
71IXXOZBN2,batch-2,active
K2O5MZEXDE,batch-2,active
66BDW0PJVN,batch-2,active
BP0Q8YG00X,batch-2,active
WSQKB4ZT0H,batch-2,active
ZDR0AWME9Q,batch-2,active
W0GBPVGARY,batch-2,active
EAR3ZPAB9P,batch-2,active
PKKHLZH6J5,batch-2,active
4V85T2J3DR,batch-2,active
HTHXX35P33,batch-2,active
YRV349HSW4,batch-2,active
UTMJ54LK30,batch-2,active
05NZHB88OM,batch-2,active
ZGN22N3CPT,batch-2,active
18833Y0MPZ,batch-2,active
ZQD2SXYHYT,batch-2,active
SF6T845DLB,batch-2,active
28GC9X9XD9,batch-2,active
VA17G9NWV0,batch-2,active
I1710DEO03,batch-2,active
A30GNTWSW9,batch-2,active
8X1PBNAG0A,batch-2,active
9LI63CNOV3,batch-2,active
A4L4C66E4U,batch-2,active
OWMMX6SNAC,batch-2,active
O55YBKEA0Z,batch-2,active
D9BH70BQ93,batch-2,active
NZUT2BNLQT,batch-2,active
6MN5G6ZNS1,batch-2,active
NBOM09B7SZ,batch-2,active
47VI1C12WP,batch-2,active
RO0IV0E04H,batch-2,active
RHL6SSIZ7M,batch-2,active
2DI0XVOOVJ,batch-2,active
20XMYOL0NT,batch-2,active
BEUJI2K6DA,batch-2,active
PTS3FXIX7T,batch-2,active
6DIXCKZOTR,batch-2,active
N8SE3L5OT0,batch-2,active
LGETBQFRM5,batch-2,active
AAQZTJQ0L4,batch-2,active
C5O6T8BP1F,batch-2,active
JAC5DGDUVR,batch-2,active
FGIDASEVW8,batch-2,active
SS42SSRW10,batch-2,active
003XHW88JU,batch-2,active
W1NAZ0P9N1,batch-2,active
813R30QFSI,batch-2,active
EL4P86WS83,batch-2,active
PD7XI6EAX2,batch-2,active
QPJ86OSUQ9,batch-2,active
MCRQ3OS5P2,batch-2,active
6L0NIGOYBG,batch-2,active
HKWY1ZFTR0,batch-2,active
P53F00PSP3,batch-2,active
NA3KWOTD72,batch-2,active
0AXS745AX4,batch-2,active
FF7FCT60YF,batch-2,active
99HNXW12UV,batch-2,active
R2EOMRHXS0,batch-2,active
TG6XZJ7JM6,batch-2,active
LHSBF2GJF2,batch-2,active
SGKN4N9P28,batch-2,active
ZPLL00JFUI,batch-2,active
0HE11VAZ2Y,batch-2,active
6FFNMMW5W4,batch-2,active
5KBXWNRM7G,batch-2,active
ETUQ484N3L,batch-2,active
VSXGS4479J,batch-2,active
A0HEYC7AL8,batch-2,active
4AX9MSDYTD,batch-2,active
2A4AOKXK5T,batch-2,active
ABA5CWMYQW,batch-2,active
INVA2PH3CI,batch-2,active
BAUDWBPVRJ,batch-2,active
E6IV9S1ZN0,batch-2,active
PSVGU6WE3H,batch-2,active
2CRDZKHA5H,batch-2,active
Z81OCY0UNW,batch-2,active
8LZX70LRIH,batch-2,active
LTH22AYSH6,batch-2,active
LT9ZWUXGME,batch-2,active
7KIK12Q5S6,batch-2,active
ZM5F4UVYPJ,batch-2,active
9K7IWH50HM,batch-2,active
S29AVTGIQI,batch-2,active
BQPBJ1CIJ5,batch-2,active
1OO5C0C7YV,batch-2,active
RDSC59FKQU,batch-2,active
LDY8CGF5GU,batch-2,active
JTRK6D71I1,batch-2,active
OYAMN68XI2,batch-2,active
AP73IBQP2B,batch-2,active
ONQRE4KQS8,batch-2,active
PM46UOYL2E,batch-2,active
GHAJSXUM5G,batch-2,active
I60QFQ1EJ2,batch-2,active
LFXQ3PF31K,batch-2,active
HNS27Y7NHU,batch-2,active
DC4GGANRQ6,batch-2,active
CC3VMAI10R,batch-2,active
X0NSS7QY3K,batch-2,active
D8G4R9C5CO,batch-2,active
8ZXQ8QFTSD,batch-2,active
6MR91NK5VT,batch-2,active
DEZL6U6BPM,batch-2,active
S8Q11UP1QT,batch-2,active
295X5XCTFE,batch-2,active
9774Q5LVIY,batch-2,active
BATLTHBLO7,batch-2,active
QVSAGSIHDN,batch-2,active
OVNVCOP2QY,batch-2,active
X65PSXOZC5,batch-2,active
QL5OZ6LBJF,batch-2,active
Q62ABNSMK9,batch-2,active
OUM72DZ758,batch-2,active
OK7RONFUEN,batch-2,active
O3C7AAEHGF,batch-2,active
U8HATP2X77,batch-2,active
S8V59RZNJ0,batch-2,active
262YAC45RS,batch-2,active
29XZE4J3XL,batch-2,active
U4TYGN1ODI,batch-2,active
X1N13WZ7EF,batch-2,active
T4D3BD0ZCC,batch-2,active
OCR1T9N16F,batch-2,active
L45QSUVA6Y,batch-2,active
UJ6F1JG267,batch-2,active
ZIJ53VU7R9,batch-2,active
17R621A5H6,batch-2,active
OZ9P43TLFH,batch-2,active
YX0MXKJHRJ,batch-2,active
SXT6Z5O09J,batch-2,active
2G9YOLWU4F,batch-2,active
APM5IEMQ9R,batch-2,active
KM41OJYZ01,batch-2,active
PVF84PICMI,batch-2,active
FFORUROYRJ,batch-2,active
41AHW40TOH,batch-2,active
YRKGUXG40U,batch-2,active
4MH621S6QP,batch-2,active
HU8AGXHAX6,batch-2,active
KGV6UIDU0N,batch-2,active
V59PGSY2CW,batch-2,active
FZE94E9S3W,batch-2,active
34GA62AKAS,batch-2,active
YZJ8FTKOXH,batch-2,active
N74DFMWRK9,batch-2,active
W5Q2JY3WWE,batch-2,active
WLRDPT16OS,batch-2,active
8DVPVJYGKY,batch-2,active
8VR3MDY1NH,batch-2,active
W7VT11RPMB,batch-2,active
2GUC4WGRB7,batch-2,active
Y9WV12WZR3,batch-2,active
LCD356TGC0,batch-2,active
1R9687GOWR,batch-2,active
8LIV2JS9F1,batch-2,active
RI1MT6VZJ0,batch-2,active
FLQGIYD3Y0,batch-2,active
2A2J7L1SW2,batch-2,active
NG6P2CESO0,batch-2,active
AGH48FFOKY,batch-2,active
LPW9ITA8G5,batch-2,active
S0DJLNALT7,batch-2,active
EX4D2FFMVP,batch-2,active
0E6F2WMRBL,batch-2,active
6JH6I3BBOG,batch-2,active
Z9LF5S5146,batch-2,active
HCKN4Q8PO3,batch-2,active
9ICB0A2YMD,batch-2,active
0RH7UMGGZ1,batch-2,active
YXDZOS9W7Q,batch-2,active
S5Q519UYNH,batch-2,active
FDYEKLTNXO,batch-2,active
GBAZQL59AB,batch-2,active
23UQEXX9QV,batch-2,active
ABSAKQHDBZ,batch-2,active
MR25VXZNRE,batch-2,active
ABZC45H9HS,batch-2,active
9F36GHHII2,batch-2,active
PLIXV9US5R,batch-2,active
IPQD2TDTWF,batch-2,active
Y7F6J88S55,batch-2,active
BUHQKC654P,batch-2,active
RY0MQSDRYX,batch-2,active
E3Q65ELKBS,batch-2,active
CPZYAKD5KQ,batch-2,active
CA1J7QX35S,batch-2,active
IFHON0Q2SX,batch-2,active
IZ9ZN5WP0J,batch-2,active
3ZELTRYHZ4,batch-2,active
BJ6F3ZFFWD,batch-2,active
WCPDVB1HFJ,batch-2,active
GE183AT4U2,batch-2,active
B3I53C0IVO,batch-2,active
KSV82QJJ9B,batch-2,active
BJ8OAOJ0LR,batch-2,active
UUXOJJNDN8,batch-2,active
E169WC8NA2,batch-2,active
51B5CE3R6I,batch-2,active
5GWPIL40WW,batch-2,active
OTVVAAJSDW,batch-2,active
GPKKY7G06J,batch-2,active
UBRU9EMD0T,batch-2,active
KJ76VL0RXW,batch-2,active
1D7K8UBV0L,batch-2,active
SPU546J0BP,batch-2,active
N779H6GOYG,batch-2,active
2GCSZUED4P,batch-2,active
DWNAJXTGFJ,batch-2,active
KQ3HW6D64H,batch-2,active
4D745AQ3N3,batch-2,active
S75E09KX0T,batch-2,active
EUDWE1GH7V,batch-2,active
N58ND97OJ1,batch-2,active
K8HJWSIJRW,batch-2,active
UHNOGYDSA8,batch-2,active
H7YSGSYPNS,batch-2,active
YI7QAWCVXA,batch-2,active
9EXTAB5TE7,batch-2,active
RGAGFVWCYA,batch-2,active
CCAWT5QXNF,batch-2,active
YEH58KFXJZ,batch-2,active
NKKFI93WKU,batch-2,active
0LZB51SGJC,batch-2,active
6URTB06S2F,batch-2,active
DWH7I69V9V,batch-2,active
OXXBCPGIZ2,batch-2,active
WQJTSKJ0IN,batch-2,active
JAJZLCDAY9,batch-2,active
56K4C19NUW,batch-2,active
6M4J45RWOV,batch-2,active
LVFSJ2BCKS,batch-2,active
4CQOAH7T94,batch-2,active
3PVGRIDRJZ,batch-2,active
X4XRN1MUHU,batch-2,active
RCK3Q2WOB1,batch-2,active
IPKK9RTA32,batch-2,active
0M3XDX0B9Q,batch-2,active
LWWH5BDDVR,batch-2,active
UD3K4M4DQT,batch-2,active
ADHXWBHV35,batch-2,active
G9K9ZZY3NT,batch-2,active
AVSYPIKUQ7,batch-2,active
ZR2146S1W4,batch-2,active
QK1TCYJJBO,batch-2,active
Q6V89OU6R2,batch-2,active
V6MNPXGEIQ,batch-2,active
SKP2M3CX8F,batch-2,active
9SBW83EXYK,batch-2,active
JF0A1IA9JH,batch-2,active
JC2PVXPU6Z,batch-2,active
JMGL3T942B,batch-2,active
48C5ABWBQO,batch-2,active
PSWSTQ13KX,batch-2,active
0KP2W8N4RW,batch-2,active
LWWEMY6TIY,batch-2,active
YMJ0OOG8UG,batch-2,active
SX245FKT9B,batch-2,active
5MXW756QK9,batch-2,active
3HI8TS7OYN,batch-2,active
W77ARQEU0K,batch-2,active
6LXD0WMA2Q,batch-2,active
GKKMVAH7QE,batch-2,active
5TGBPGWMIX,batch-2,active
YCCS3W0NEL,batch-2,active
KHL833M4YJ,batch-2,active
4VLP7IM0H7,batch-2,active
ZZJVM5W3DZ,batch-2,active
2XO2BPHVY5,batch-2,active
14XZVUQ5A5,batch-2,active
UFAKKYWLDG,batch-2,active
4J10C258AM,batch-2,active
7YSOWWBMX6,batch-2,active
7ZB1I7JU76,batch-2,active
2BKPBIGJBS,batch-2,active
DRPXJ0OZ14,batch-2,active
U1FSDQ8B1W,batch-2,active
R9QHI0WZ32,batch-2,active
TIIRI7J95T,batch-2,active
DF43ORB8TY,batch-2,active
RR7VJ9ZRWV,batch-2,active
14BSEOSYRQ,batch-2,active
GGS4HNV026,batch-2,active
410T5BR6MB,batch-2,active
L7RSDEWRK9,batch-2,active
LYJ5YO3NKG,batch-2,active
4O2ZO3LU3V,batch-2,active
YYVZLKDHPV,batch-2,active
FTGF8WPNGF,batch-2,active
ZDVTQBWKR5,batch-2,active
OQBTA25WBX,batch-2,active
NBSJEKA827,batch-2,active
4AA2RDKHUU,batch-2,active
ZT8OSOE9ME,batch-2,active
C2M4ZUOP4X,batch-2,active
AE7KLD5Z5X,batch-2,active
G3C2OX84C6,batch-2,active
9EZ13J06EI,batch-2,active
CB7LSMZFYW,batch-2,active
JA9CP1B4X8,batch-2,active
4CP98XAY4Q,batch-2,active
C0TH6KMO0R,batch-2,active
EEFSVNI2PG,batch-2,active
K09GERRE2T,batch-2,active
YMFRD6MPJV,batch-2,active
0BXN8AO6M1,batch-2,active
6BGBWW2MVV,batch-2,active
BZMFEO443I,batch-2,active
XDH8CBK23I,batch-2,active
2MN7DK85IK,batch-2,active
ZT4I4GDQ8B,batch-2,active
45S83PKSO1,batch-2,active
KG1UW42XYB,batch-2,active
5CX6QORV5N,batch-2,active
PRY7TOLDEV,batch-2,active
HIHAIS5RVI,batch-2,active
SP4EW9LCVE,batch-2,active
NEU28CAGVE,batch-2,active
JG08F59GI6,batch-2,active
O6Q0CWEOBM,batch-2,active
OSMVEMIISY,batch-2,active
BDGURSHTKP,batch-2,active
HBUCZZ3AJR,batch-2,active
KUNPD7QWWA,batch-2,active
Z86STWZ772,batch-2,active
D5141YRD1M,batch-2,active
F4EZBUJQZD,batch-2,active
29VVAGZPGU,batch-2,active
KK3XHHLPY0,batch-2,active
3TSDM5SD61,batch-2,active
SEVTSRU9W6,batch-2,active
AAY4WLAFJF,batch-2,active
Y505QS5EE9,batch-2,active
QQPV1T2UQW,batch-2,active
9BZPZOQQCI,batch-2,active
EZ287Y1OTX,batch-2,active
90EFIIC66R,batch-2,active
2ALUCNGLN1,batch-2,active
7JYCPD6XSK,batch-2,active
Z6IJ81ZMMI,batch-2,active
WA4ZZSR39M,batch-2,active
RZV6OOH00U,batch-2,active
M8HJ38JKWP,batch-2,active
NRRMR7EXO0,batch-2,active
MQ8K8UIAX5,batch-2,active
2CX9AE3IJV,batch-2,active
UZXZ9UKR72,batch-2,active
23DC5SBBGB,batch-2,active
KCLSPHAO7U,batch-2,active
NRN76V4Q05,batch-2,active
FBI1HC41D4,batch-2,active
OE72YRKSDO,batch-2,active
8ATQA75LP0,batch-2,active
41YFO1ZD43,batch-2,active
DZ3MCWQPS3,batch-2,active
LO2QNS3A51,batch-2,active
EL2YTXGXZ6,batch-2,active
1NPE53M6JF,batch-2,active
O1DP45J9G9,batch-2,active
O9FOJUKZ11,batch-2,active
3AYMRKJ9BI,batch-2,active
Y11FHK4PLK,batch-2,active
BH88337UPW,batch-2,active
1610YRUPRR,batch-2,active
2UG8AJMLGB,batch-2,active
BTT015K8P1,batch-2,active
V7G07POS3X,batch-2,active
32MDUFW8ML,batch-2,active
1ATY8S8YNM,batch-2,active
R1ISG8OXV9,batch-2,active
1U03L2OWW0,batch-2,active
HBFBZ6DWNO,batch-2,active
E7WQ4J0GXT,batch-2,active
5D2FFFM0BA,batch-2,active
AG6281KUM0,batch-2,active
7DTMCFU4UP,batch-2,active
4RX059BQ1V,batch-2,active
0HJA6BMNS8,batch-2,active
XY44K2PKG5,batch-2,active
C2D7ZRJZ8E,batch-2,active
4A3T3ZN7Y5,batch-2,active
RG8XN73OZX,batch-2,active
I8X16L9R89,batch-2,active
1AT6QB8U8T,batch-2,active
DGKIQY1YKF,batch-2,active
VC8JP9IJOF,batch-2,active
ICJR1MWCON,batch-2,active
0IJWW12ITZ,batch-2,active
BR2PAECID9,batch-2,active
47QIWP2XUR,batch-2,active
3FC075XXYE,batch-2,active
X932MMIJL1,batch-2,active
4W1LN2I5YN,batch-2,active
QPRNIQ659Z,batch-2,active
A65O57HXXS,batch-2,active
XRKCFO8UA0,batch-2,active
AKYP73F3OQ,batch-2,active
104U0AFJ7L,batch-2,active
EJOVX7FLN7,batch-2,active
49CCUKZUXS,batch-2,active
KIRRZBHVQJ,batch-2,active
9YH7F8VA8E,batch-2,active
TOGGGCMAV0,batch-2,active
ELRQ139KRC,batch-2,active
P1LMNCLVKE,batch-2,active
Y0RW3AD7FM,batch-2,active
1VNJM0ZESP,batch-2,active
9V1QPKKDBX,batch-2,active
UY7FINVCV8,batch-2,active
GRDDPX0AEV,batch-2,active
YB46VI66C2,batch-2,active
6R81OG01H7,batch-2,active
1448IKVZEC,batch-2,active
0ZNHOP8290,batch-2,active
I93DTGYQJ8,batch-2,active
DG0YBJUEDU,batch-2,active
KV739PB0TX,batch-2,active
8IXIJLZLZA,batch-2,active
RCN54I1JEB,batch-2,active
ITQLSGQ5YF,batch-2,active
K70RT52BIH,batch-2,active
UXD3VCIMUZ,batch-2,active
FU3KRMU3SJ,batch-2,active
5DXN0CQ4C7,batch-2,active
G84LVTCKR6,batch-2,active
P1R0SZ1IUM,batch-2,active
CY1Y0A4IEW,batch-2,active
JGEV7R7TEO,batch-2,active
NO3EU94WVZ,batch-2,active
R4S916O80D,batch-2,active
FNIHXU1O9S,batch-2,active
FPNG3NKB1F,batch-2,active
NUU43LKBJE,batch-2,active
741DDJALF6,batch-2,active
KKV0KMMD0B,batch-2,active
Z3EJTTTIRY,batch-2,active
9LA0KN75O7,batch-2,active
UFSMVPH16N,batch-2,active
HH9Z30TZOH,batch-2,active
KENDLA934N,batch-2,active
UBIC236IVN,batch-2,active
HW8OH2YBT9,batch-2,active
2TA0VO2Y7E,batch-2,active
AIEORN9QUD,batch-2,active
5O7VAX92J1,batch-2,active
DGYAZGRITW,batch-2,active
MRT8LEEWAJ,batch-2,active
LONT2PHLLH,batch-2,active
GAR6H0FLYG,batch-2,active
8CQJMMZHZF,batch-2,active
UBW8RRRTAI,batch-2,active
NK3J8YF3YR,batch-2,active
FD0MAHAMNJ,batch-2,active
VX8ZFHM9MR,batch-2,active
FTH0LF4BF5,batch-2,active
IJ3QO95M0E,batch-2,active
LY0A2RJ4CJ,batch-2,active
ZOVQCJJJZ1,batch-2,active
NTQGP1JITX,batch-2,active
KRJN35HC1L,batch-2,active
2WQQWQGZXV,batch-2,active
FK6G2XEHWI,batch-2,active
09EU7D2N8O,batch-2,active
DAQDVBORTO,batch-2,active
43GHDOWPE6,batch-2,active
BP2DVNSZ1W,batch-2,active
WRVR8CV4Z9,batch-2,active
VEB4PQJLJ8,batch-2,active
K5L95PCJSN,batch-2,active
NBMQP828GG,batch-2,active
TS06D5FAQX,batch-2,active
1M0ZCHWB8J,batch-2,active
CWIM7RNS37,batch-2,active
U48FPLUZJM,batch-2,active
JLWGSGLTT7,batch-2,active
ZAHSRFWAV9,batch-2,active
K4FVM4B3J9,batch-2,active
TTA4Q4RTFJ,batch-2,active
JWCKWGA33C,batch-2,active
8YOZ62GMPZ,batch-2,active
ZIY4CKN3JM,batch-2,active
0KE5MMP35O,batch-2,active
PJRI9RBOYQ,batch-2,active
13G1YOZPFD,batch-2,active
L7N77X4CXV,batch-2,active
A4DUX1FWI7,batch-2,active
P3T1OKCMW2,batch-2,active
438QL1RIFI,batch-2,active
XNN0R30LZ5,batch-2,active
56OSSMYO12,batch-2,active
SCLUSW1JVU,batch-2,active
I3JSOYQE16,batch-2,active
JFLKZKKG31,batch-2,active
FGYKQAH9GB,batch-2,active
BVP3UHW2FW,batch-2,active
VFY5QMWX87,batch-2,active
QUABCVT3Y1,batch-2,active
BJN0VA8E8F,batch-2,active
20Q7K4YJ69,batch-2,active
KKKD1N2XY9,batch-2,active
6P4N4J1XFS,batch-2,active
LIO9X06B1F,batch-2,active
9YACY57NMW,batch-2,active
M6UGQ7DYY7,batch-2,active
6WZ6MNIJSF,batch-2,active
E4EYD7ULOK,batch-2,active
ZFUEGAR2MB,batch-2,active
KQO7B7QUSI,batch-2,active
NF19J4DLZV,batch-2,active
0KZYMOZEPI,batch-2,active
MQUNRXXO88,batch-2,active
ZIX70E7O3I,batch-2,active
CA5CT38TPQ,batch-2,active
QSFMHQQNG4,batch-2,active
3PLD3YEATZ,batch-2,active
Y64PCEZVL2,batch-2,active
2088FF7GT7,batch-2,active
QZUUXIPPFS,batch-2,active
3JLYLUWULG,batch-2,active
FCJ8IR23KN,batch-2,active
VNUGZW4ZHK,batch-2,active
4WDMHLBDK4,batch-2,active
FX14EKQ182,batch-2,active
60J4XKFBUH,batch-2,active
5GJQWT4568,batch-2,active
M6S8JQSYID,batch-2,active
0VBTY479AB,batch-2,active
3JTLPQQMT8,batch-2,active
PQ2BN6TRL5,batch-2,active
E32D50ISMF,batch-2,active
DAYDF3KGC7,batch-2,active
1YAHPBZXPE,batch-2,active
RR1AOSS171,batch-2,active
VNYWKRXHAY,batch-2,active
2GN0K2BCDQ,batch-2,active
Q90DY5B0YS,batch-2,active
Y641OODZI3,batch-2,active
MR3ANPEW6R,batch-2,active
25HBNMZBSN,batch-2,active
3FJR31ZKKG,batch-2,active
GBGEYK5JCX,batch-2,active
4TP0N14DFZ,batch-2,active
SW5PDE2CI7,batch-2,active
OJ3BNVQN7Y,batch-2,active
VPDMKP9VUX,batch-2,active
XE9TZIQ7EF,batch-2,active
OCPKC71W3E,batch-2,active
XYZ02J7C0Y,batch-2,active
C1GQSWV6HG,batch-2,active
PK1DQG1H1U,batch-2,active
0V0S51CWIE,batch-2,active
FMLPTVOD2Q,batch-2,active
IGOAJ15TFW,batch-2,active
YMQ2ZCL63B,batch-2,active
ZU4F6W2UDE,batch-2,active
MDFY51PEYB,batch-2,active
WU29XJP4OW,batch-2,active
N4CZOD4EZZ,batch-2,active
5WVNU9W5AO,batch-2,active
F1H4FL96MA,batch-2,active
PLB3NYLRMX,batch-2,active
E93NPWF84S,batch-2,active
JZE4OS5IO7,batch-2,active
PU8SI8E09J,batch-2,active
XDCXZDEOE2,batch-2,active
R1ZQ0JVWDO,batch-2,active
XXC4YHWQCT,batch-2,active
YB9NB72HQA,batch-2,active
EKUDJ3L1K9,batch-2,active
CFE4X8H7LG,batch-2,active
5EXWVDVOH6,batch-2,active
0WCV1D1121,batch-2,active
QZH7CWUVU2,batch-2,active
KO143XJ87N,batch-2,active
MYP5Y2MEXJ,batch-2,active
QFTQVWY9ZB,batch-2,active
02NLO79RMR,batch-2,active
WXTLISPD1R,batch-2,active
99EYPU915P,batch-2,active
TVCYJ88AVN,batch-2,active
HVPE4JSNJO,batch-2,active
BHRT3J22UV,batch-2,active
YC663CTA8Z,batch-2,active
9UJ362FU9C,batch-2,active
62TJ0DYQAI,batch-2,active
BG7JTK0R8J,batch-2,active
RJ180PP0AV,batch-2,active
HPAU8Z6S1H,batch-2,active
1T5Z1FKLMX,batch-2,active
Z3N1RG1ENX,batch-2,active
46RJW231O5,batch-2,active
9I6FXZ37H4,batch-2,active
MSIJAT8OMB,batch-2,active
WW0GGNU90S,batch-2,active
Z633JD2ATG,batch-2,active
P90N0N79N6,batch-2,active
GDULB1148Y,batch-2,active
QQS6K1K231,batch-2,active
KXJS8TVO5Z,batch-2,active
DTYLKMCJ16,batch-2,active
F011GVL3EB,batch-2,active
ULLN98I34Z,batch-2,active
ZM3TDU4NBG,batch-2,active
Q044VWKX2J,batch-2,active
052AIIHGZC,batch-2,active
JD7BTCTXNG,batch-2,active
HDPFBJYY3O,batch-2,active
WEJ5HP3W5G,batch-2,active
SOMKA90KYF,batch-2,active
M611MW5N6B,batch-2,active
DK75JV2OXS,batch-2,active
GJ49A2052Y,batch-2,active
IFASV2A9O3,batch-2,active
TZZGOIAFMP,batch-2,active
O6W4O5JECP,batch-2,active
P93GX5REZI,batch-2,active
6QN4CN50C2,batch-2,active
FQF2J51KY2,batch-2,active
2CRM52SJZN,batch-2,active
TW9UUBF83Z,batch-2,active
TCIDT30GL2,batch-2,active
7BZKFA0M8E,batch-2,active
YZMFLUWKLM,batch-2,active
4G1W6ZT1VG,batch-2,active
U2N6HSXMNN,batch-2,active
KR3329Q7QS,batch-2,active
4VPZOY1Y4A,batch-2,active
OF8OD75P3M,batch-2,active
HNBUFHIWWE,batch-2,active
1750SK910V,batch-2,active
IV06YLTQAU,batch-2,active
19E9D5W2PZ,batch-2,active
5PNXSLAU44,batch-2,active
NN3TAVHCQA,batch-2,active
H72DVUDH01,batch-2,active
3FRFCW5DT5,batch-2,active
WG0F6QILEZ,batch-2,active
QTXXQIY9MI,batch-2,active
2JAUKWXQ2N,batch-2,active
2KYT2V8Z5E,batch-2,active
1VWO4NIPDB,batch-2,active
9EDW8B11RF,batch-2,active
S2G78HHY5J,batch-2,active
DARK270G6J,batch-2,active
PFN2ZVM7NC,batch-2,active
963P3N11WR,batch-2,active
IAYE7O3KG3,batch-2,active
Z9S0OD12F4,batch-2,active
9CXEYW9UXO,batch-2,active
HKAQ1CEU6S,batch-2,active
HCM85HQSLP,batch-2,active
JN8PR9TO3O,batch-2,active
PRARA0QYF0,batch-2,active
GS4OTMYIW2,batch-2,active
J78GEA4ODD,batch-2,active
UND7V3MD44,batch-2,active
RB5FRNCIX5,batch-2,active
T0EWGW3L6M,batch-2,active
TZ0XOKDXUM,batch-2,active
YRH2L2ZJGO,batch-2,active
9AD69UK9SA,batch-2,active
QH3LB8IXFZ,batch-2,active
DXSOASBKP6,batch-2,active
KVA59QMMV6,batch-2,active
533P44L6ZF,batch-2,active
GELZFT8LIB,batch-2,active
FDXTXW5EGR,batch-2,active
RLP9AAALPG,batch-2,active
JQUPDBTPKZ,batch-2,active
OL7UTRB8SH,batch-2,active
W13S6E0MM1,batch-2,active
8N3O3CFVRW,batch-2,active
OHNLO2KEJP,batch-2,active
WVCNU54RKS,batch-2,active
BBRO1G074Q,batch-2,active
UMLEERQ7MN,batch-2,active
MAJFCVOPOG,batch-2,active
85G6XC2HKH,batch-2,active
M8TQ0ZBS3B,batch-2,active
0DG615U0OW,batch-2,active
G9F07O6YSY,batch-2,active
5IBMVUE6NG,batch-2,active
KG22WK68OM,batch-2,active
5JVTKWRZLQ,batch-2,active
0782UTIK0C,batch-2,active
66IT6RPNPY,batch-2,active
CZDTT4I02E,batch-2,active
CUV54YPPZP,batch-2,active
WAHY0SRLVR,batch-2,active
DNOAF0AQGJ,batch-2,active
HA8RSBNCD5,batch-2,active
X3B7E88QKL,batch-2,active
DSGOIW27UB,batch-2,active
JQ20LE0UE0,batch-2,active
9UZ5T58TNL,batch-2,active
O0SBVN1G1B,batch-2,active
1LPJ000ZNO,batch-2,active
MKM2GULRUK,batch-2,active
VQML9BNDKH,batch-2,active
5T9V3JRIHN,batch-2,active
48S2KYIPBL,batch-2,active
LCNXO8GOUX,batch-2,active
1M5LTOE9W9,batch-2,active
91IRN05N7R,batch-2,active
G02V72NZUQ,batch-2,active
1VC8HYCZOS,batch-2,active
N35Q2CAKZ5,batch-2,active
NM341IAUV2,batch-2,active
9YST2JWTZA,batch-2,active
2P85F8Y4QQ,batch-2,active
MZYDAW14JT,batch-2,active
CXSE7GJI88,batch-2,active
TNEDZ7RGQG,batch-2,active
9ZGYG5AED4,batch-2,active
SB53QDMUYR,batch-2,active
SMZOGKI87U,batch-2,active
RZEPPV0QMO,batch-2,active
TN7KKCJFBN,batch-2,active
OQFAAKVY05,batch-2,active
XAMFXWYIRH,batch-2,active
ALAFLFA66N,batch-2,active
5CO505TEPP,batch-2,active
D5O57HW381,batch-2,active
NOJXDDQLWG,batch-2,active
SF7ZWZ6S5O,batch-2,active
G1J4XPLFE0,batch-2,active
JQN1TRM34X,batch-2,active
NSOE13MOMP,batch-2,active
I05OM74PGY,batch-2,active
VR0TY4PIF1,batch-2,active
9MGG4H40HK,batch-2,active
0GPLS3K2HZ,batch-2,active
TYGR1G97OQ,batch-2,active
3EAUAJAWKD,batch-2,active
3UHZF0W731,batch-2,active
YXWA0DQ7DN,batch-2,active
07SONBMCKV,batch-2,active
XFF43BW1S9,batch-2,active
E7O22NMFCW,batch-2,active
Z1M832NP05,batch-2,active
FLXMCOG6TH,batch-2,active
9W7K82AL8B,batch-2,active
9AA6M77OPE,batch-2,active
IBOXI9DUE0,batch-2,active
2UETGAEOYO,batch-2,active
OS5CPXJFKW,batch-2,active
WVT7FCR10B,batch-2,active
4QJM9GQUH2,batch-2,active
L8F3OR4YV2,batch-2,active
JXYF673JLF,batch-2,active
XTJAAGQOD9,batch-2,active
Q5VCY4B0QC,batch-2,active
WK2GGO8LNP,batch-2,active
ZNA4HWRO94,batch-2,active
8FE7GLJQRZ,batch-2,active
NBTVKE3JKW,batch-2,active
TOE12P59VX,batch-2,active
5FCAR0Z2QH,batch-2,active
QUX64LYDIL,batch-2,active
DIGFOHFR1Y,batch-2,active
LYM3ZC0L70,batch-2,active
GBEX3YDCTH,batch-2,active
CRZH55IAQC,batch-2,active
N2LLEB9LVT,batch-2,active
FNZCWJCUV7,batch-2,active
T90LIXAL59,batch-2,active
ENNIQ5PD79,batch-2,active
C72718OQJ6,batch-2,active
GWXI12FYCT,batch-2,active
V0WZ7S21O2,batch-2,active
J8J8283U1F,batch-2,active
DPTVG34V38,batch-2,active
OXDVWUJ91U,batch-2,active
EN7SX7RHOZ,batch-2,active
ZO5II2OB27,batch-2,active
SC3KK52WBD,batch-2,active
NEQF42ASLS,batch-2,active
BQDQVOLTL8,batch-2,active
TBXHL4JHBY,batch-2,active
IGK6KOK2QP,batch-2,active
6F4XH12CMR,batch-2,active
BU5YYDPHHE,batch-2,active
CF3OG53BOM,batch-2,active
Y9XZB4MZ5C,batch-2,active
19YBCIA1HJ,batch-2,active
5BBPF24RSK,batch-2,active
QTTOEMLS5V,batch-2,active
2TJW93J1C3,batch-2,active
S1KY7CT1ZA,batch-2,active
6QMOUGS6UJ,batch-2,active
JGSEVSTJC9,batch-2,active
GS82SM9WJ2,batch-2,active
1O6RBZFISM,batch-2,active
YW76QEWX9G,batch-2,active
XEOYYU25OJ,batch-2,active
VLX6WE2CBR,batch-2,active
T67R6IRXUC,batch-2,active
HL58BHWAVP,batch-2,active
FFIX98XESW,batch-2,active
YVVWR6QY04,batch-2,active
8JZNACC612,batch-2,active
ES6VEQRUQ9,batch-2,active
ZVNBQ7PE1X,batch-2,active
8V3JRE4651,batch-2,active
MX3MPWJTYI,batch-2,active
WVYP37ZLLH,batch-2,active
5947PBZTNI,batch-2,active
M4DK5E0R8O,batch-2,active
NX944WK0IY,batch-2,active
L5Z729G5XK,batch-2,active
H3HBN0BNYA,batch-2,active
0XDRGMR54F,batch-2,active
5DANFP79DL,batch-2,active
GUDVTIU8OF,batch-2,active
5A7ROHZRG4,batch-2,active
2KKDRXU8LU,batch-2,active
OFOT7084FB,batch-2,active
U0ELLG3M8C,batch-2,active
WCKZQMBIAU,batch-2,active
R6MG5MN0SP,batch-2,active
L8W3IE4FR9,batch-2,active
1GTZDDPN85,batch-2,active
5LNYWJJ9VI,batch-2,active
IXS8OW4IWU,batch-2,active
07INYM8O6Y,batch-2,active
AV622OUJYK,batch-2,active
H8VDH1878W,batch-2,active
WKBAUHU9C6,batch-2,active
TF3FR8HFDH,batch-2,active
2SCYB02ZNS,batch-2,active
0MS93Y5D5J,batch-2,active
MEQEV9ME9L,batch-2,active
BMJHPBKKQH,batch-2,active
I267F9KH9A,batch-2,active
7PDRLUOMFI,batch-2,active
KUHTEOO8NH,batch-2,active
1LBP46TB44,batch-2,active
GW2EZM4XVP,batch-2,active
YUNODBGUT4,batch-2,active
Z995RH3ZZL,batch-2,active
BFBR3AUWHY,batch-2,active
4Y5TS3LHGO,batch-2,active
1JMKPX6249,batch-2,active
9JHTM90PPD,batch-2,active
AFDBC6JWLZ,batch-2,active
2L2BSM0YKL,batch-2,active
HN676HCGWJ,batch-2,active
7M4ARA30XK,batch-2,active
TM7KMKJIX6,batch-2,active
B2ZPEQ20J6,batch-2,active
ZLDOGCPRV6,batch-2,active
445YK5TEUN,batch-2,active
HYBGOMJ3KP,batch-2,active
VKFC55T6FK,batch-2,active
O6ABLPVFPO,batch-2,active
0D01E81P9Z,batch-2,active
6EGUL9E67X,batch-2,active
YSIG218FHU,batch-2,active
PIDBIVJNE5,batch-2,active
TZIOWE7DQN,batch-2,active
VI3F9VIJBU,batch-2,active
7LSA4L3TY8,batch-2,active
HZIWBBXHC2,batch-2,active
LCXJ9DWHVH,batch-2,active
7GP8O6IUUR,batch-2,active
9PRITJHGKE,batch-2,active
G932NHH1AK,batch-2,active
UI0F2YHWHJ,batch-2,active
35JMKMUWBS,batch-2,active
ZY23FYXIYZ,batch-2,active
XBL3OINZHP,batch-2,active
HVFY8KJ5DS,batch-2,active
ZOE8VMTCFM,batch-2,active
MS9D6GV33E,batch-2,active
E4BXB31H0Q,batch-2,active
G2REXIJ2XI,batch-2,active
PJDA7EW7QW,batch-2,active
FOBXHSVJNI,batch-2,active
2R4M8WZSYY,batch-2,active
AU0FUCQBZL,batch-2,active
D8474AOEF1,batch-2,active
2BPEAGGALL,batch-2,active
JORSFRR3RQ,batch-2,active
BXN6LJOUTH,batch-2,active
NBSZTFE38X,batch-2,active
6074YQOSN9,batch-2,active
0Y615ESUS9,batch-2,active
O3C4GV98ZT,batch-2,active
1SZ5XZBKC0,batch-2,active
L61ZZ75PCA,batch-2,active
4KWTV4XQLF,batch-2,active
TYJT6SX93T,batch-2,active
CQLLAVVNM7,batch-2,active
S2QP8VTI67,batch-2,active
YN1IF723W3,batch-2,active
8FZTREYQ6X,batch-2,active
FWSK6P1BKO,batch-2,active
YE4CK4BJ0L,batch-2,active
LVF5CFEI0B,batch-2,active
VD45C6TYC4,batch-2,active
2U6T1X1WKG,batch-2,active
RE1NKR0GCK,batch-2,active
WJ975WM8Y5,batch-2,active
00FIHY88US,batch-2,active
JTXOEPMFAZ,batch-2,active
Q9X96K49F5,batch-2,active
AWK75PVSON,batch-2,active
19208TYPNH,batch-2,active
0XC9MR0BN6,batch-2,active
W0A5XO0SPU,batch-2,active
TVXTAHEQVX,batch-2,active
82D8GXXRUC,batch-2,active
8UNF35806Z,batch-2,active
SNEIY4GLOV,batch-2,active
SD54ETAIU5,batch-2,active
7C86XODWAH,batch-2,active
6I43CSWNDO,batch-2,active
0GCJ4IGR48,batch-2,active
84LWV6L1EH,batch-2,active
13LNNWR7EA,batch-2,active
3TN461R8GD,batch-2,active
LGT1BLX5Q2,batch-2,active
XGHEDPP112,batch-2,active
YK492R4W0R,batch-2,active
91TOPP91TA,batch-2,active
2MXBPPE0DF,batch-2,active
05OTBE6YED,batch-2,active
D4D502PK1R,batch-2,active
H5LGEQXV3W,batch-2,active
LN559OLCCH,batch-2,active
J0GHBA3MO0,batch-2,active
LEHTJWW640,batch-2,active
2UBSM3V8MY,batch-2,active
6RG7TKFWBX,batch-2,active
QC1581L26P,batch-2,active
WXHZLS73KQ,batch-2,active
H7V83VD8KR,batch-2,active
5D41O7ZQ8A,batch-2,active
YOQ8Z50Q0J,batch-2,active
Z4NJ6B8BCO,batch-2,active
NFF0TPB0DJ,batch-2,active
XSZGUGOHFK,batch-2,active
ZDKHXJKKQ0,batch-2,active
FLBA9RAI0H,batch-2,active
ZBCT1B96WJ,batch-2,active
6I0G0CWG29,batch-2,active
IDM2XYNTKV,batch-2,active
AE7IQ076QK,batch-2,active
0AXEQLST1T,batch-2,active
2TS89GRB9A,batch-2,active
QRUVPOYO69,batch-2,active
ULMJN9BWQL,batch-2,active
PF36II0FA9,batch-2,active
D8I1OL7LFL,batch-2,active
7JUOYT8JP4,batch-2,active
69XRGJ3JAE,batch-2,active
4NAIOFWQZT,batch-2,active
LZSXMTB2C3,batch-2,active
66W04YR2VE,batch-2,active
C0JP70HK3E,batch-2,active
L1TZQY90XU,batch-2,active
G7W9OKDEPE,batch-2,active
05SH9YO63M,batch-2,active
OSRO9QWDXK,batch-2,active
K2SM89WOPH,batch-2,active
WQB95QIP5H,batch-2,active
EYUHX8PP6C,batch-2,active
DA87BXXLYE,batch-2,active
IEVRXZ8UXP,batch-2,active
OM338845LH,batch-2,active
0VJ7G494TF,batch-2,active
AE6OO4ZTIO,batch-2,active
1943JAY6EL,batch-2,active
Q1FT5UBJFN,batch-2,active
CYVRFPOJMP,batch-2,active
TLQB9KHXU5,batch-2,active
BTYYSSNFR0,batch-2,active
BBKNAJKUYX,batch-2,active
MHOF56ITWU,batch-2,active
QIN3PNQY3L,batch-2,active
SS66BMD2XB,batch-2,active
QFO3VBC858,batch-2,active
BECV5G8HDC,batch-2,active
A2SDL1E0I3,batch-2,active
HCNJJ4D5FJ,batch-2,active
YR8A4CLDY0,batch-2,active
8S50EXEM55,batch-2,active
BUJEBTS6KW,batch-2,active
IFSOUX6E6U,batch-2,active
34IY1U7NUI,batch-2,active
RUIHLVQ4CG,batch-2,active
V4WNFLNJ9K,batch-2,active
44NTZQD46I,batch-2,active
SQL5UA0L0Q,batch-2,active
KGOTYDK9BQ,batch-2,active
I3JJ4QFUZQ,batch-2,active
LHPE26C1O3,batch-2,active
GZHDDURXRA,batch-2,active
C0WXECDUX4,batch-2,active
RBEO3I3DST,batch-2,active
MRA2QRV7Q4,batch-2,active
TWTSBPMT0O,batch-2,active
695ZANLQ66,batch-2,active
IUV8Z9HJPX,batch-2,active
70DN85SFD8,batch-2,active
OEQLC093XU,batch-2,active
4FQN4PQ831,batch-2,active
5E1R4YS3TE,batch-2,active
UKZG780P7Z,batch-2,active
KNDYUOJC8Z,batch-2,active
VC84FAXTBL,batch-2,active
VKLA8VL1Y1,batch-2,active
MX6AKI1Z5U,batch-2,active
JZ4NSUTVGK,batch-2,active
RX8C9P848Q,batch-2,active
VCQDY5T4W8,batch-2,active
FTIWKP3JMI,batch-2,active
KTHS1EN616,batch-2,active
NDICUWA556,batch-2,active
K1XSCNM0JM,batch-2,active
LH1CF0L2I3,batch-2,active
D1LWBG1J0U,batch-2,active
MSVW8MGZQ4,batch-2,active
GA8W1V2A95,batch-2,active
85ITRLK5O5,batch-2,active
Q6HA4KRBQU,batch-2,active
ODEY0PJG2E,batch-2,active
SGOI5IW9CE,batch-2,active
AS63F12TYM,batch-2,active
YH28X5CFR3,batch-2,active
9CC49GGM61,batch-2,active
D9TEO5DP66,batch-2,active
K4342251WU,batch-2,active
C3229L39H5,batch-2,active
8AFNDTXKNJ,batch-2,active
4SEOG942IE,batch-2,active
OGI61QJTFC,batch-2,active
2FTAK1KKOJ,batch-2,active
1KKIFJ4RXF,batch-2,active
ARBL2C3CRG,batch-2,active
DYQ2N78LDU,batch-2,active
ETXWUFN7XA,batch-2,active
1979C5PSX5,batch-2,active
0NYREIO9QG,batch-2,active
2RGFA8VCKL,batch-2,active
C15G32C1N1,batch-2,active
YNREECO5T3,batch-2,active
WOPY3RXRFR,batch-2,active
110PZ3Y7WS,batch-2,active
LG2BAK0C4T,batch-2,active
9NU7CUZM7W,batch-2,active
H4PYLNZF3D,batch-2,active
YRMY896T7W,batch-2,active
TDTLISSU7L,batch-2,active
LGG367LADX,batch-2,active
U0J6FPN39N,batch-2,active
5OIV4ZLQSG,batch-2,active
R564O3B2J3,batch-2,active
20X533RHW4,batch-2,active
26KQ01121X,batch-2,active
C01R1U48UR,batch-2,active
Q7XGICSZIR,batch-2,active
SB9ZG8BHEL,batch-2,active
3QOTOOPC8D,batch-2,active
CM5WZ7CLP7,batch-2,active
1D1KGRU1B2,batch-2,active
Y5CKG245QH,batch-2,active
78C2W7ZD1W,batch-2,active
15TEK2K5NH,batch-2,active
W3MI3LAOOD,batch-2,active
UROFY95OQK,batch-2,active
T41M1DYB9N,batch-2,active
3QH860XCEO,batch-2,active
F9LC1NB2J9,batch-2,active
SFSRHIOFE9,batch-2,active
LTWRINYJRF,batch-2,active
HMMOA6N1CT,batch-2,active
XGBHZT73W2,batch-2,active
OKK2E36U7D,batch-2,active
ZPKHVXJVNP,batch-2,active
MTFV0B82KO,batch-2,active
L15PYCIBO5,batch-2,active
P7D8VGE3DF,batch-2,active
JXWA0HDKY1,batch-2,active
RB6EVDH61H,batch-2,active
59K8COWM4B,batch-2,active
ONIWVYGENH,batch-2,active
5OBGLT011C,batch-2,active
QUFGK9WA53,batch-2,active
KVF7T2HHUP,batch-2,active
RGKAU4ZDC6,batch-2,active
R2PF74HVHD,batch-2,active
AJCA291AD1,batch-2,active
7OMXR0QRMC,batch-2,active
YT6RX8VRL9,batch-2,active
DT7JDKKL0C,batch-2,active
VG03AAA6QX,batch-2,active
RIEF1P0XXR,batch-2,active
66XVFAAMSX,batch-2,active
KXHTLTZBLM,batch-2,active
EWVXKVBFK3,batch-2,active
OHE8M9PIOT,batch-2,active
2PO4D8SS9R,batch-2,active
TNJ7LPJHNR,batch-2,active
FBS2I1AI9Q,batch-2,active
G4T4DD0RDR,batch-2,active
TRUH19W896,batch-2,active
WPCSS7XQAG,batch-2,active
Z2XUU436IT,batch-2,active
WMQ5SHY9DH,batch-2,active
2WM735BBPL,batch-2,active
D7E2GQHHZP,batch-2,active
LJF6GFJL7P,batch-2,active
NPHK9KWFXM,batch-2,active
QZFCY3L0OR,batch-2,active
PJM3B6X6EJ,batch-2,active
7SPWOL8ZRJ,batch-2,active
HBJ9L3MD5S,batch-2,active
E2FEL9U950,batch-2,active
F5JVE7XY2Z,batch-2,active
WQC9VDWZJN,batch-2,active
Q2RXEISC7Y,batch-2,active
6ZWRPKM6E1,batch-2,active
BPJ39126NP,batch-2,active
EO2FLKZLLH,batch-2,active
4M233C0DS4,batch-2,active
8OKLYSQQVC,batch-2,active
X99M0V4GPE,batch-2,active
JF5AWSC4G2,batch-2,active
WXQHPAPYSZ,batch-2,active
8GSX3LQEYO,batch-2,active
JFUX53PJCD,batch-2,active
BMPXV05JEG,batch-2,active
WG1AEJEL0M,batch-2,active
ICAZOXXXCV,batch-2,active
B9K7108JIB,batch-2,active
YHIH9NSSRE,batch-2,active
2J6IZEFRMS,batch-2,active
PXARUYQ9QD,batch-2,active
V8AXW382D5,batch-2,active
K4SV21RCPW,batch-2,active
HUGJOQSC35,batch-2,active
K0EN1D67TD,batch-2,active
GD8ZTHX9B6,batch-2,active
3XGV3L9EGV,batch-2,active
YE1V9YY0TH,batch-2,active
EUW95932AJ,batch-2,active
KQ7RY4UHHY,batch-2,active
370YOA7A7H,batch-2,active
2GOXESVJ4A,batch-2,active
P477C4IVQN,batch-2,active
W7VYTI8KA0,batch-2,active
PB7PCDYPS4,batch-2,active
A2QH9VLLK7,batch-2,active
A0CXYGGQ5A,batch-2,active
8Y6VLG5UJD,batch-2,active
2EGQ4A95IL,batch-2,active
GD6QIKDKS6,batch-2,active
6UJ3UV4AGV,batch-2,active
UKYTS5B7L1,batch-2,active
8KAN2A96AU,batch-2,active
4W2JBA00FN,batch-2,active
A8X02HJIWV,batch-2,active
JR50GAPAZG,batch-2,active
Q6WC394988,batch-2,active
283H14A9ME,batch-2,active
8B14R25ZL2,batch-2,active
FY43458377,batch-2,active
IVTSAET7YB,batch-2,active
YMYB069PTB,batch-2,active
K4A8JJDJBY,batch-2,active
IDCWOUAPV9,batch-2,active
VQB926KLNL,batch-2,active
VYZ1G0LHMM,batch-2,active
X0WJTIMX6C,batch-2,active
3E2KZDARXB,batch-2,active
GNCMS1B2T6,batch-2,active
4VZZ5Y8A0A,batch-2,active
41LRVH1JLL,batch-2,active
ZWPCCRJ5S5,batch-2,active
VKSQSJPRY0,batch-2,active
654T68DVIZ,batch-2,active
7YBVAU9EC0,batch-2,active
0P3AKV6G60,batch-2,active
MEX2C1638Z,batch-2,active
DUDA61YX0X,batch-2,active
IFK99B8QQR,batch-2,active
5BUM328OSI,batch-2,active
M0C85M9Q98,batch-2,active
BJ0BKYUWS7,batch-2,active
3VWHA8Z02S,batch-2,active
RQ9JMFLC91,batch-2,active
KTFA29W7KV,batch-2,active
ZTT9J4WQOJ,batch-2,active
JZRRFUYCZJ,batch-2,active
AT5URIVP75,batch-2,active
B519CQOR8I,batch-2,active
4LZA2YF40R,batch-2,active
1C01EJVC4X,batch-2,active
VWJEISUQOQ,batch-2,active
7YCWDG2LFG,batch-2,active
5710YBPVEC,batch-2,active
JFM1SXKVL8,batch-2,active
6XLBRJ5HMF,batch-2,active
JCJW93JA11,batch-2,active
WL0CPQ9Z26,batch-2,active
9VSU99SLWI,batch-2,active
DP0LSWFQRH,batch-2,active
TIYM1PB1A8,batch-2,active
AO9AELJ0GM,batch-2,active
TM6CQAJP8Q,batch-2,active
97ZGUYKZN1,batch-2,active
GW0PHK85ST,batch-2,active
ESVG6S5SQJ,batch-2,active
C39K38ST24,batch-2,active
TYWU8QW5M4,batch-2,active
J25VOPQ9DC,batch-2,active
7TUVROCS4Q,batch-2,active
21GWSJD5KT,batch-2,active
FZE51X8J5Z,batch-2,active
0PHALYSWRE,batch-2,active
I6HJ7SJX5I,batch-2,active
YRRVR3MNUW,batch-2,active
LIS6OAN71Q,batch-2,active
PB9YT0A5BJ,batch-2,active
YQMAW0XNRU,batch-2,active
YDBU8U0EDK,batch-2,active
O17TS20HE8,batch-2,active
VMBAC2GHZ5,batch-2,active
V06GBBUBIK,batch-2,active
WJ1FGZV32O,batch-2,active
W11E9BOSD1,batch-2,active
HRRSC2KTVV,batch-2,active
7J3PKLLSSH,batch-2,active
222V45DVOR,batch-2,active
2NNVX3CO8R,batch-2,active
ZKUKPNOO4R,batch-2,active
S0WBIY7CTA,batch-2,active
OQESPT5FHR,batch-2,active
YAQX7CME8R,batch-2,active
K5YA7HEWVK,batch-2,active
W7336G1S8U,batch-2,active
2FSAP69A94,batch-2,active
KX6MTDMQUW,batch-2,active
JKZGATMMUF,batch-2,active
6LLS68COL7,batch-2,active
OMP4TDCLX5,batch-2,active
OKQAZVJXZW,batch-2,active
IVLLE8GSE9,batch-2,active
6V2EKZICXC,batch-2,active
6I2OR94PUF,batch-2,active
F9R0CK076C,batch-2,active
61B5XRAKLE,batch-2,active
EADCL83IPG,batch-2,active
099J7LI2WI,batch-2,active
YOZVKWZM3F,batch-2,active
Y0P0S7PUQ8,batch-2,active
LN10J87UDK,batch-2,active
SHIRIG9KAQ,batch-2,active
G8LJMTIMDJ,batch-2,active
PABH51ICEJ,batch-2,active
BYWQGDHW02,batch-2,active
P05CQKX0LM,batch-2,active
8N5GQB5X9V,batch-2,active
I39J9NH70A,batch-2,active
6HYNQ88LOP,batch-2,active
GNGCZ9IGOY,batch-2,active
04N41FGOB4,batch-2,active
A19TBJ7FM9,batch-2,active
1345PKEN6S,batch-2,active
5QZ870ULQ8,batch-2,active
95FZXG3L46,batch-2,active
Y6FKXV8GQ3,batch-2,active
EDZQLFQL5P,batch-2,active
BZ448KFDTL,batch-2,active
UCLL0GTV1N,batch-2,active
DR1MK824LN,batch-2,active
BBCD869LNJ,batch-2,active
Q9EYPR4UQ1,batch-2,active
I6HEBO87UO,batch-2,active
3S6YM8M1HB,batch-2,active
LYCZ8UHD8A,batch-2,active
BCN3BR99VA,batch-2,active
MUWH9IH5OB,batch-2,active
KYT6QX7QBV,batch-2,active
Z9PLXYYBUF,batch-2,active
BQC7652MZ3,batch-2,active
FZRKRLBYOS,batch-2,active
X09RF0UV3X,batch-2,active
M0892VLJPI,batch-2,active
8YE4GY2G77,batch-2,active
H4RUBELAXN,batch-2,active
2904FNLNEN,batch-2,active
KF9NP4XVMP,batch-2,active
M79VTAFT3T,batch-2,active
0GLJ9VZOPU,batch-2,active
E7VWEHZXKS,batch-2,active
9VU2UWR7OQ,batch-2,active
VPLCA900SI,batch-2,active
CGRYM1Y0M8,batch-2,active
I3XYB17BTF,batch-2,active
SU7C8AWCBZ,batch-2,active
L8JIHYJFIC,batch-2,active
EVUZIZZKYD,batch-2,active
HEFOHKOKXL,batch-2,active
FTFDQUSC4W,batch-2,active
RBHKMRPK32,batch-2,active
Y5DJP9YXBW,batch-2,active
ZGSYABKVCK,batch-2,active
P82SBFPAPY,batch-2,active
EDHTO600OE,batch-2,active
3G90SL3193,batch-2,active
3T3Q1LM119,batch-2,active
ODUSC26U9Q,batch-2,active
Y47JS6UPWV,batch-2,active
75Y38YNDAK,batch-2,active
54L8D0AU5G,batch-2,active
YRU0CZ81W6,batch-2,active
M87C79WD2R,batch-2,active
BZT1R1ZXWR,batch-2,active
2UO25O0WEW,batch-2,active
7E6LUOO4P5,batch-2,active
G2ENBTWAP7,batch-2,active
D7SW98PXRO,batch-2,active
PASKEORIU0,batch-2,active
JTY7M3ZZ1I,batch-2,active
WDDPZEZQ6N,batch-2,active
HAFMHS9UBG,batch-2,active
JEPM2P3J5I,batch-2,active
1FQX3QXOZQ,batch-2,active
SWK6WER8VC,batch-2,active
IRYZO6WAFH,batch-2,active
0A803MR1TB,batch-2,active
DDL1TMM3GZ,batch-2,active
QXNEXCHEO0,batch-2,active
N2P0ZY2OS2,batch-2,active
WLXMBBE3GN,batch-2,active
J94QMLBLZT,batch-2,active
R861BFF5X6,batch-2,active
M5Z38CL49E,batch-2,active
OIYGXLWO0B,batch-2,active
B6Y1BBHF3R,batch-2,active
CV51OWRGW8,batch-2,active
MBRK3QF23S,batch-2,active
RJKWM8EJ7A,batch-2,active
SZ0OSBJFNR,batch-2,active
E5C5C4GN2F,batch-2,active
EYRYF1VWZP,batch-2,active
W4M24WI9OE,batch-2,active
0KPUGYFQBH,batch-2,active
ZB97JNC97X,batch-2,active
PYG844HN0I,batch-2,active
G7ZSZ87405,batch-2,active
ATLIOGTP73,batch-2,active
ID2YCP528S,batch-2,active
U03ONE9LDL,batch-2,active
K6SG48HQ38,batch-2,active
7HI62I0F2Z,batch-2,active
E1VWJS24QF,batch-2,active
XI5007IBRV,batch-2,active
C2QFLXRJJ5,batch-2,active
G1Y7WQZH5S,batch-2,active
CCN013M5BB,batch-2,active
G8PBJAVWMH,batch-2,active
D1WJA5U38G,batch-2,active
T24JIS5JHI,batch-2,active
1OIMFL5RSR,batch-2,active
5MD7M07IL9,batch-2,active
1FJ4BQXT6Q,batch-2,active
1SKZP8Q4WN,batch-2,active
QKEGLJ9AHK,batch-2,active
0J3JAFS3U7,batch-2,active
54QP29B8I5,batch-2,active
WYNK1P67N1,batch-2,active
3YF2X9TXKE,batch-2,active
MGTH1PG8B3,batch-2,active
N8ECLXA255,batch-2,active
9K621XR195,batch-2,active
UYLB6S8Y34,batch-2,active
KDPW334GS4,batch-2,active
M6NQKR64Y7,batch-2,active
PXP2W2WJ7W,batch-2,active
QLHN6VEOQE,batch-2,active
YLECPF1KPR,batch-2,active
H7NHBCOVH4,batch-2,active
I4L8FQW31S,batch-2,active
3JPDJ07GNE,batch-2,active
8B4BB7TDQE,batch-2,active
NYBVCE4U3O,batch-2,active
AIVEON7H7P,batch-2,active
Y253QPY9XN,batch-2,active
EOUOHG5WVF,batch-2,active
IJVW6FQXL2,batch-2,active
Y66RTQ30Q9,batch-2,active
EZL1AU3FOM,batch-2,active
EKEWO8MPPW,batch-2,active
4VGKTC8IP1,batch-2,active
DO3OUQOX6V,batch-2,active
UFN8QBJL4P,batch-2,active
J4H25U05G8,batch-2,active
V7A76WE99K,batch-2,active
D4TO4MP84G,batch-2,active
7X2U2236P2,batch-2,active
RYH1VS8AOS,batch-2,active
I7M7NN4W9X,batch-2,active
R1MVXGVTYM,batch-2,active
4SB2CG63U8,batch-2,active
6GIL0OMSRA,batch-2,active
EGCADQ68IS,batch-2,active
DVH6NF52OD,batch-2,active
ZF351FFLFS,batch-2,active
CDWZ5TWOGJ,batch-2,active
I5JO7BQOWN,batch-2,active
P206ICJRAD,batch-2,active
PBGY14SHT3,batch-2,active
TU9ERJYDTU,batch-2,active
O1RQEUR2WI,batch-2,active
PUT70K2YI8,batch-2,active
9L4LL7IVAZ,batch-2,active
9ZV60PA5TA,batch-2,active
3N6DGBII2Q,batch-2,active
EDQ91T0NGA,batch-2,active
IJN57ASBP1,batch-2,active
M06I988RUJ,batch-2,active
Z4QBRHSZBC,batch-2,active
35B9PV4G8M,batch-2,active
CRSWJD5BMG,batch-2,active
8EE8NT31I8,batch-2,active
KXJXL8ZPI2,batch-2,active
WU9P0KU2OO,batch-2,active
1472GGTGI0,batch-2,active
CLCP2P3GVM,batch-2,active
K2YWPDUJ8I,batch-2,active
B3338EQIPE,batch-2,active
CN8LCP3MOO,batch-2,active
PHW36R6GIP,batch-2,active
OFE4VJJGMP,batch-2,active
UD1K7LHXLK,batch-2,active
WMGFIG3QZ5,batch-2,active
AVMRLO1UDV,batch-2,active
VIDTUHPD54,batch-2,active
PO6XL5GX4F,batch-2,active
0PB981SVNQ,batch-2,active
MFRE9EHQB9,batch-2,active
UZIVA9PL67,batch-2,active
4Q7EMKHE6U,batch-2,active
RLPQDVH2RV,batch-2,active
ROMEMD5QB5,batch-2,active
BT5159RRJ5,batch-2,active
40OI6F0TM8,batch-2,active
G9OJJHHWRS,batch-2,active
ZS2OPJZUU1,batch-2,active
V4J2CC49VJ,batch-2,active
KZR234P5AL,batch-2,active
YPSN4KH95G,batch-2,active
HFZXHXCCS1,batch-2,active
OT47GS0KPF,batch-2,active
5GVT27VU9Y,batch-2,active
MHGOLPD6ID,batch-2,active
TGOZF10JH4,batch-2,active
JVYNDNICAZ,batch-2,active
U0SJPZL4K1,batch-2,active
JIYEDJGCAC,batch-2,active
W0P4D5ITTX,batch-2,active
6K98T15ANU,batch-2,active
8Y3FA17PUG,batch-2,active
XQOT3HKDI3,batch-2,active
W380MDHUNM,batch-2,active
9VWW31341S,batch-2,active
5G5XIOEGDG,batch-2,active
8NKBEMWO19,batch-2,active
E18QO2TJ39,batch-2,active
WK5U4L68UR,batch-2,active
8Y4FHOMWTA,batch-2,active
O6DSWIGOIO,batch-2,active
XJPQ9RZGHU,batch-2,active
756AVC4QRF,batch-2,active
XOANAPIIWE,batch-2,active
4EZ4SCOUZ8,batch-2,active
R8J2E1EMR5,batch-2,active
8Y2AFK38DZ,batch-2,active
PNPQA19WGZ,batch-2,active
ZYVM1XJU0B,batch-2,active
0QWUDDKT6F,batch-2,active
MYGJ4AWBVB,batch-2,active
43WA6WJAH1,batch-2,active
0SGJTZAAGE,batch-2,active
1XCSMAZN7X,batch-2,active
SS500OL5KM,batch-2,active
PJJIC1QHDJ,batch-2,active
MZ9VAKHW9O,batch-2,active
QGER91XVSV,batch-2,active
5XB4JHOK9X,batch-2,active
U2FXE50KNN,batch-2,active
93R62HEWZK,batch-2,active
4T7BXWYYNK,batch-2,active
OQ4EWTFG0C,batch-2,active
NZ63ARW57J,batch-2,active
2D5BKCFMKJ,batch-2,active
2VWOPXGSHU,batch-2,active
4IWH2PTY6D,batch-2,active
61EIBE3XRW,batch-2,active
U6WFPC907E,batch-2,active
L97JQPPJNV,batch-2,active
GC1O9KSKLS,batch-2,active
TCHQTNAGJP,batch-2,active
RCQ4Y858AF,batch-2,active
IVR2GQHYJK,batch-2,active
Q1FQ3MQS6C,batch-2,active
Y9YU9RN5FP,batch-2,active
5NA8697CGS,batch-2,active
X0P6JOQWSL,batch-2,active
5TL5CTAA8U,batch-2,active
HOX97U2IUQ,batch-2,active
085HFKM4UI,batch-2,active
0941JU856Z,batch-2,active
04L1CMCQ99,batch-2,active
352YCXKRAT,batch-2,active
48IFEHVY6B,batch-2,active
GLC13N6834,batch-2,active
NEJ3L20714,batch-2,active
JOXHBXLLVC,batch-2,active
S6Z4JL35AN,batch-2,active
X6MZN48M5M,batch-2,active
PSGUZ0Y0SV,batch-2,active
JRI3XQ4B9Z,batch-2,active
AZ6UDHYYQ2,batch-2,active
3939M3OJ5N,batch-2,active
SVHMCW6ZCU,batch-2,active
15NPDLNIQ3,batch-2,active
C1QW15U0K0,batch-2,active
UJ8WCGEH1O,batch-2,active
E3JJQKIWMI,batch-2,active
4XLDFV8PQ2,batch-2,active
CYMF7LUFLY,batch-2,active
8KXUWL9BNW,batch-2,active
5M74ZL6OXL,batch-2,active
166410RJTZ,batch-2,active
8N7LYO4AO8,batch-2,active
AH3OX5ES0H,batch-2,active
PB3EV4UIH5,batch-2,active
ZZBAR0JLCP,batch-2,active
JH0I3BZD6Z,batch-2,active
O4AGKWW0FT,batch-2,active
NQP736VXG3,batch-2,active
X5BG295JQ5,batch-2,active
8EH7K2LNKC,batch-2,active
C4X4XQS23Y,batch-2,active
VMSVCUW3VC,batch-2,active
98H5DUBCI8,batch-2,active
COZLW11PYA,batch-2,active
Y51QV8PL7O,batch-2,active
U01CHE91MA,batch-2,active
XF7S0A9IOY,batch-2,active
FX3WFU4ZNC,batch-2,active
MRCTJ0A2W1,batch-2,active
S3H92YZRX0,batch-2,active
R33V1DJYB9,batch-2,active
UTGK6KQPL4,batch-2,active
OC4TXF10C6,batch-2,active
2CSF07WYR7,batch-2,active
6ISJTECPWN,batch-2,active
YYY0TQNS0L,batch-2,active
V60NEQKZP3,batch-2,active
44CZKIS6CF,batch-2,active
7J8H8N9KSB,batch-2,active
V8FJBZNNWO,batch-2,active
L1DPNQBSB1,batch-2,active
2PHTHR9E36,batch-2,active
QZ07797P0R,batch-2,active
SNSAXKPJ9Y,batch-2,active
SBV0P91ZWF,batch-2,active
XR29ILXE2X,batch-2,active
31JC25ETD0,batch-2,active
OROL718DGZ,batch-2,active
ITWE7MIGC3,batch-2,active
CYUBXV6CCQ,batch-2,active
N4853U84GF,batch-2,active
87SP7GOKAV,batch-2,active
AIPKD2V0WM,batch-2,active
7WYV3AG9XD,batch-2,active
QK1WT583TO,batch-2,active
QPMPFX6GX5,batch-2,active
6W1HOR824Y,batch-2,active
JBTJLPJA5L,batch-2,active
4BKP5M2DG6,batch-2,active
Z629O2440C,batch-2,active
ZQZ407AMPH,batch-2,active
1SY79OBIH1,batch-2,active
7HUFRV6DBD,batch-2,active
1GAI01U3RC,batch-2,active
6H3AERYLEM,batch-2,active
5NTO4G6ECD,batch-2,active
OY2WCHB5BG,batch-2,active
YIEKTP09HN,batch-2,active
PDL0KRQQW8,batch-2,active
1VU025538L,batch-2,active
JC217OWMCH,batch-2,active
ELULOOO3JQ,batch-2,active
IG2NT6ATUY,batch-2,active
GOLX8W1GAS,batch-2,active
3MXK41A864,batch-2,active
L3Z8HI9INF,batch-2,active
OMCMPZLFID,batch-2,active
8T9N24QQ80,batch-2,active
9Y82Y55GNI,batch-2,active
4NFM65N76M,batch-2,active
6S1UV0OITO,batch-2,active
2I1FL3M1SY,batch-2,active
R2IHIN0L45,batch-2,active
S45DRQHJ1K,batch-2,active
SQIVXB7OF1,batch-2,active
5E9X03ARFS,batch-2,active
OE15W01CPI,batch-2,active
IGGO8CSV2X,batch-2,active
SDJWC2C1BX,batch-2,active
T8H9HXKMEV,batch-2,active
JK2ENXSILX,batch-2,active
156C5Y3JER,batch-2,active
HLHL5X8H8Y,batch-2,active
JN1090WKMH,batch-2,active
4LZX8AJVBY,batch-2,active
T3O5IG4HKM,batch-2,active
YZBB2NLIQQ,batch-2,active
9MFQBYATIG,batch-2,active
KZ2V4G2ZRS,batch-2,active
MIOITQJYWM,batch-2,active
FF94Z9ZZBY,batch-2,active
7H54UG5O4R,batch-2,active
08FT6NPI1Z,batch-2,active
8QVK6JJA35,batch-2,active
23OWK38YYM,batch-2,active
I7CB11149X,batch-2,active
NKL20EVLYW,batch-2,active
DQP0RMQWQ5,batch-2,active
I0PQBBVLJR,batch-2,active
MHOFOJ4VA3,batch-2,active
K8GJQ08NNL,batch-2,active
V1YIQ8S3GP,batch-2,active
RDH5BWF4ZA,batch-2,active
CYUTD49P6H,batch-2,active
0FK14VPVIU,batch-2,active
7HWICN6M9J,batch-2,active
9YKY146I8M,batch-2,active
P4R9H7FMDM,batch-2,active
QX0I9UW6RD,batch-2,active
X1IW4WPAPM,batch-2,active
89F5ARA3QQ,batch-2,active
SB4ZT5LF89,batch-2,active
HM9RLATNGA,batch-2,active
6QWAEK0AD4,batch-2,active
8MS665PV4V,batch-2,active
AS8RZYFU9Z,batch-2,active
OS7F43CWJA,batch-2,active
O5PSJCRAHI,batch-2,active
NW34QZW16Y,batch-2,active
MSL47WUZLP,batch-2,active
82A545Y0V6,batch-2,active
J8SOZDE50B,batch-2,active
8GW93Y78KN,batch-2,active
2X1FAIYR11,batch-2,active
MSBN3KRGGC,batch-2,active
LDQNGQO23Q,batch-2,active
VS4OP3Y070,batch-2,active
JBEET42PPB,batch-2,active
VECGZYYS4B,batch-2,active
JON5JXV802,batch-2,active
TBQZLWDVJT,batch-2,active
5DON75LEZS,batch-2,active
DAM8K8H367,batch-2,active
LNA3D0OE3W,batch-2,active
IKT0PQA3W7,batch-2,active
FVG6PP5CA5,batch-2,active
2XRD3VUHDV,batch-2,active
PXJVDJVJPC,batch-2,active
I6SGHM2Z3N,batch-2,active
H2QH7IW2QK,batch-2,active
AUY5WTIYG8,batch-2,active
BYLZX4KEDZ,batch-2,active
HBV96Q51TH,batch-2,active
FQP4QS4T1Q,batch-2,active
ASHROWUI03,batch-2,active
1UDPSXZL36,batch-2,active
JN0PEA62UU,batch-2,active
08SF2SN9VY,batch-2,active
T2SU3UHDRF,batch-2,active
PYT0I3XPBF,batch-2,active
DALFDZMU6C,batch-2,active
MY7KVN6BHQ,batch-2,active
IKUUZUVUJL,batch-2,active
4YQQKBKD8X,batch-2,active
99VT0GTED7,batch-2,active
2MCQACA42H,batch-2,active
QCS50RI50X,batch-2,active
ADVMQUY4H0,batch-2,active
SD9ZJMNAJ0,batch-2,active
FA7G5WH7A0,batch-2,active
8P3CZFKLRG,batch-2,active
4NY3LC0HS4,batch-2,active
X35HEGM8JA,batch-2,active
87ECQ7XMVA,batch-2,active
IP60EE9Q2U,batch-2,active
KN0BQF2I34,batch-2,active
KDEGGJGFQ8,batch-2,active
LB2B38XVA4,batch-2,active
BRGCAJFQDU,batch-2,active
OTXF6KA4J1,batch-2,active
6RCRPPDDJV,batch-2,active
0DLN3DXCTP,batch-2,active
8N8GEFHZA3,batch-2,active
N6Q1F70CIA,batch-2,active
VLXUONONZ8,batch-2,active
8ASG7ZTNS2,batch-2,active
2RXDFG4ZLB,batch-2,active
ICL3P1RDEL,batch-2,active
VK0FNGBVFY,batch-2,active
KBGWBFYFKE,batch-2,active
JWK75N5NNX,batch-2,active
SZWGKVGAIA,batch-2,active
WK4VJPNU6K,batch-2,active
C8MSBNYOBU,batch-2,active
U591PEPDN7,batch-2,active
BR6NQL00MU,batch-2,active
X3GCUGE3XU,batch-2,active
E4P8FK41A5,batch-2,active
I2J4LZDUZR,batch-2,active
1Q7ZQI76CZ,batch-2,active
LJH6NNRLSA,batch-2,active
P4WR8339UE,batch-2,active
W1D0YY9TGW,batch-2,active
Y348M4Y0M2,batch-2,active
8V98X9KFUA,batch-2,active
DJAA511XBZ,batch-2,active
LNCDA2L0W6,batch-2,active
0YRMJQI861,batch-2,active
O04D57QBIF,batch-2,active
DUNLWJ8UHI,batch-2,active
VJONKFTM8P,batch-2,active
6TI4G8TBPP,batch-2,active
PFT3MFDOMM,batch-2,active
EUXDN1T15Q,batch-2,active
62U5GSA2DF,batch-2,active
OKACIWV0EH,batch-2,active
YDIH39Q3ZT,batch-2,active
TEDVAFB37Q,batch-2,active
VXTIL45ERU,batch-2,active
6G38IKOMS5,batch-2,active
JRYHREJKGL,batch-2,active
CTLBNM21OS,batch-2,active
XX8E7D2QFZ,batch-2,active
A6HJF4LPCO,batch-2,active
N3TXXZCROX,batch-2,active
97HVX49A1A,batch-2,active
LIETZ6SD0A,batch-2,active
FONFQUO6G4,batch-2,active
HZR6KOQ0ON,batch-2,active
P1SS10C8S1,batch-2,active
1HJVEOLMMD,batch-2,active
YEDNDTGIMV,batch-2,active
30JI3B3HP2,batch-2,active
APBJ1FCEVM,batch-2,active
0R5NV7P4PD,batch-2,active
JYLO85LW0M,batch-2,active
URA8OICRC6,batch-2,active
B67BPTK8VI,batch-2,active
68HH8RAMIN,batch-2,active
L1S091U6HX,batch-2,active
GA0IQJP0C5,batch-2,active
WTJ8M8EGB7,batch-2,active
M506FGQDNT,batch-2,active
ONX0DHPT3J,batch-2,active
AT1IYJYV7T,batch-2,active
BOSIPINA3T,batch-2,active
Q55VVTJT92,batch-2,active
20K78P2C2K,batch-2,active
F59JISFPTI,batch-2,active
QUYXWUMDUY,batch-2,active
PQZKVYKGBG,batch-2,active
DYXSS9B3A7,batch-2,active
OK6NK1PR3S,batch-2,active
NDPZWYBM4I,batch-2,active
FTRJMYNB1X,batch-2,active
S6N02DA8V9,batch-2,active
ZGM5YJ9S5R,batch-2,active
PSPOKF0ZRH,batch-2,active
58ZMIHMCJZ,batch-2,active
6ASQ2U00EA,batch-2,active
XTBUCPYSLD,batch-2,active
MXABTVUDAC,batch-2,active
ALQ434IB31,batch-2,active
43IC60CPC0,batch-2,active
2VZNCHG9I9,batch-2,active
HGK6WQRPZY,batch-2,active
EVWHDW559O,batch-2,active
HWOF8WN2GK,batch-2,active
7EQ938PFUH,batch-2,active
W8949AGKM3,batch-2,active
IX263XFUCR,batch-2,active
ZR5D75N2JB,batch-2,active
FC1GDCEQKJ,batch-2,active
QSHD9GESKI,batch-2,active
AYVNWFDOHP,batch-2,active
8AOF66ZSFI,batch-2,active
DCW5CF8DYF,batch-2,active
6RBETXYVSS,batch-2,active
IWT2IN0WPF,batch-2,active
9R5W18IPTT,batch-2,active
N7OJE6PQML,batch-2,active
BXOTO9PLBA,batch-2,active
Z6OY9EWLJT,batch-2,active
71I4I8UQ2J,batch-2,active
GJ7UD310RB,batch-2,active
VYZFSUZQNR,batch-2,active
7COOSXWEKX,batch-2,active
ZS0HD0CXBG,batch-2,active
H7P06R291I,batch-2,active
ETCINC2A2Z,batch-2,active
H2NBR7RRQV,batch-2,active
MPMG75EEAF,batch-2,active
KP370DUIEN,batch-2,active
NWICOKY5C2,batch-2,active
MOKZH692YH,batch-2,active
XKT3V8ZQBN,batch-2,active
6R299VIHE5,batch-2,active
Z7RO4OWR6I,batch-2,active
2GCM75LC7V,batch-2,active
RNCZXW645P,batch-2,active
XMEZPZBK3O,batch-2,active
7V88JGDZX5,batch-2,active
XC88HC0VT1,batch-2,active
IPV0FIOVTJ,batch-2,active
83RWWRMS56,batch-2,active
82B4AGHVC6,batch-2,active
TJ27YDHPKR,batch-2,active
5K0UUY7AAK,batch-2,active
Z0FPQ6CVWO,batch-2,active
FPBP1JF4AD,batch-2,active
JR8S3PJUFX,batch-2,active
3L3O0F21WW,batch-2,active
5LX62RWJ3P,batch-2,active
XVFW5D0DTX,batch-2,active
8EKT9P99UB,batch-2,active
UZF05NLBFZ,batch-2,active
39PBEWY1PT,batch-2,active
BVRR16P2NF,batch-2,active
QB8YJ8M4CT,batch-2,active
XGIOQYP3JH,batch-2,active
0MND7ARXQM,batch-2,active
I604C6H1J4,batch-2,active
3WNHOYJHSH,batch-2,active
0DYUM73GS6,batch-2,active
VGWN2BHIFB,batch-2,active
BVNTLFFFHO,batch-2,active
LHFCYXMIWP,batch-2,active
S0WBB7DKR1,batch-2,active
HI6203L3OE,batch-2,active
GBJZUQ03QP,batch-2,active
9Q0SQR0CWZ,batch-2,active
GMAU3UIF8B,batch-2,active
GPUL024CBA,batch-2,active
GZIY9NOTNB,batch-2,active
5JRGCG71RM,batch-2,active
GFTSD76BNN,batch-2,active
2AP91MFAG9,batch-2,active
7TCKF4P5HC,batch-2,active
S4XXYPHOJH,batch-2,active
793XTDY4G1,batch-2,active
4K8YWT6O0L,batch-2,active
S0R61M5BQA,batch-2,active
HPK3COKT7L,batch-2,active
BOJF8N347K,batch-2,active
NHRZUCHW1P,batch-2,active
ZOWJMK1PRT,batch-2,active
V0W2KILQ5W,batch-2,active
HGRBABA6ZR,batch-2,active
7YT853HSN5,batch-2,active
7PVFLBZ6OA,batch-2,active
TLA9IERMH1,batch-2,active
5LRT4NNCQN,batch-2,active
4ND2RAE4TS,batch-2,active
V7B6CFEYM7,batch-2,active
5FL4IBYNKH,batch-2,active
FNITFMGYTS,batch-2,active
JNPUT0YCJX,batch-2,active
WQ81DDWTNC,batch-2,active
99BBMX2RH1,batch-2,active
K4YR0TN7AH,batch-2,active
N2Y9EHKCES,batch-2,active
02BZ88TSLP,batch-2,active
4OF2LHVXHQ,batch-2,active
BW5GGOX8FP,batch-2,active
4QDFZCF675,batch-2,active
3AFFVE0U7P,batch-2,active
5Z1P4UZLXI,batch-2,active
FB6S9NIUEM,batch-2,active
GSZ0CDQRR8,batch-2,active
35C4I4GZLG,batch-2,active
7T8F0WY8QS,batch-2,active
7E3Y8313FT,batch-2,active
P89YLNM3OS,batch-2,active
LLGWIYHN4T,batch-2,active
Y3BACBDBDZ,batch-2,active
D22YM4SS94,batch-2,active
EOZVAWVC70,batch-2,active
IAH9XJO5O5,batch-2,active
WO9HU479KX,batch-2,active
4NRMOYCXU6,batch-2,active
6COBE0CR04,batch-2,active
YO65NGN0KA,batch-2,active
I0M1A2BZTN,batch-2,active
0D3TFE3R54,batch-2,active
YA7QNYQSJO,batch-2,active
6M4KIMML54,batch-2,active
0L5ZKINNJ8,batch-2,active
ZI37M0NSWW,batch-2,active
OSWVCI94KK,batch-2,active
M5BFB73A42,batch-2,active
SA76TYPYCV,batch-2,active
HLUYXQSMUG,batch-2,active
M2XUPXNOTU,batch-2,active
51A6W385H6,batch-2,active
GI6DYZDPT7,batch-2,active
YZDW0W0VSP,batch-2,active
IP1PSFFJQ7,batch-2,active
CNPJH693F0,batch-2,active
FAIE4RY311,batch-2,active
8U9LIM6XA6,batch-2,active
J838JFE7RW,batch-2,active
SVKYOICSO5,batch-2,active
ZV3DURCQVO,batch-2,active
50BZETXGVN,batch-2,active
DACML8JHB5,batch-2,active
Q1MY3WI5ER,batch-2,active
VLJP2FWRQA,batch-2,active
C94AI3IDH3,batch-2,active
0NQYASEGDG,batch-2,active
FTAPPVVRS6,batch-2,active
CNHEWMB4KM,batch-2,active
CCECR0HRO1,batch-2,active
ZXWF71CE8T,batch-2,active
10F3YOHGNX,batch-2,active
PA9SJDXVO2,batch-2,active
EQYYSLN0E7,batch-2,active
20XDU8WXE9,batch-2,active
XEGHVEOFZ5,batch-2,active
2ENNT5LX6N,batch-2,active
MT06WFFJSO,batch-2,active
Y6SW38B1M6,batch-2,active
P7D6Q8NN6A,batch-2,active
8F1VI1CPTE,batch-2,active
8PCMB1SHJQ,batch-2,active
FKQ7741M53,batch-2,active
0II6RH6KIN,batch-2,active
R1D7UPEXYN,batch-2,active
PSMQAF9JBS,batch-2,active
DCK027I7HI,batch-2,active
9OIKEEIXMO,batch-2,active
VAE7NM5D4L,batch-2,active
1PIT37S71X,batch-2,active
1KDLPOOV8O,batch-2,active
94OHAJ0TXH,batch-2,active
5G1L6D2C6J,batch-2,active
ZAWWQ43CHJ,batch-2,active
6GR3XAK2R7,batch-2,active
0U2R73OQI5,batch-2,active
DPK4M7MA84,batch-2,active
PRPNX9L93O,batch-2,active
XFXARQMKSC,batch-2,active
T2F8OPS5GI,batch-2,active
IA9ZSXJ4KQ,batch-2,active
AY2N4PFM07,batch-2,active
UR1UNB2XHR,batch-2,active
A151MBXT5U,batch-2,active
Y642L7ED6O,batch-2,active
LO1ALSXO2Y,batch-2,active
D8LCQRYI0U,batch-2,active
K4KSLLWDQJ,batch-2,active
K1EQV8ENGY,batch-2,active
8AJDES7L3S,batch-2,active
VBFLY6OCQB,batch-2,active
EXJ8CR8MG6,batch-2,active
TMUJER49AF,batch-2,active
NBDZIY1FXA,batch-2,active
RXNU30BFHY,batch-2,active
FJDAR1HUMW,batch-2,active
J2XZBFE88D,batch-2,active
QO8LC2MIDG,batch-2,active
GV8FI350BO,batch-2,active
TFFR6AUTSA,batch-2,active
TMM3YDMK8F,batch-2,active
2BAPWOJ9KN,batch-2,active
9ZJRCYYRZ2,batch-2,active
8KZFCDE72W,batch-2,active
OBOUIJJY9A,batch-2,active
QCJESW5KKX,batch-2,active
FY0GYLDW4E,batch-2,active
8D8BABUJYO,batch-2,active
X6NBVGBGIF,batch-2,active
JHUYFZQD14,batch-2,active
NIA7XQZ9LS,batch-2,active
I5GBDPLZHP,batch-2,active
LWQSIIM2WZ,batch-2,active
ROFXYYZV67,batch-2,active
VTH8TOQ0DJ,batch-2,active
EWMUF95FX8,batch-2,active
IGLWBAOPA9,batch-2,active
IIEWBZTDP0,batch-2,active
ADM2SCJ26P,batch-2,active
8NS48B1XWU,batch-2,active
RG1INQLSLN,batch-2,active
I5WPCLDO8M,batch-2,active
9NS7170L3I,batch-2,active
QH9NVC9QYJ,batch-2,active
BZJRFA25PS,batch-2,active
NLM7H3JNJ8,batch-2,active
4VHMWBIL8H,batch-2,active
3R0AFWKFGB,batch-2,active
9GBK1JCWY8,batch-2,active
YMZ7OTF19V,batch-2,active
1MG50S9CRS,batch-2,active
P5LPNMYC0N,batch-2,active
T78IQBMNMC,batch-2,active
Q8NYE4BKBP,batch-2,active
A7GBFOB7YQ,batch-2,active
KDPGVY4PQN,batch-2,active
MVW769OM3B,batch-2,active
9AWL9IEU7S,batch-2,active
YVMITKPZ2B,batch-2,active
ZB7QXQD0Q4,batch-2,active
3WTUO6WC9E,batch-2,active
LVBIUL5A6X,batch-2,active
XNJ2O1393O,batch-2,active
Z9BOJA338U,batch-2,active
JPOU694CLZ,batch-2,active
KOAKOC8S3A,batch-2,active
0S2WW0OF2B,batch-2,active
F36NN6U9YP,batch-2,active
A760WS7U59,batch-2,active
SFH2DIQFTN,batch-2,active
E81I2GGWCW,batch-2,active
94J2A7ESDB,batch-2,active
J8QPEW1Q31,batch-2,active
I8I87OH828,batch-2,active
K7C0V0001O,batch-2,active
Q4KZ3UWYQ9,batch-2,active
CV4VNP4NXK,batch-2,active
8WR538UW5T,batch-2,active
DKJZ6TB4KD,batch-2,active
DTZCMZDKKZ,batch-2,active
JQ9BBWRYRA,batch-2,active
KKXW8Z74VP,batch-2,active
ZG2S8U9LPC,batch-2,active
N6XK257C11,batch-2,active
8UMCF0KCET,batch-2,active
9IZMJNLTNR,batch-2,active
JTXZ9RY691,batch-2,active
PNJUM3E02S,batch-2,active
VXQHXEYGGM,batch-2,active
4KN91SI8CN,batch-2,active
93QTCAXQKH,batch-2,active
IS9FJ56SKS,batch-2,active
10V7L2OHPD,batch-2,active
TVDAV252QD,batch-2,active
48Q773Y4YN,batch-2,active
B383MIAXDW,batch-2,active
IOQ56IR2O5,batch-2,active
TBAHMM21M2,batch-2,active
H9Z6SGPUYE,batch-2,active
9ID199WT4E,batch-2,active
VE4OT081LN,batch-2,active
Q5SWK8JE5B,batch-2,active
Q8UZDNPSFW,batch-2,active
7BK8YX7VKY,batch-2,active
45UKB5HIS0,batch-2,active
40Q8C813LZ,batch-2,active
ZGY0WEFLFW,batch-2,active
9Z3CF5N0BW,batch-2,active
5QVRJENH3N,batch-2,active
Z722ZLLBJM,batch-2,active
1YH7BYJNW5,batch-2,active
45W17QO695,batch-2,active
15P02NJLGP,batch-2,active
4C77GWZOQJ,batch-2,active
NNW2T4PBRI,batch-2,active
08OALKOTIC,batch-2,active
GT8QAVQRPN,batch-2,active
7DZWHFU0WG,batch-2,active
UMTBAMUFP7,batch-2,active
QMI6ODFPCB,batch-2,active
DXHV9Z8216,batch-2,active
ITHHDOW7XW,batch-2,active
BB0DLE7OG2,batch-2,active
AQFBKDG9PL,batch-2,active
0SXH01DQWV,batch-2,active
T1ZBSZ4P99,batch-2,active
LPXBPS11FT,batch-2,active
7HF9AIUYWL,batch-2,active
D9CEB87GGD,batch-2,active
4EB8J0GCEU,batch-2,active
1PZVN2813Z,batch-2,active
OM870HWH2A,batch-2,active
PY60JNX2VR,batch-2,active
QEMT30696D,batch-2,active
Y3L7Q9BOGZ,batch-2,active
KP08HYLWZ1,batch-2,active
SLMWVL4Q5U,batch-2,active
XBIJ606GYH,batch-2,active
B4CVTBHRG3,batch-2,active
1RN8ZPDBB8,batch-2,active
UD2KCQZ0CD,batch-2,active
CGM9R9C47G,batch-2,active
9BMC7I4TRX,batch-2,active
S0J0WGZSDJ,batch-2,active
V0ADKDF189,batch-2,active
MUKJGN8E35,batch-2,active
6614FUYGDA,batch-2,active
4AOP882L6X,batch-2,active
16J7IYOEDN,batch-2,active
MXLPGEFUGK,batch-2,active
FAZ4THHKOR,batch-2,active
0ZXAAV0EBI,batch-2,active
X8TO500VC7,batch-2,active
NU3Y4HKRLO,batch-2,active
69OJ4G6OGK,batch-2,active
KSSL2B93TK,batch-2,active
LSHTSAHF3F,batch-2,active
VJ89K7H88F,batch-2,active
QOZS9SZH3O,batch-2,active
FLK50VS07R,batch-2,active
8U0RTKNMFG,batch-2,active
8SZISATHOR,batch-2,active
ZCZGWYSGN9,batch-2,active
DGWABMND8F,batch-2,active
PK7DG6FQOD,batch-2,active
NM818VBXBC,batch-2,active
QF6YT1ODP0,batch-2,active
3VZOXA45ME,batch-2,active
LZLX55VWOL,batch-2,active
YY6MN5KR7V,batch-2,active
L1RDC19F3K,batch-2,active
H58SAJM0G5,batch-2,active
YAS3UCN8J9,batch-2,active
T0BFXPM3DN,batch-2,active
GQDF0LK7BV,batch-2,active
WCDHV74I8O,batch-2,active
NR47MHFPNO,batch-2,active
7K64IGG925,batch-2,active
Y0K12A3NUD,batch-2,active
CQQGNAP21S,batch-2,active
YY344UEEZ0,batch-2,active
DWKIS4F3FS,batch-2,active
I4W5NHV32Q,batch-2,active
MJYKXZAR57,batch-2,active
ERQ7GW1LJW,batch-2,active
KR6HXGPRHG,batch-2,active
ZKMFOA9VUK,batch-2,active
ALJ27FB7DH,batch-2,active
7CTOJD103J,batch-2,active
EP1FSJSA65,batch-2,active
9AYFT23VG4,batch-2,active
R3UMXTYVWN,batch-2,active
XGNJ1HM31O,batch-2,active
TLMWH486EX,batch-2,active
7BLU73CZVQ,batch-2,active
2EQ9E0QTYA,batch-2,active
LIB9XIXOM3,batch-2,active
5XQX3DKQWI,batch-2,active
0XOMOWUWSH,batch-2,active
5DMSSPU01P,batch-2,active
LZONXU3QAG,batch-2,active
5TGLEA5SOH,batch-2,active
089AAQ7CAH,batch-2,active
P6OOT5H656,batch-2,active
E4DR24TXTL,batch-2,active
Y49CMXORY0,batch-2,active
R3H3EKMYW0,batch-2,active
DEQK6OS0PH,batch-2,active
7CMPUDDCTU,batch-2,active
1EV3T7YBKD,batch-2,active
71JWJGWWVC,batch-2,active
ST8XS0R9C7,batch-2,active
UDVYJ9EJSZ,batch-2,active
JJ8RX5MUCD,batch-2,active
FOY2P819A6,batch-2,active
ZWUXO7CDT7,batch-2,active
ZA9Q4XEY0R,batch-2,active
GZZ41H8KHZ,batch-2,active
JMLW4QUXD2,batch-2,active
PI5H6IYIA4,batch-2,active
OH690JD8YH,batch-2,active
P3XB5G7UO2,batch-2,active
IN6OQHB9QZ,batch-2,active
2N0LQAC2CB,batch-2,active
L5JLYOTUT0,batch-2,active
IAU0M1YR26,batch-2,active
TLGLQP56TQ,batch-2,active
JJ9QCKRMAP,batch-2,active
Y3XRYDEKWV,batch-2,active
Q5JF4ZYZLA,batch-2,active
RFP2UNWMOT,batch-2,active
E49JOOR11D,batch-2,active
30KX4P4RZ8,batch-2,active
NA52UPEACM,batch-2,active
EMTI6MCNJ3,batch-2,active
F3M33D5IYH,batch-2,active
JJLHWBHHQL,batch-2,active
I9A6E0FRU5,batch-2,active
7QN8RO24PS,batch-2,active
B5W3EBZXUP,batch-2,active
DSM2LQ72IH,batch-2,active
BTSUYNIJ66,batch-2,active
UN7FCA5CJ8,batch-2,active
7T6JGFOGF9,batch-2,active
T05BL1JHOL,batch-2,active
P090KKHJSA,batch-2,active
3YLG68JLUP,batch-2,active
25MWSCQ8UH,batch-2,active
LQKMJQN9XT,batch-2,active
7HXTCCXP14,batch-2,active
6TQ0MRH9QX,batch-2,active
VKHU1ZU8DX,batch-2,active
G55RJ05QGJ,batch-2,active
74RQDGEVOT,batch-2,active
MCSTPPVOSI,batch-2,active
J1RFE2ETVK,batch-2,active
8BZQ1JU5D4,batch-2,active
MIE9XKJSG8,batch-2,active
EEBMN4ABFY,batch-2,active
BH06EFLZ6I,batch-2,active
MU0L7ZUAZK,batch-2,active
4TCGZ20O77,batch-2,active
8JGQMBS8VA,batch-2,active
0G48JG7NFM,batch-2,active
DFVW4459QC,batch-2,active
HIPQ9ITRXL,batch-2,active
8XMNBXJFAL,batch-2,active
I9MNXMLXL7,batch-2,active
W3VDHM7ZWV,batch-2,active
DYPASX5FI7,batch-2,active
AMBDNJUTVB,batch-2,active
WEMNWVOK05,batch-2,active
0SL5B094NX,batch-2,active
V0HU5L4BNJ,batch-2,active
X5FC7QEDA9,batch-2,active
U4EEHHOOWA,batch-2,active
W78LNMEQRU,batch-2,active
WTNWIGHVT2,batch-2,active
NE3QX1RBH0,batch-2,active
LDXZJZ371D,batch-2,active
0GPXU4O0AN,batch-2,active
ACPNHCD6BZ,batch-2,active
EQXUR2EKP9,batch-2,active
J3AYDM1JVW,batch-2,active
A3RDT8BLHM,batch-2,active
63PMXSZSK5,batch-2,active
JK83PBJEAF,batch-2,active
IOPUPN4RAT,batch-2,active
EJDV04N39G,batch-2,active
XMAUPBJS6U,batch-2,active
CU5XC8BX0N,batch-2,active
NBZ12L70KF,batch-2,active
F0CEJ3OD95,batch-2,active
4338OBQDRH,batch-2,active
LTXA8QZK2V,batch-2,active
Y6HJHVJTCL,batch-2,active
7NEXBBYAGB,batch-2,active
CA7RSNFR0U,batch-2,active
MYBXRXHB49,batch-2,active
CVFRHUYVID,batch-2,active
UIK5H49BPB,batch-2,active
ERQ4D111QP,batch-2,active
US75OK7ZB9,batch-2,active
55440HA54U,batch-2,active
XWSZWPJ37P,batch-2,active
FROMOQB09O,batch-2,active
XSPZ6FZDZV,batch-2,active
VRGY2TUFH3,batch-2,active
EUS3BX7XAQ,batch-2,active
G178MU6RJB,batch-2,active
LAZFND0Z63,batch-2,active
IN5P3WQINT,batch-2,active
5M6BD085TS,batch-2,active
ZLKDKPTE1V,batch-2,active
EMCMZA6V73,batch-2,active
M789R1JU5E,batch-2,active
EHQCZQ8NUE,batch-2,active
C3J3GFTBTX,batch-2,active
HFR31CNZX7,batch-2,active
FZ2JN56TNI,batch-2,active
ACWKKGJ627,batch-2,active
7G44X5WDTC,batch-2,active
IU9C36ZM70,batch-2,active
WML9SEFHWN,batch-2,active
MT20GGCSYB,batch-2,active
82BV3IN1D1,batch-2,active
HQYPNBSSFJ,batch-2,active
1U06ON64B1,batch-2,active
EXOR9Z46CT,batch-2,active
AGXPS69ICL,batch-2,active
432MKCKP15,batch-2,active
8BS89WW4TP,batch-2,active
T3919YSY9R,batch-2,active
91649EWE7Y,batch-2,active
Y14ZUXFHI0,batch-2,active
66V141PX1Q,batch-2,active
VSQISLB7M0,batch-2,active
XW04GZGV9L,batch-2,active
EXDAQO46B8,batch-2,active
SGAOZN74RG,batch-2,active
MKZTZDWKFG,batch-2,active
EFII7LKLSU,batch-2,active
4PZXLZBVQN,batch-2,active
0QUFOA69XG,batch-2,active
481PY33T9U,batch-2,active
331OP5QRCY,batch-2,active
4TCI8AFBNQ,batch-2,active
7ZANXDDZPR,batch-2,active
MEUVDSTE77,batch-2,active
YPI058LHR6,batch-2,active
OHKUIRDBDQ,batch-2,active
VUKN6SVLIY,batch-2,active
XBP1Y2NEOO,batch-2,active
FC37XFDYX5,batch-2,active
ZTMAZEAFF9,batch-2,active
D7C3Z1BQKC,batch-2,active
3ZJ1FYMMDQ,batch-2,active
UPG6S305ZG,batch-2,active
B1SDZCAJ6L,batch-2,active
YCUCHY1G1O,batch-2,active
1GFTEBGF81,batch-2,active
TGNP5RCR6Q,batch-2,active
JGQRDNVWA8,batch-2,active
Z1I2H8MGT0,batch-2,active
H23ADN8XRE,batch-2,active
GSPUESZXTB,batch-2,active
WEY1AYQROQ,batch-2,active
2JRDZC16SX,batch-2,active
KDY85QXWRI,batch-2,active
5JE163HJF6,batch-2,active
XQSFWKZ30U,batch-2,active
LWH6228ZBW,batch-2,active
MWONMC4FMD,batch-2,active
E5OS6JB1OT,batch-2,active
T2JCNO68XK,batch-2,active
UNBZICB9UU,batch-2,active
2Q51LB00PB,batch-2,active
5U9LDR97XL,batch-2,active
R1TPOMGT96,batch-2,active
05O1KI1B51,batch-2,active
2W6WXQ5T6S,batch-2,active
DSVE6KBI0M,batch-2,active
F3L22HE0E7,batch-2,active
NCDUK9D3I0,batch-2,active
AG1GM5614D,batch-2,active
V7DQNRT3W2,batch-2,active
H0Z41WFXOQ,batch-2,active
E1DN7PPLZO,batch-2,active
LYXASLFN49,batch-2,active
BC18KW53W5,batch-2,active
27IDSZWHYK,batch-2,active
MCMIUCMVNL,batch-2,active
AMTO5PQ9YE,batch-2,active
DD4AJLIPX1,batch-2,active
LPPGQXG9UG,batch-2,active
PUCWFW1136,batch-2,active
KEWBEXKCG1,batch-2,active
0M1HDZ1FCX,batch-2,active
YBREKSL7QH,batch-2,active
8HOQBXHAEC,batch-2,active
JR2SBJN5BM,batch-2,active
N1KONIN0DH,batch-2,active
PYBLGP5TE7,batch-2,active
QGKX8VXYKC,batch-2,active
465JYXJYK2,batch-2,active
8LBBOLNMTR,batch-2,active
EM9T32ILDY,batch-2,active
1XMGFGV5OL,batch-2,active
6G6N3PDX0X,batch-2,active
FPZEAC59GU,batch-2,active
I9J3E7985D,batch-2,active
5I4586ZNXH,batch-2,active
EG6V9J9JTA,batch-2,active
X5FZNR9TJE,batch-2,active
UBQYUNZ9C6,batch-2,active
WO1FRF82U3,batch-2,active
279Z39T4PV,batch-2,active
ZWKP65QLBY,batch-2,active
230GC0B4QV,batch-2,active
4LWICHA8DO,batch-2,active
F3V7UHTVNC,batch-2,active
BZ2OKRK8GL,batch-2,active
OSCFVTSJYY,batch-2,active
Z8WY81K9S2,batch-2,active
EY0HPBE6MZ,batch-2,active
OD22AU9TQA,batch-2,active
AOCXPJUBA0,batch-2,active
5USNB4B9TQ,batch-2,active
2EF5IAL6RT,batch-2,active
YPEK4NW51K,batch-2,active
2PED8W8PNF,batch-2,active
45UB3SRUSI,batch-2,active
XJJOLTBI21,batch-2,active
CW32BZUMI0,batch-2,active
2RJ9EEXMW1,batch-2,active
IW9BRAEDMM,batch-2,active
XQ921M4CLI,batch-2,active
9NF087S0OR,batch-2,active
M15PKWLS2V,batch-2,active
VXVOK9QOOI,batch-2,active
LHTO7KPG23,batch-2,active
1A1R9KIWEY,batch-2,active
CTI7QY1K5M,batch-2,active
SCLS7YQ91J,batch-2,active
556X48AKNA,batch-2,active
U8A26WDYXB,batch-2,active
0N7U1914GH,batch-2,active
JHKDUWFSJZ,batch-2,active
89E3QH984M,batch-2,active
59MXT9CJHL,batch-2,active
O55KCW1S1Q,batch-2,active
IDUHLB8UX9,batch-2,active
ED6H9GJNNP,batch-2,active
DN5Z76Z52F,batch-2,active
OPIHMF7JLA,batch-2,active
WC1ADV1N1Z,batch-2,active
3H9ZGOUXO3,batch-2,active
1MKONFI6LY,batch-2,active
KWZML8QO9W,batch-2,active
HWLBNFG8MG,batch-2,active
1VRPWKPHV1,batch-2,active
WFRNZBINNV,batch-2,active
RDO0BCF1MT,batch-2,active
665GH73V6X,batch-2,active
SUQ6XIJQJR,batch-2,active
ZI6CMVVJIA,batch-2,active
QDOAZBY649,batch-2,active
SXSXAAMGLQ,batch-2,active
EYE3HLXUSD,batch-2,active
1JKOSRR7JY,batch-2,active
8T29RCX5UL,batch-2,active
9DL7NQX9JM,batch-2,active
NKQH0HTMHI,batch-2,active
71HCE3RYRH,batch-2,active
4TP5JXT0G7,batch-2,active
4K92Q8CP4T,batch-2,active
1BNV8F4S9U,batch-2,active
1MCCMHE8KY,batch-2,active
EUMVHWZBC7,batch-2,active
0ZJ12QDJDN,batch-2,active
7AO6M9Z79Q,batch-2,active
F6KT8G99QK,batch-2,active
U1P0EO0MDL,batch-2,active
YKMUA55SMH,batch-2,active
MZPA0D0DRW,batch-2,active
2L45M70Y3B,batch-2,active
NDTMIP6CL9,batch-2,active
PA9L8T384V,batch-2,active
TTSTA053HZ,batch-2,active
6ZAFEOWS7D,batch-2,active
ZBRMZKOBNL,batch-2,active
UJEEZ2QEAD,batch-2,active
T5CP3K8RJZ,batch-2,active
TP7CUTQRSR,batch-2,active
ZXZZZ3EG3C,batch-2,active
BR6YI9CM9O,batch-2,active
3GSB8RQT1O,batch-2,active
013G9F6Y0M,batch-2,active
J285WZF25M,batch-2,active
BA4S8ES4FS,batch-2,active
1P7DF0MUAM,batch-2,active
48W3MM0430,batch-2,active
1G7XBF64KB,batch-2,active
CEKF4FIY06,batch-2,active
RPWKB3MWNV,batch-2,active
UCH2R8G062,batch-2,active
0SJ2JFU5I5,batch-2,active
QG7BFBAM4Q,batch-2,active
7IO5JID6M5,batch-2,active
OB5LBBVNEM,batch-2,active
RLNSCYLZNF,batch-2,active
CTP09UR33N,batch-2,active
ENB89Y4XOK,batch-2,active
MY1N29TL3I,batch-2,active
1H3KB5DQYS,batch-2,active
EFTMYVX54K,batch-2,active
XF66R0FLC6,batch-2,active
Q2HJMMTZKV,batch-2,active
C3MDHCCORG,batch-2,active
CO8TMX22WO,batch-2,active
KADTGE9HLN,batch-2,active
DL22F4Q0VE,batch-2,active
LXB0TCC6KP,batch-2,active
WWQSYHZLR1,batch-2,active
4SH538969Z,batch-2,active
TFCFRWUN1O,batch-2,active
0VW9HPG6NQ,batch-2,active
64IX25BYV8,batch-2,active
LMPP6IF83G,batch-2,active
6PO0AGVDE1,batch-2,active
LZOMX0LE7A,batch-2,active
YLVLIKHOAM,batch-2,active
CFP8J38CKI,batch-2,active
QBBK4OHKQW,batch-2,active
Z6WZBA6U5E,batch-2,active
44DWDKJDWG,batch-2,active
3U4NNCDL0Y,batch-2,active
Q9JD0YNK4O,batch-2,active
KDZFOGXL0L,batch-2,active
4ZMEOWAGT9,batch-2,active
CJ6NE61UE3,batch-2,active
VSIJ58K1WS,batch-2,active
EHL04XGRI2,batch-2,active
2TL8ED4GP4,batch-2,active
14ODT8P8UZ,batch-2,active
M0LBGKDSTI,batch-2,active
1T3CZGODGB,batch-2,active
N71M6O7NBO,batch-2,active
JLOQWUVN3G,batch-2,active
9C1I12YV41,batch-2,active
XX86JNSCJG,batch-2,active
8JBDF9UU0S,batch-2,active
WISABUP5RV,batch-2,active
5APSAP6TWX,batch-2,active
ZBOJU38OD7,batch-2,active
QPPNM6UNQ6,batch-2,active
W6KDGRQC50,batch-2,active
FYH12SBMPN,batch-2,active
WIL7MIBWEM,batch-2,active
49IG1S9VO4,batch-2,active
2M51FGBZQV,batch-2,active
YTD1ORHPWV,batch-2,active
ZK2AB467KR,batch-2,active
KIPRGORSFI,batch-2,active
BQZ8OGMGQU,batch-2,active
W03P1YXRQ5,batch-2,active
B48JLD8P1I,batch-2,active
47ZTS7ODG0,batch-2,active
9T0VZABPRX,batch-2,active
83O1UTZTUD,batch-2,active
PGBO8T7DFP,batch-2,active
BKJAT5OA9V,batch-2,active
9GBJYLU5VX,batch-2,active
1RYIFL7Q8J,batch-2,active
L6GEEUD13S,batch-2,active
2762Z24Y9Q,batch-2,active
K6EMPAQXXD,batch-2,active
CDK94TA6VG,batch-2,active
DT0I00G97Z,batch-2,active
3TGNA9WY59,batch-2,active
NSEESDS1D7,batch-2,active
71XH5VEQH0,batch-2,active
860LTCSRPG,batch-2,active
FM6ILFR715,batch-2,active
MKNZZPTS3G,batch-2,active
WYV5F9R7LV,batch-2,active
3PI6Q48US2,batch-2,active
S0VOBR1IZE,batch-2,active
CDXXNAOEQI,batch-2,active
QMD3KELSF2,batch-2,active
XMCDR8ZLNM,batch-2,active
67IP8ZDRGU,batch-2,active
7ZFXBY49EA,batch-2,active
CP4J4U8K3W,batch-2,active
81EVCPK36V,batch-2,active
86W9TTHWGE,batch-2,active
VSQIKPRV2P,batch-2,active
YIFE35EWDW,batch-2,active
6RSDH8KYGJ,batch-2,active
8YHOJPJBJT,batch-2,active
B5FVDX9Q7W,batch-2,active
4BVO7CA2U7,batch-2,active
3E1SRF6EX8,batch-2,active
8FEN0Q391T,batch-2,active
ZR30C0G4H3,batch-2,active
D2T4BOI0CR,batch-2,active
OK83ENF03K,batch-2,active
IW19Z0MK4Q,batch-2,active
B22M9HUU1H,batch-2,active
T808F26GPH,batch-2,active
A4Y8RPPQM8,batch-2,active
Y1P5CT09TQ,batch-2,active
MPWAXUG8PE,batch-2,active
HQ45REW75T,batch-2,active
64GW34LONM,batch-2,active
32CQQ57QL0,batch-2,active
2D302R7LSW,batch-2,active
D2F8XE1SM4,batch-2,active
M4LC6ZTE43,batch-2,active
7QAMVN6O0V,batch-2,active
R1LTFUD57R,batch-2,active
Q3YKD0BZT4,batch-2,active
EGY5YB7VZR,batch-2,active
9JKSDFOGEL,batch-2,active
V3MFKJETIX,batch-2,active
9U9CGRLULJ,batch-2,active
1ROU1GXK7U,batch-2,active
Y3G7GFZ6UP,batch-2,active
4ZNMIJNHGW,batch-2,active
M2AXGGLKNU,batch-2,active
BWNX3D1Q5D,batch-2,active
ORM08C5BDY,batch-2,active
WNGK8GMMOZ,batch-2,active
S5JKMLT17A,batch-2,active
STEE3Z0GVB,batch-2,active
IA5CO11UL1,batch-2,active
BSKYI8R453,batch-2,active
7RE4VCISW6,batch-2,active
8NZ5611KKC,batch-2,active
MTRQ8KLE9N,batch-2,active
OOPNQS4O5O,batch-2,active
H57I7BXUM0,batch-2,active
XCUNNI7TC1,batch-2,active
A2PGZQ41Q5,batch-2,active
2UCVC4VTYQ,batch-2,active
IDAJOJ6ZGZ,batch-2,active
2U942N36W2,batch-2,active
3SJACM92AY,batch-2,active
FJR90OUQ6S,batch-2,active
NRD0MRLIIK,batch-2,active
9I4SFTP9OK,batch-2,active
45D1X4026Q,batch-2,active
W8NU1ROQ6F,batch-2,active
6NM0KBNMMZ,batch-2,active
L2E6CNSNYU,batch-2,active
WOXUMG1MQ1,batch-2,active
FINPX00EWU,batch-2,active
EVS0LFC3K8,batch-2,active
2570A5NC3N,batch-2,active
S67TIYRC8X,batch-2,active
GMVZ2PZQVC,batch-2,active
XMWQDGQ6Q5,batch-2,active
4EAV1VIDOA,batch-2,active
938FLULOX0,batch-2,active
JV4IJD7G45,batch-2,active
SY1GRYUOT7,batch-2,active
TVN8O3DYY2,batch-2,active
B7ADN9SRCA,batch-2,active
OEC9Q3OUNX,batch-2,active
Q2AZVNSBFR,batch-2,active
M4NLZFG08T,batch-2,active
E5PZSNYB6H,batch-2,active
YBGFIVS7Z3,batch-2,active
88A44LU2YH,batch-2,active
0MJZEKKDBQ,batch-2,active
SFI0FUXT0U,batch-2,active
0A64OWWS1K,batch-2,active
5P2MNI8P9A,batch-2,active
XS09TAYKNI,batch-2,active
LLQBMSCD4V,batch-2,active
9UCSMIDLCO,batch-2,active
F5Q3B2RH0B,batch-2,active
Y84LKWX3T3,batch-2,active
Q3BS8TJMMQ,batch-2,active
UJYNYXIF77,batch-2,active
UTJ9BHK7KP,batch-2,active
2QHRG3DPBI,batch-2,active
BIND1SNRFZ,batch-2,active
ILVLLDZJY6,batch-2,active
1S6EMFQPTC,batch-2,active
49PU5SBTWV,batch-2,active
DQWOU5HFGH,batch-2,active
LRM1T3THJ7,batch-2,active
Q269VPRZ6L,batch-2,active
48H9VKF5ZC,batch-2,active
7UCXW14GNU,batch-2,active
G8JY4Q1D8E,batch-2,active
449ZDG28FV,batch-2,active
KNXTVT8BZD,batch-2,active
H9VXHS63GZ,batch-2,active
WEVJSN5TIE,batch-2,active
R9YE28PKAN,batch-2,active
E5H84E1H30,batch-2,active
JILP1MY7I6,batch-2,active
Q1DDNW0YKH,batch-2,active
Z7LGBI2NHA,batch-2,active
YD8DXZLOOS,batch-2,active
KT5ODH527C,batch-2,active
ET99BUX0SM,batch-2,active
YYVT9R27M0,batch-2,active
0ZP9DK15PY,batch-2,active
J4881N5N8B,batch-2,active
9F12A15NCG,batch-2,active
RWVIJXPLUB,batch-2,active
FHLAVMY2EQ,batch-2,active
XAINE6KTTY,batch-2,active
QLMPHZQ8UY,batch-2,active
RC80AGR2QT,batch-2,active
DCU1QSC9AK,batch-2,active
1QW96YFP5O,batch-2,active
Y5M97BKBYQ,batch-2,active
HE4DVH30EF,batch-2,active
84SOWAZ15J,batch-2,active
HGQVSW1SZ1,batch-2,active
VOEYC5E02K,batch-2,active
V5530KW6LF,batch-2,active
WTI3A927S3,batch-2,active
W3IQ7CECSF,batch-2,active
WBDICN4D59,batch-2,active
8VBW7ZEQVT,batch-2,active
4DT7F8SYQ3,batch-2,active
22SQ2R1JCG,batch-2,active
63YPHR607I,batch-2,active
M7W6KWSMOI,batch-2,active
7E19XSZMMC,batch-2,active
70XPTLOTI6,batch-2,active
6K3P0AAARU,batch-2,active
5PF5EUF9AT,batch-2,active
9X8QMKGLXV,batch-2,active
H83OWI3KLR,batch-2,active
EPJPR8MMO9,batch-2,active
ALYK597HRZ,batch-2,active
561WI6B6GS,batch-2,active
I5D4378EYA,batch-2,active
3TL7MQA0LH,batch-2,active
C6SKGE96W2,batch-2,active
GA5QCA8XW9,batch-2,active
Z7ZMV7IZRX,batch-2,active
ELKIRT5SS7,batch-2,active
PHAAR8J0X7,batch-2,active
1JONR4MV33,batch-2,active
OXHDTNBLHJ,batch-2,active
12HP5MLVN4,batch-2,active
L8D626304B,batch-2,active
6JGIZZXBX0,batch-2,active
ZNHFMH11SA,batch-2,active
RTSBSMMIE2,batch-2,active
MCDHYRB6SU,batch-2,active
6FETVI3E63,batch-2,active
IFO4MLUMU2,batch-2,active
HZ4MJH342P,batch-2,active
MWHQIGUZSX,batch-2,active
7HGK8PA2HY,batch-2,active
BRXAIWNNUX,batch-2,active
F4Z29REM5E,batch-2,active
S2GZ5QUU5L,batch-2,active
G2WCCNRCQI,batch-2,active
SBTYHGSMJZ,batch-2,active
FX5UJ4LPTR,batch-2,active
OIDBSQ8Z9M,batch-2,active
9TEIVSJK3T,batch-2,active
34Z56G82JM,batch-2,active
RKR3D1NIGE,batch-2,active
9ZMS3ACJ5S,batch-2,active
JCMTW2JSP7,batch-2,active
IEVO7ANA8P,batch-2,active
IGLZUIY4HY,batch-2,active
RWZFU5FPJW,batch-2,active
0HO2VFGPKN,batch-2,active
KSNPS1R0O2,batch-2,active
IKU0KXTN7X,batch-2,active
V8ADEQLRGA,batch-2,active
CMXNJDCX6G,batch-2,active
J2HRNEZCIR,batch-2,active
G1VG9GYE7L,batch-2,active
OC7WMHNKDJ,batch-2,active
56BK42D7KW,batch-2,active
LBNCQOIXXC,batch-2,active
YK4474K00C,batch-2,active
2MJ5SXV52C,batch-2,active
Z7SJOWR7AL,batch-2,active
WBUDT09U6S,batch-2,active
69IWAUBHLF,batch-2,active
NSMCMGCARD,batch-2,active
15VIUZYGN1,batch-2,active
KV74OSWT62,batch-2,active
PRXTL1YVGO,batch-2,active
GFSY8R463O,batch-2,active
03Y7GGQKHX,batch-2,active
7ZNEBCTELY,batch-2,active
CNO73FL1TR,batch-2,active
GSKPHJZTJG,batch-2,active
4IHRV5WSKG,batch-2,active
C0G3DG6DDO,batch-2,active
NCDTH1AWN0,batch-2,active
CFO73MADBT,batch-2,active
WPZJIK811O,batch-2,active
RM8156N99K,batch-2,active
L8A3A3VH23,batch-2,active
XYS27ETGZI,batch-2,active
J008NJ6WEH,batch-2,active
KJ4AVURAG4,batch-2,active
B0EMVUUY9D,batch-2,active
E6YEJYFM45,batch-2,active
V3QVBPPE4F,batch-2,active
JI60WGZLLK,batch-2,active
Q1WLV4GMRN,batch-2,active
68731Y13H5,batch-2,active
34NO4AWQV6,batch-2,active
COTTLP8SBC,batch-2,active
KSQEBEI3MR,batch-2,active
KW6KQZW6O3,batch-2,active
N3X16E1B9P,batch-2,active
HNLLBE9HVT,batch-2,active
WECPKYWQG5,batch-2,active
XLA89OWYHH,batch-2,active
P4QZPRS49T,batch-2,active
SK6RR2L9MD,batch-2,active
SK490DCORS,batch-2,active
FOGMWNR4N5,batch-2,active
ZUMOYXCJAB,batch-2,active
MPPP5R1T16,batch-2,active
1M705KH7MB,batch-2,active
26RV8TZ73D,batch-2,active
F2RSGU6V3V,batch-2,active
LI14M5262L,batch-2,active
V5YP86S41K,batch-2,active
FMMX7HU3RH,batch-2,active
4K9N0YB6CF,batch-2,active
75XC9AJ36D,batch-2,active
R4J0ECM5WJ,batch-2,active
F4UKQ4GB3X,batch-2,active
M5S8NFUBEJ,batch-2,active
0R43LQUP60,batch-2,active
EEMZ8B3ISB,batch-2,active
M71UWHJ1PD,batch-2,active
DND12CY1DS,batch-2,active
M93M612DRR,batch-2,active
1XA5UD7V7A,batch-2,active
GSS0B1G23M,batch-2,active
KZVBSLM5Z1,batch-2,active
9F3PA8A5DI,batch-2,active
YJCXQ0BUZM,batch-2,active
5PSAHUDM28,batch-2,active
LFYPW5OAR5,batch-2,active
AST8FTIGGA,batch-2,active
OC3E58XC3G,batch-2,active
50PA06B39D,batch-2,active
CYVBA4F8N3,batch-2,active
BUAJ5P1NTB,batch-2,active
46WXM9511R,batch-2,active
AD4D5SKYSZ,batch-2,active
U0EMSZ4VEQ,batch-2,active
8ZWRRMPNFQ,batch-2,active
U6R49V9QLI,batch-2,active
8TDXCN8FYY,batch-2,active
Z3WFBHBVDO,batch-2,active
FGU5EMVIX4,batch-2,active
43RDS7RICG,batch-2,active
9NVAZSD3IE,batch-2,active
6XO2XE4BDY,batch-2,active
UATBU0WGKJ,batch-2,active
AGYU08QV46,batch-2,active
SQLJEPWJOO,batch-2,active
PTXL0SNMBZ,batch-2,active
JJ5K03S388,batch-2,active
VNZRFVW1M8,batch-2,active
DMR5V99E2R,batch-2,active
PES2BS7QGC,batch-2,active
L4ZK5GAZ2J,batch-2,active
X0OW33LLIB,batch-2,active
BAC0N4KBYP,batch-2,active
ANTJOY8OWB,batch-2,active
7JIG5KXXHI,batch-2,active
Q5JWRJW9YI,batch-2,active
MIXJGB34VV,batch-2,active
OAV0A8RAFS,batch-2,active
OFI70GNZ5J,batch-2,active
K9F34MF7S9,batch-2,active
K68GJK445X,batch-2,active
TJ7AJ8G8A7,batch-2,active
TFAAV87KN2,batch-2,active
B3T9A7WRHE,batch-2,active
T19WA2WXP5,batch-2,active
4US4WHAEML,batch-2,active
U38TM09O9B,batch-2,active
QJR8GK89PK,batch-2,active
HT4GSTT6T6,batch-2,active
B9JXG1DGXS,batch-2,active
IRDEYUY0EW,batch-2,active
J6O7HI8BJF,batch-2,active
0MPGLWODPM,batch-2,active
Q5THIO2JN3,batch-2,active
XKSUNJESAZ,batch-2,active
N8XSPKJWFF,batch-2,active
9C2ZYIK8O9,batch-2,active
L04DYFLANJ,batch-2,active
OFMVA5CXAO,batch-2,active
D5GHY1XVPJ,batch-2,active
LA4IG86WBZ,batch-2,active
QYJP6X9XFP,batch-2,active
9PY3MPCQOW,batch-2,active
VZWDKOHVQ8,batch-2,active
V9VYY31NY5,batch-2,active
UVTF39Z9AL,batch-2,active
OVQSJ7LNQQ,batch-2,active
OMJ2GOHPQ2,batch-2,active
9S0NB1QJVF,batch-2,active
TA2M6PF7LQ,batch-2,active
4UO6EJCJCA,batch-2,active
ZLI62WJDKT,batch-2,active
V1OE5K4M5I,batch-2,active
QZ3OF8639M,batch-2,active
23RA8JJHYQ,batch-2,active
WACB5JPJXZ,batch-2,active
L6QTQX8ZM6,batch-2,active
WLK62MLC1H,batch-2,active
47D9FUZUNA,batch-2,active
5C07QB2A4L,batch-2,active
C5ESJKG01C,batch-2,active
K9FWGQNB12,batch-2,active
FN1PTZAEGE,batch-2,active
DYCXQPUK22,batch-2,active
AKZHEV7C9B,batch-2,active
C3P08SY0M8,batch-2,active
SIHK4XTU7H,batch-2,active
2IXKXLZFJ7,batch-2,active
0A58GDZXZH,batch-2,active
RZ2QC1T4HV,batch-2,active
M47NCKEINX,batch-2,active
WQXX2FKIUO,batch-2,active
T1JAF9TG51,batch-2,active
A0BXWIMUAL,batch-2,active
HNIE16SEJ5,batch-2,active
WG85X6AJB7,batch-2,active
HT82L4V33Z,batch-2,active
1CDG8MUFF5,batch-2,active
49N73ZLOV0,batch-2,active
ZKW8WLGOC4,batch-2,active
EAGH5XB0W3,batch-2,active
G6ADG9PHNM,batch-2,active
LI85PSPUJ2,batch-2,active
Y922L3SVL4,batch-2,active
8V1BN53OWC,batch-2,active
ECVSD6I0Q1,batch-2,active
QTZY6L7VN9,batch-2,active
VJSB4STDS6,batch-2,active
EQGTPS4X8B,batch-2,active
01JME7L71W,batch-2,active
1ZDJ0BOD0C,batch-2,active
5TGSI1VI0F,batch-2,active
M5ISJBAGSJ,batch-2,active
T3LPPDNIQW,batch-2,active
OZT57N27ZM,batch-2,active
V8HOH1KO95,batch-2,active
IIL0H9WV9L,batch-2,active
ZDTTW0AMO4,batch-2,active
1DDZ3KEABH,batch-2,active
F6SBSNDGBP,batch-2,active
I38M0QQWJ0,batch-2,active
6YWRIZS1B1,batch-2,active
KACTPHUSXW,batch-2,active
C7YQJHU9AS,batch-2,active
VW0LOWN3IN,batch-2,active
YURFXTGEL0,batch-2,active
G0CQ187BEO,batch-2,active
UVSSMUBDYY,batch-2,active
Y1F0R6W3ER,batch-2,active
QKYQGZIN0R,batch-2,active
SFPTIX04WT,batch-2,active
2OJLA0U3WX,batch-2,active
YSX70MQEKK,batch-2,active
0OTQJM4ZR9,batch-2,active
2X640Q66VW,batch-2,active
PY10O5TX9N,batch-2,active
YWZEYGA7LV,batch-2,active
0NL1Z8USCL,batch-2,active
34BZ4OZBIC,batch-2,active
Q98RMR8P7R,batch-2,active
N1K9SLRGFW,batch-2,active
CJ6P4JDJ7G,batch-2,active
0TR1C27JSG,batch-2,active
G3HMJ3GV2A,batch-2,active
1MWBEA6Y9R,batch-2,active
QQN0GAI4OD,batch-2,active
IWBEYFVUX5,batch-2,active
KTL44P4UHD,batch-2,active
CT8SJ5VVHB,batch-2,active
E47VO0754P,batch-2,active
WWKKFPFF46,batch-2,active
3OYQ7TBZA9,batch-2,active
PG7FAFM46M,batch-2,active
8EZTOE1707,batch-2,active
3VQELX83U5,batch-2,active
